地狱 AI 续训 · gens=1000 games=24 pop=24 seed=20260913 workers=24
续训起点(当前地狱策略)：2.99,0.00,3.20,0.69,10.00,0.68,0.38,0.82,0.95,0.27,0.10,0.68,0.32,0.10,1.00,1.00,1.00,1.00,1.00,1.00,1.00,1.00,1.00,1.00,0.24,0.70,1.00,1.44,1.00,1.00,0.07,0.04,0.04,0.00,0.00,0.74,1.00,1.22,0.50,0.62,0.00,7.00
##TT##{"t":"phase","phase":"train","msg":"地狱 AI 续训开始 gens=1000 pop=24 games=24 workers=24"}
##TT##{"t":"gen","evals":192,"sec":23.5,"gen":0,"fit":0.7523,"fDef":0.7601,"fPB":0.9671,"fPush":0.7027,"fSelf":0.4902,"best":0.7523,"min":0.2592}
gen   0  top.fit=0.7523 (vsDef=0.760 vsPB=0.967 vsPush=0.703 vsSelf=0.490)  best=0.7523(续训)   [23.531s]
##TT##{"t":"gen","evals":384,"sec":47.5,"gen":1,"fit":0.7715,"fDef":0.78,"fPB":0.9636,"fPush":0.7096,"fSelf":0.5452,"best":0.7715,"min":0.4618}
##TT##{"t":"gen","evals":576,"sec":71.2,"gen":2,"fit":0.7651,"fDef":0.7837,"fPB":0.967,"fPush":0.6801,"fSelf":0.528,"best":0.7715,"min":0.4528}
##TT##{"t":"gen","evals":768,"sec":94.7,"gen":3,"fit":0.7869,"fDef":0.8131,"fPB":0.976,"fPush":0.7185,"fSelf":0.5504,"best":0.7869,"min":0.4899}
##TT##{"t":"gen","evals":960,"sec":117.6,"gen":4,"fit":0.7707,"fDef":0.7964,"fPB":0.9583,"fPush":0.7339,"fSelf":0.5195,"best":0.7869,"min":0.5163}
##TT##{"t":"gen","evals":1152,"sec":139.8,"gen":5,"fit":0.7738,"fDef":0.8087,"fPB":0.9706,"fPush":0.743,"fSelf":0.498,"best":0.7869,"min":0.361}
##TT##{"t":"gen","evals":1344,"sec":162.3,"gen":6,"fit":0.7798,"fDef":0.8148,"fPB":0.9496,"fPush":0.7173,"fSelf":0.5563,"best":0.7869,"min":0.5147}
##TT##{"t":"gen","evals":1536,"sec":184.4,"gen":7,"fit":0.794,"fDef":0.8477,"fPB":0.9089,"fPush":0.7507,"fSelf":0.6133,"best":0.794,"min":0.5208}
##TT##{"t":"gen","evals":1728,"sec":207.7,"gen":8,"fit":0.7743,"fDef":0.8544,"fPB":0.9249,"fPush":0.7472,"fSelf":0.512,"best":0.794,"min":0.5306}
##TT##{"t":"gen","evals":1920,"sec":231,"gen":9,"fit":0.7653,"fDef":0.8742,"fPB":0.9043,"fPush":0.7385,"fSelf":0.4889,"best":0.794,"min":0.489}
##TT##{"t":"gen","evals":2112,"sec":254.2,"gen":10,"fit":0.7762,"fDef":0.8425,"fPB":0.948,"fPush":0.7669,"fSelf":0.4902,"best":0.794,"min":0.5286}
gen  10  top.fit=0.7762 (vsDef=0.842 vsPB=0.948 vsPush=0.767 vsSelf=0.490)  best=0.7940  [254.198s]
##TT##{"t":"gen","evals":2304,"sec":277.4,"gen":11,"fit":0.7801,"fDef":0.8465,"fPB":0.9263,"fPush":0.7576,"fSelf":0.5346,"best":0.794,"min":0.3882}
##TT##{"t":"gen","evals":2496,"sec":299.9,"gen":12,"fit":0.7723,"fDef":0.8395,"fPB":0.8889,"fPush":0.7743,"fSelf":0.5517,"best":0.794,"min":0.5477}
##TT##{"t":"gen","evals":2688,"sec":323.1,"gen":13,"fit":0.807,"fDef":0.8493,"fPB":0.9135,"fPush":0.7917,"fSelf":0.6336,"best":0.807,"min":0.5257}
##TT##{"t":"gen","evals":2880,"sec":345.3,"gen":14,"fit":0.7932,"fDef":0.8684,"fPB":0.9263,"fPush":0.7968,"fSelf":0.5421,"best":0.807,"min":0.5546}
##TT##{"t":"gen","evals":3072,"sec":367.8,"gen":15,"fit":0.7883,"fDef":0.8585,"fPB":0.895,"fPush":0.8069,"fSelf":0.5684,"best":0.807,"min":0.4926}
##TT##{"t":"gen","evals":3264,"sec":390,"gen":16,"fit":0.7808,"fDef":0.8599,"fPB":0.9395,"fPush":0.7846,"fSelf":0.4922,"best":0.807,"min":0.4572}
##TT##{"t":"gen","evals":3456,"sec":412.4,"gen":17,"fit":0.8031,"fDef":0.8845,"fPB":0.9429,"fPush":0.8149,"fSelf":0.5324,"best":0.807,"min":0.4919}
##TT##{"t":"gen","evals":3648,"sec":435,"gen":18,"fit":0.813,"fDef":0.895,"fPB":0.9399,"fPush":0.8303,"fSelf":0.5559,"best":0.813,"min":0.4181}
##TT##{"t":"gen","evals":3840,"sec":458.1,"gen":19,"fit":0.7861,"fDef":0.8859,"fPB":0.9104,"fPush":0.8303,"fSelf":0.4997,"best":0.813,"min":0.5252}
##TT##{"t":"gen","evals":4032,"sec":481.3,"gen":20,"fit":0.7953,"fDef":0.894,"fPB":0.9345,"fPush":0.8404,"fSelf":0.4903,"best":0.813,"min":0.4193}
gen  20  top.fit=0.7953 (vsDef=0.894 vsPB=0.935 vsPush=0.840 vsSelf=0.490)  best=0.8130  [481.335s]
##TT##{"t":"gen","evals":4224,"sec":504.6,"gen":21,"fit":0.7948,"fDef":0.8919,"fPB":0.9153,"fPush":0.825,"fSelf":0.524,"best":0.813,"min":0.5586}
##TT##{"t":"gen","evals":4416,"sec":527.8,"gen":22,"fit":0.7984,"fDef":0.8889,"fPB":0.928,"fPush":0.8573,"fSelf":0.5069,"best":0.813,"min":0.4879}
##TT##{"t":"gen","evals":4608,"sec":551,"gen":23,"fit":0.8074,"fDef":0.8891,"fPB":0.9314,"fPush":0.8671,"fSelf":0.5316,"best":0.813,"min":0.4696}
##TT##{"t":"gen","evals":4800,"sec":574.6,"gen":24,"fit":0.802,"fDef":0.8995,"fPB":0.9218,"fPush":0.8448,"fSelf":0.5248,"best":0.813,"min":0.4891}
##TT##{"t":"gen","evals":4992,"sec":598.3,"gen":25,"fit":0.811,"fDef":0.8904,"fPB":0.9412,"fPush":0.8459,"fSelf":0.5425,"best":0.813,"min":0.433}
##TT##{"t":"gen","evals":5184,"sec":622.3,"gen":26,"fit":0.7975,"fDef":0.891,"fPB":0.9345,"fPush":0.8465,"fSelf":0.4986,"best":0.813,"min":0.536}
##TT##{"t":"gen","evals":5376,"sec":645.8,"gen":27,"fit":0.8079,"fDef":0.9026,"fPB":0.9445,"fPush":0.8381,"fSelf":0.5184,"best":0.813,"min":0.3058}
##TT##{"t":"gen","evals":5568,"sec":669,"gen":28,"fit":0.8053,"fDef":0.8831,"fPB":0.9446,"fPush":0.8573,"fSelf":0.5171,"best":0.813,"min":0.5762}
##TT##{"t":"gen","evals":5760,"sec":692.5,"gen":29,"fit":0.8041,"fDef":0.8742,"fPB":0.9345,"fPush":0.8504,"fSelf":0.5386,"best":0.813,"min":0.5121}
##TT##{"t":"gen","evals":5952,"sec":715.9,"gen":30,"fit":0.8026,"fDef":0.8934,"fPB":0.9204,"fPush":0.8553,"fSelf":0.5292,"best":0.813,"min":0.4628}
gen  30  top.fit=0.8026 (vsDef=0.893 vsPB=0.920 vsPush=0.855 vsSelf=0.529)  best=0.8130  [715.943s]
##TT##{"t":"gen","evals":6144,"sec":739.6,"gen":31,"fit":0.8012,"fDef":0.8836,"fPB":0.9412,"fPush":0.827,"fSelf":0.522,"best":0.813,"min":0.4317}
##TT##{"t":"gen","evals":6336,"sec":763.3,"gen":32,"fit":0.8082,"fDef":0.8919,"fPB":0.9379,"fPush":0.8289,"fSelf":0.5437,"best":0.813,"min":0.4921}
##TT##{"t":"gen","evals":6528,"sec":786.2,"gen":33,"fit":0.7953,"fDef":0.8985,"fPB":0.9167,"fPush":0.8615,"fSelf":0.4976,"best":0.813,"min":0.4088}
##TT##{"t":"gen","evals":6720,"sec":810,"gen":34,"fit":0.8167,"fDef":0.8981,"fPB":0.9395,"fPush":0.8629,"fSelf":0.5497,"best":0.8167,"min":0.41}
##TT##{"t":"gen","evals":6912,"sec":832.5,"gen":35,"fit":0.7944,"fDef":0.8966,"fPB":0.928,"fPush":0.8478,"fSelf":0.4888,"best":0.8167,"min":0.4927}
##TT##{"t":"gen","evals":7104,"sec":855.7,"gen":36,"fit":0.7953,"fDef":0.8965,"fPB":0.9531,"fPush":0.8276,"fSelf":0.4705,"best":0.8167,"min":0.4895}
##TT##{"t":"gen","evals":7296,"sec":879,"gen":37,"fit":0.7927,"fDef":0.8774,"fPB":0.9235,"fPush":0.829,"fSelf":0.5176,"best":0.8167,"min":0.4959}
##TT##{"t":"gen","evals":7488,"sec":902.4,"gen":38,"fit":0.7909,"fDef":0.898,"fPB":0.9073,"fPush":0.8493,"fSelf":0.5001,"best":0.8167,"min":0.4945}
##TT##{"t":"gen","evals":7680,"sec":924.9,"gen":39,"fit":0.8018,"fDef":0.8859,"fPB":0.943,"fPush":0.8633,"fSelf":0.4999,"best":0.8167,"min":0.4209}
##TT##{"t":"gen","evals":7872,"sec":948,"gen":40,"fit":0.7985,"fDef":0.9073,"fPB":0.9462,"fPush":0.8266,"fSelf":0.4813,"best":0.8167,"min":0.4482}
gen  40  top.fit=0.7985 (vsDef=0.907 vsPB=0.946 vsPush=0.827 vsSelf=0.481)  best=0.8167  [948.05s]
##TT##{"t":"gen","evals":8064,"sec":970.9,"gen":41,"fit":0.7991,"fDef":0.9135,"fPB":0.9151,"fPush":0.8658,"fSelf":0.4969,"best":0.8167,"min":0.4622}
##TT##{"t":"gen","evals":8256,"sec":994.6,"gen":42,"fit":0.8044,"fDef":0.8877,"fPB":0.9247,"fPush":0.8656,"fSelf":0.5308,"best":0.8167,"min":0.4448}
##TT##{"t":"gen","evals":8448,"sec":1018.1,"gen":43,"fit":0.8001,"fDef":0.8889,"fPB":0.9167,"fPush":0.8544,"fSelf":0.5296,"best":0.8167,"min":0.4262}
##TT##{"t":"gen","evals":8640,"sec":1041.4,"gen":44,"fit":0.8076,"fDef":0.9183,"fPB":0.925,"fPush":0.8454,"fSelf":0.523,"best":0.8167,"min":0.4656}
##TT##{"t":"gen","evals":8832,"sec":1063.8,"gen":45,"fit":0.7998,"fDef":0.9058,"fPB":0.9264,"fPush":0.837,"fSelf":0.5082,"best":0.8167,"min":0.6196}
##TT##{"t":"gen","evals":9024,"sec":1087.6,"gen":46,"fit":0.7921,"fDef":0.8771,"fPB":0.9072,"fPush":0.8329,"fSelf":0.5347,"best":0.8167,"min":0.475}
##TT##{"t":"gen","evals":9216,"sec":1110.6,"gen":47,"fit":0.8061,"fDef":0.8995,"fPB":0.9396,"fPush":0.8098,"fSelf":0.536,"best":0.8167,"min":0.5104}
##TT##{"t":"gen","evals":9408,"sec":1134.5,"gen":48,"fit":0.7985,"fDef":0.8744,"fPB":0.9429,"fPush":0.8545,"fSelf":0.5038,"best":0.8167,"min":0.5284}
##TT##{"t":"gen","evals":9600,"sec":1158.1,"gen":49,"fit":0.8041,"fDef":0.903,"fPB":0.9395,"fPush":0.8628,"fSelf":0.4965,"best":0.8167,"min":0.5477}
##TT##{"t":"gen","evals":9792,"sec":1182.2,"gen":50,"fit":0.805,"fDef":0.898,"fPB":0.9429,"fPush":0.8573,"fSelf":0.5035,"best":0.8167,"min":0.4583}
gen  50  top.fit=0.8050 (vsDef=0.898 vsPB=0.943 vsPush=0.857 vsSelf=0.503)  best=0.8167  [1182.244s]
##TT##{"t":"gen","evals":9984,"sec":1206.8,"gen":51,"fit":0.7879,"fDef":0.8773,"fPB":0.9233,"fPush":0.8121,"fSelf":0.5086,"best":0.8167,"min":0.3721}
##TT##{"t":"gen","evals":10176,"sec":1231.4,"gen":52,"fit":0.7995,"fDef":0.8832,"fPB":0.9378,"fPush":0.8383,"fSelf":0.5139,"best":0.8167,"min":0.4163}
##TT##{"t":"gen","evals":10368,"sec":1254.5,"gen":53,"fit":0.7973,"fDef":0.8935,"fPB":0.9367,"fPush":0.8656,"fSelf":0.4821,"best":0.8167,"min":0.5417}
##TT##{"t":"gen","evals":10560,"sec":1277.7,"gen":54,"fit":0.8023,"fDef":0.8997,"fPB":0.9362,"fPush":0.826,"fSelf":0.5171,"best":0.8167,"min":0.5166}
##TT##{"t":"gen","evals":10752,"sec":1301,"gen":55,"fit":0.7933,"fDef":0.8889,"fPB":0.9234,"fPush":0.8355,"fSelf":0.5048,"best":0.8167,"min":0.446}
##TT##{"t":"gen","evals":10944,"sec":1325,"gen":56,"fit":0.7929,"fDef":0.8919,"fPB":0.9635,"fPush":0.8165,"fSelf":0.4581,"best":0.8167,"min":0.4513}
##TT##{"t":"gen","evals":11136,"sec":1347.9,"gen":57,"fit":0.8023,"fDef":0.8934,"fPB":0.9264,"fPush":0.8587,"fSelf":0.5187,"best":0.8167,"min":0.5277}
##TT##{"t":"gen","evals":11328,"sec":1371.3,"gen":58,"fit":0.8001,"fDef":0.8889,"fPB":0.9267,"fPush":0.8384,"fSelf":0.5251,"best":0.8167,"min":0.5866}
##TT##{"t":"gen","evals":11520,"sec":1395.1,"gen":59,"fit":0.7934,"fDef":0.8934,"fPB":0.9104,"fPush":0.8308,"fSelf":0.5203,"best":0.8167,"min":0.4475}
##TT##{"t":"gen","evals":11712,"sec":1418.4,"gen":60,"fit":0.7949,"fDef":0.8907,"fPB":0.9135,"fPush":0.8516,"fSelf":0.5135,"best":0.8167,"min":0.4699}
gen  60  top.fit=0.7949 (vsDef=0.891 vsPB=0.914 vsPush=0.852 vsSelf=0.513)  best=0.8167  [1418.447s]
##TT##{"t":"gen","evals":11904,"sec":1441.6,"gen":61,"fit":0.8027,"fDef":0.8789,"fPB":0.9396,"fPush":0.8601,"fSelf":0.5165,"best":0.8167,"min":0.5633}
##TT##{"t":"gen","evals":12096,"sec":1466.1,"gen":62,"fit":0.8014,"fDef":0.9026,"fPB":0.9312,"fPush":0.8558,"fSelf":0.5013,"best":0.8167,"min":0.5162}
##TT##{"t":"gen","evals":12288,"sec":1490.9,"gen":63,"fit":0.8013,"fDef":0.8936,"fPB":0.9215,"fPush":0.8585,"fSelf":0.521,"best":0.8167,"min":0.475}
##TT##{"t":"gen","evals":12480,"sec":1515.4,"gen":64,"fit":0.8072,"fDef":0.9011,"fPB":0.9464,"fPush":0.8786,"fSelf":0.4927,"best":0.8167,"min":0.393}
##TT##{"t":"gen","evals":12672,"sec":1539.6,"gen":65,"fit":0.8034,"fDef":0.8936,"fPB":0.9445,"fPush":0.8757,"fSelf":0.4898,"best":0.8167,"min":0.4799}
##TT##{"t":"gen","evals":12864,"sec":1563.9,"gen":66,"fit":0.8017,"fDef":0.9167,"fPB":0.9119,"fPush":0.8432,"fSelf":0.5201,"best":0.8167,"min":0.5436}
##TT##{"t":"gen","evals":13056,"sec":1588,"gen":67,"fit":0.8124,"fDef":0.8965,"fPB":0.9412,"fPush":0.8381,"fSelf":0.5459,"best":0.8167,"min":0.3446}
##TT##{"t":"gen","evals":13248,"sec":1612,"gen":68,"fit":0.8054,"fDef":0.895,"fPB":0.9332,"fPush":0.8588,"fSelf":0.5201,"best":0.8167,"min":0.4691}
##TT##{"t":"gen","evals":13440,"sec":1636.5,"gen":69,"fit":0.8071,"fDef":0.8949,"fPB":0.9447,"fPush":0.841,"fSelf":0.5209,"best":0.8167,"min":0.4129}
##TT##{"t":"gen","evals":13632,"sec":1660.5,"gen":70,"fit":0.7969,"fDef":0.889,"fPB":0.9279,"fPush":0.8551,"fSelf":0.5021,"best":0.8167,"min":0.5217}
gen  70  top.fit=0.7969 (vsDef=0.889 vsPB=0.928 vsPush=0.855 vsSelf=0.502)  best=0.8167  [1660.478s]
##TT##{"t":"gen","evals":13824,"sec":1684.4,"gen":71,"fit":0.8057,"fDef":0.9002,"fPB":0.943,"fPush":0.8544,"fSelf":0.5054,"best":0.8167,"min":0.4272}
##TT##{"t":"gen","evals":14016,"sec":1708.6,"gen":72,"fit":0.7966,"fDef":0.8934,"fPB":0.9247,"fPush":0.8395,"fSelf":0.509,"best":0.8167,"min":0.4166}
##TT##{"t":"gen","evals":14208,"sec":1732.7,"gen":73,"fit":0.8137,"fDef":0.9167,"fPB":0.9159,"fPush":0.8771,"fSelf":0.5428,"best":0.8167,"min":0.484}
##TT##{"t":"gen","evals":14400,"sec":1757.1,"gen":74,"fit":0.8098,"fDef":0.8908,"fPB":0.9187,"fPush":0.8671,"fSelf":0.5554,"best":0.8167,"min":0.4545}
##TT##{"t":"gen","evals":14592,"sec":1780.9,"gen":75,"fit":0.8089,"fDef":0.9121,"fPB":0.9167,"fPush":0.8633,"fSelf":0.5354,"best":0.8167,"min":0.4149}
##TT##{"t":"gen","evals":14784,"sec":1804.6,"gen":76,"fit":0.8184,"fDef":0.9073,"fPB":0.9429,"fPush":0.8833,"fSelf":0.5317,"best":0.8184,"min":0.4786}
##TT##{"t":"gen","evals":14976,"sec":1828.5,"gen":77,"fit":0.8188,"fDef":0.9151,"fPB":0.9167,"fPush":0.8833,"fSelf":0.5598,"best":0.8188,"min":0.5493}
##TT##{"t":"gen","evals":15168,"sec":1851.3,"gen":78,"fit":0.7996,"fDef":0.9121,"fPB":0.9247,"fPush":0.8614,"fSelf":0.4905,"best":0.8188,"min":0.5277}
##TT##{"t":"gen","evals":15360,"sec":1874.6,"gen":79,"fit":0.8069,"fDef":0.9233,"fPB":0.9395,"fPush":0.8375,"fSelf":0.5006,"best":0.8188,"min":0.4423}
##TT##{"t":"gen","evals":15552,"sec":1896.6,"gen":80,"fit":0.8039,"fDef":0.8981,"fPB":0.9296,"fPush":0.8742,"fSelf":0.5074,"best":0.8188,"min":0.5359}
gen  80  top.fit=0.8039 (vsDef=0.898 vsPB=0.930 vsPush=0.874 vsSelf=0.507)  best=0.8188  [1896.644s]
##TT##{"t":"gen","evals":15744,"sec":1919.7,"gen":81,"fit":0.8051,"fDef":0.9151,"fPB":0.9332,"fPush":0.8713,"fSelf":0.492,"best":0.8188,"min":0.4607}
##TT##{"t":"gen","evals":15936,"sec":1942.5,"gen":82,"fit":0.8025,"fDef":0.9026,"fPB":0.9247,"fPush":0.8756,"fSelf":0.503,"best":0.8188,"min":0.4282}
##TT##{"t":"gen","evals":16128,"sec":1964.9,"gen":83,"fit":0.7991,"fDef":0.9012,"fPB":0.9432,"fPush":0.8622,"fSelf":0.4746,"best":0.8188,"min":0.3787}
##TT##{"t":"gen","evals":16320,"sec":1986.5,"gen":84,"fit":0.7972,"fDef":0.9026,"fPB":0.9088,"fPush":0.8966,"fSelf":0.4922,"best":0.8188,"min":0.3891}
##TT##{"t":"gen","evals":16512,"sec":2008.6,"gen":85,"fit":0.8058,"fDef":0.9183,"fPB":0.9297,"fPush":0.849,"fSelf":0.5081,"best":0.8188,"min":0.5675}
##TT##{"t":"gen","evals":16704,"sec":2030.8,"gen":86,"fit":0.8102,"fDef":0.9104,"fPB":0.9395,"fPush":0.8786,"fSelf":0.5041,"best":0.8188,"min":0.3603}
##TT##{"t":"gen","evals":16896,"sec":2052.6,"gen":87,"fit":0.8048,"fDef":0.9264,"fPB":0.9072,"fPush":0.8742,"fSelf":0.5119,"best":0.8188,"min":0.4644}
##TT##{"t":"gen","evals":17088,"sec":2074.2,"gen":88,"fit":0.804,"fDef":0.9043,"fPB":0.967,"fPush":0.8642,"fSelf":0.4581,"best":0.8188,"min":0.474}
##TT##{"t":"gen","evals":17280,"sec":2096.2,"gen":89,"fit":0.8042,"fDef":0.92,"fPB":0.9263,"fPush":0.8355,"fSelf":0.512,"best":0.8188,"min":0.4533}
##TT##{"t":"gen","evals":17472,"sec":2117.7,"gen":90,"fit":0.7975,"fDef":0.8986,"fPB":0.9531,"fPush":0.882,"fSelf":0.4474,"best":0.8188,"min":0.3353}
gen  90  top.fit=0.7975 (vsDef=0.899 vsPB=0.953 vsPush=0.882 vsSelf=0.447)  best=0.8188  [2117.69s]
##TT##{"t":"gen","evals":17664,"sec":2139.3,"gen":91,"fit":0.7971,"fDef":0.8935,"fPB":0.9706,"fPush":0.8786,"fSelf":0.4298,"best":0.8188,"min":0.4246}
##TT##{"t":"gen","evals":17856,"sec":2161.9,"gen":92,"fit":0.7994,"fDef":0.9073,"fPB":0.9154,"fPush":0.8756,"fSelf":0.4989,"best":0.8188,"min":0.4873}
##TT##{"t":"gen","evals":18048,"sec":2183.6,"gen":93,"fit":0.8022,"fDef":0.8919,"fPB":0.9618,"fPush":0.8935,"fSelf":0.4544,"best":0.8188,"min":0.5099}
##TT##{"t":"gen","evals":18240,"sec":2205.5,"gen":94,"fit":0.8074,"fDef":0.9247,"fPB":0.928,"fPush":0.88,"fSelf":0.4931,"best":0.8188,"min":0.4388}
##TT##{"t":"gen","evals":18432,"sec":2227.8,"gen":95,"fit":0.8043,"fDef":0.9199,"fPB":0.967,"fPush":0.8713,"fSelf":0.4398,"best":0.8188,"min":0.5221}
##TT##{"t":"gen","evals":18624,"sec":2251,"gen":96,"fit":0.8146,"fDef":0.8964,"fPB":0.9549,"fPush":0.8865,"fSelf":0.5106,"best":0.8188,"min":0.4378}
##TT##{"t":"gen","evals":18816,"sec":2273.2,"gen":97,"fit":0.8072,"fDef":0.9299,"fPB":0.9346,"fPush":0.8504,"fSelf":0.4948,"best":0.8188,"min":0.4283}
##TT##{"t":"gen","evals":19008,"sec":2294.4,"gen":98,"fit":0.8083,"fDef":0.9264,"fPB":0.933,"fPush":0.8713,"fSelf":0.4932,"best":0.8188,"min":0.4937}
##TT##{"t":"gen","evals":19200,"sec":2316.9,"gen":99,"fit":0.8097,"fDef":0.9057,"fPB":0.9498,"fPush":0.8567,"fSelf":0.5054,"best":0.8188,"min":0.5307}
##TT##{"t":"gen","evals":19392,"sec":2337.7,"gen":100,"fit":0.8143,"fDef":0.9215,"fPB":0.9362,"fPush":0.8743,"fSelf":0.5156,"best":0.8188,"min":0.465}
gen 100  top.fit=0.8143 (vsDef=0.921 vsPB=0.936 vsPush=0.874 vsSelf=0.516)  best=0.8188  [2337.733s]
##TT##{"t":"gen","evals":19584,"sec":2359.5,"gen":101,"fit":0.8068,"fDef":0.9215,"fPB":0.9231,"fPush":0.8545,"fSelf":0.5144,"best":0.8188,"min":0.3826}
##TT##{"t":"gen","evals":19776,"sec":2380.9,"gen":102,"fit":0.8033,"fDef":0.9296,"fPB":0.9183,"fPush":0.867,"fSelf":0.4924,"best":0.8188,"min":0.477}
##TT##{"t":"gen","evals":19968,"sec":2403,"gen":103,"fit":0.8051,"fDef":0.92,"fPB":0.9481,"fPush":0.8904,"fSelf":0.4571,"best":0.8188,"min":0.5095}
##TT##{"t":"gen","evals":20160,"sec":2425.8,"gen":104,"fit":0.8033,"fDef":0.9042,"fPB":0.9602,"fPush":0.8571,"fSelf":0.4683,"best":0.8188,"min":0.3644}
##TT##{"t":"gen","evals":20352,"sec":2447.5,"gen":105,"fit":0.7999,"fDef":0.9174,"fPB":0.9618,"fPush":0.8685,"fSelf":0.4338,"best":0.8188,"min":0.4359}
##TT##{"t":"gen","evals":20544,"sec":2469.2,"gen":106,"fit":0.8131,"fDef":0.9151,"fPB":0.9743,"fPush":0.8831,"fSelf":0.4628,"best":0.8188,"min":0.4024}
##TT##{"t":"gen","evals":20736,"sec":2490.7,"gen":107,"fit":0.8034,"fDef":0.912,"fPB":0.9345,"fPush":0.8787,"fSelf":0.4827,"best":0.8188,"min":0.3354}
##TT##{"t":"gen","evals":20928,"sec":2512.5,"gen":108,"fit":0.8034,"fDef":0.9151,"fPB":0.9498,"fPush":0.883,"fSelf":0.4573,"best":0.8188,"min":0.5325}
##TT##{"t":"gen","evals":21120,"sec":2534.4,"gen":109,"fit":0.8074,"fDef":0.9058,"fPB":0.9362,"fPush":0.8595,"fSelf":0.5126,"best":0.8188,"min":0.497}
##TT##{"t":"gen","evals":21312,"sec":2555.7,"gen":110,"fit":0.8039,"fDef":0.8982,"fPB":0.976,"fPush":0.8757,"fSelf":0.4457,"best":0.8188,"min":0.4237}
gen 110  top.fit=0.8039 (vsDef=0.898 vsPB=0.976 vsPush=0.876 vsSelf=0.446)  best=0.8188  [2555.687s]
##TT##{"t":"gen","evals":21504,"sec":2577,"gen":111,"fit":0.8031,"fDef":0.9011,"fPB":0.9312,"fPush":0.8757,"fSelf":0.4983,"best":0.8188,"min":0.5855}
##TT##{"t":"gen","evals":21696,"sec":2598.3,"gen":112,"fit":0.8083,"fDef":0.9168,"fPB":0.9618,"fPush":0.8685,"fSelf":0.4664,"best":0.8188,"min":0.4232}
##TT##{"t":"gen","evals":21888,"sec":2619.9,"gen":113,"fit":0.802,"fDef":0.9004,"fPB":0.9724,"fPush":0.8819,"fSelf":0.4378,"best":0.8188,"min":0.4745}
##TT##{"t":"gen","evals":22080,"sec":2641.8,"gen":114,"fit":0.8057,"fDef":0.9121,"fPB":0.9312,"fPush":0.8772,"fSelf":0.4964,"best":0.8188,"min":0.4656}
##TT##{"t":"gen","evals":22272,"sec":2663.7,"gen":115,"fit":0.8078,"fDef":0.9395,"fPB":0.9297,"fPush":0.892,"fSelf":0.4714,"best":0.8188,"min":0.5194}
##TT##{"t":"gen","evals":22464,"sec":2686.7,"gen":116,"fit":0.8006,"fDef":0.9028,"fPB":0.9298,"fPush":0.8787,"fSelf":0.4875,"best":0.8188,"min":0.4846}
##TT##{"t":"gen","evals":22656,"sec":2709,"gen":117,"fit":0.8059,"fDef":0.9217,"fPB":0.9168,"fPush":0.8837,"fSelf":0.5033,"best":0.8188,"min":0.4247}
##TT##{"t":"gen","evals":22848,"sec":2731.9,"gen":118,"fit":0.8047,"fDef":0.9103,"fPB":0.9264,"fPush":0.8801,"fSelf":0.4994,"best":0.8188,"min":0.4887}
##TT##{"t":"gen","evals":23040,"sec":2754.2,"gen":119,"fit":0.8102,"fDef":0.9184,"fPB":0.9282,"fPush":0.8516,"fSelf":0.5253,"best":0.8188,"min":0.3282}
##TT##{"t":"gen","evals":23232,"sec":2776.3,"gen":120,"fit":0.801,"fDef":0.9264,"fPB":0.9479,"fPush":0.8656,"fSelf":0.4485,"best":0.8188,"min":0.4605}
gen 120  top.fit=0.8010 (vsDef=0.926 vsPB=0.948 vsPush=0.866 vsSelf=0.449)  best=0.8188  [2776.275s]
##TT##{"t":"gen","evals":23424,"sec":2798.2,"gen":121,"fit":0.8026,"fDef":0.9026,"fPB":0.9151,"fPush":0.8572,"fSelf":0.5261,"best":0.8188,"min":0.4755}
##TT##{"t":"gen","evals":23616,"sec":2820.2,"gen":122,"fit":0.801,"fDef":0.9059,"fPB":0.928,"fPush":0.869,"fSelf":0.4934,"best":0.8188,"min":0.4484}
##TT##{"t":"gen","evals":23808,"sec":2841.8,"gen":123,"fit":0.8058,"fDef":0.9121,"fPB":0.9296,"fPush":0.8804,"fSelf":0.4973,"best":0.8188,"min":0.4933}
##TT##{"t":"gen","evals":24000,"sec":2863.9,"gen":124,"fit":0.8062,"fDef":0.9119,"fPB":0.9635,"fPush":0.8558,"fSelf":0.4681,"best":0.8188,"min":0.5364}
##TT##{"t":"gen","evals":24192,"sec":2885.8,"gen":125,"fit":0.8057,"fDef":0.9279,"fPB":0.9481,"fPush":0.8665,"fSelf":0.4643,"best":0.8188,"min":0.3676}
##TT##{"t":"gen","evals":24384,"sec":2908.1,"gen":126,"fit":0.8074,"fDef":0.9167,"fPB":0.9248,"fPush":0.8904,"fSelf":0.5,"best":0.8188,"min":0.4093}
##TT##{"t":"gen","evals":24576,"sec":2930.6,"gen":127,"fit":0.7962,"fDef":0.8786,"fPB":0.9183,"fPush":0.8727,"fSelf":0.513,"best":0.8188,"min":0.4781}
##TT##{"t":"gen","evals":24768,"sec":2952.1,"gen":128,"fit":0.7891,"fDef":0.9083,"fPB":0.9363,"fPush":0.883,"fSelf":0.4269,"best":0.8188,"min":0.3533}
##TT##{"t":"gen","evals":24960,"sec":2974.4,"gen":129,"fit":0.8045,"fDef":0.92,"fPB":0.9233,"fPush":0.8787,"fSelf":0.4937,"best":0.8188,"min":0.4119}
##TT##{"t":"gen","evals":25152,"sec":2997,"gen":130,"fit":0.7957,"fDef":0.9059,"fPB":0.9514,"fPush":0.8644,"fSelf":0.4449,"best":0.8188,"min":0.4667}
gen 130  top.fit=0.7957 (vsDef=0.906 vsPB=0.951 vsPush=0.864 vsSelf=0.445)  best=0.8188  [2997.027s]
##TT##{"t":"gen","evals":25344,"sec":3020.1,"gen":131,"fit":0.8023,"fDef":0.9081,"fPB":0.9413,"fPush":0.8921,"fSelf":0.4664,"best":0.8188,"min":0.4471}
##TT##{"t":"gen","evals":25536,"sec":3044.5,"gen":132,"fit":0.8114,"fDef":0.8951,"fPB":0.9618,"fPush":0.8875,"fSelf":0.4899,"best":0.8188,"min":0.516}
##TT##{"t":"gen","evals":25728,"sec":3067.7,"gen":133,"fit":0.8123,"fDef":0.9199,"fPB":0.9497,"fPush":0.8677,"fSelf":0.4951,"best":0.8188,"min":0.5257}
##TT##{"t":"gen","evals":25920,"sec":3090.5,"gen":134,"fit":0.7977,"fDef":0.9026,"fPB":0.969,"fPush":0.8699,"fSelf":0.43,"best":0.8188,"min":0.4098}
##TT##{"t":"gen","evals":26112,"sec":3113.9,"gen":135,"fit":0.8046,"fDef":0.9041,"fPB":0.9191,"fPush":0.8815,"fSelf":0.5142,"best":0.8188,"min":0.4108}
##TT##{"t":"gen","evals":26304,"sec":3137.6,"gen":136,"fit":0.8161,"fDef":0.9218,"fPB":0.9414,"fPush":0.8874,"fSelf":0.5081,"best":0.8188,"min":0.4848}
##TT##{"t":"gen","evals":26496,"sec":3159.6,"gen":137,"fit":0.8142,"fDef":0.9264,"fPB":0.9706,"fPush":0.8505,"fSelf":0.478,"best":0.8188,"min":0.6647}
##TT##{"t":"gen","evals":26688,"sec":3183.7,"gen":138,"fit":0.8078,"fDef":0.9064,"fPB":0.9247,"fPush":0.8763,"fSelf":0.5193,"best":0.8188,"min":0.475}
##TT##{"t":"gen","evals":26880,"sec":3207.8,"gen":139,"fit":0.8103,"fDef":0.9161,"fPB":0.9496,"fPush":0.8448,"fSelf":0.5036,"best":0.8188,"min":0.3978}
##TT##{"t":"gen","evals":27072,"sec":3231.2,"gen":140,"fit":0.8105,"fDef":0.9136,"fPB":0.9379,"fPush":0.8777,"fSelf":0.5047,"best":0.8188,"min":0.4308}
gen 140  top.fit=0.8105 (vsDef=0.914 vsPB=0.938 vsPush=0.878 vsSelf=0.505)  best=0.8188  [3231.229s]
##TT##{"t":"gen","evals":27264,"sec":3253.8,"gen":141,"fit":0.807,"fDef":0.9072,"fPB":0.9481,"fPush":0.8685,"fSelf":0.4891,"best":0.8188,"min":0.4462}
##TT##{"t":"gen","evals":27456,"sec":3276,"gen":142,"fit":0.8142,"fDef":0.925,"fPB":0.9464,"fPush":0.8406,"fSelf":0.5163,"best":0.8188,"min":0.5259}
##TT##{"t":"gen","evals":27648,"sec":3298.1,"gen":143,"fit":0.8073,"fDef":0.9151,"fPB":0.9364,"fPush":0.876,"fSelf":0.4937,"best":0.8188,"min":0.5476}
##TT##{"t":"gen","evals":27840,"sec":3320.1,"gen":144,"fit":0.8139,"fDef":0.9151,"fPB":0.9496,"fPush":0.8481,"fSelf":0.5166,"best":0.8188,"min":0.3717}
##TT##{"t":"gen","evals":28032,"sec":3342.4,"gen":145,"fit":0.8104,"fDef":0.9077,"fPB":0.9345,"fPush":0.9041,"fSelf":0.5004,"best":0.8188,"min":0.5254}
##TT##{"t":"gen","evals":28224,"sec":3365.3,"gen":146,"fit":0.802,"fDef":0.8996,"fPB":0.9462,"fPush":0.86,"fSelf":0.4844,"best":0.8188,"min":0.4841}
##TT##{"t":"gen","evals":28416,"sec":3387.7,"gen":147,"fit":0.8136,"fDef":0.9135,"fPB":0.9533,"fPush":0.8551,"fSelf":0.5087,"best":0.8188,"min":0.5289}
##TT##{"t":"gen","evals":28608,"sec":3409.8,"gen":148,"fit":0.821,"fDef":0.9151,"fPB":0.9451,"fPush":0.8785,"fSelf":0.5335,"best":0.821,"min":0.4149}
##TT##{"t":"gen","evals":28800,"sec":3432.5,"gen":149,"fit":0.8099,"fDef":0.9378,"fPB":0.9516,"fPush":0.8656,"fSelf":0.4667,"best":0.821,"min":0.5443}
##TT##{"t":"gen","evals":28992,"sec":3455.2,"gen":150,"fit":0.8032,"fDef":0.909,"fPB":0.9345,"fPush":0.87,"fSelf":0.4898,"best":0.821,"min":0.5574}
gen 150  top.fit=0.8032 (vsDef=0.909 vsPB=0.935 vsPush=0.870 vsSelf=0.490)  best=0.8210  [3455.208s]
##TT##{"t":"gen","evals":29184,"sec":3477.8,"gen":151,"fit":0.8119,"fDef":0.9103,"fPB":0.9565,"fPush":0.8369,"fSelf":0.511,"best":0.821,"min":0.4355}
##TT##{"t":"gen","evals":29376,"sec":3500.7,"gen":152,"fit":0.8055,"fDef":0.8995,"fPB":0.9396,"fPush":0.8662,"fSelf":0.5036,"best":0.821,"min":0.5176}
##TT##{"t":"gen","evals":29568,"sec":3524.6,"gen":153,"fit":0.814,"fDef":0.9248,"fPB":0.9395,"fPush":0.8643,"fSelf":0.5121,"best":0.821,"min":0.4388}
##TT##{"t":"gen","evals":29760,"sec":3547.8,"gen":154,"fit":0.8146,"fDef":0.9119,"fPB":0.9448,"fPush":0.8685,"fSelf":0.518,"best":0.821,"min":0.467}
##TT##{"t":"gen","evals":29952,"sec":3571.5,"gen":155,"fit":0.8083,"fDef":0.9058,"fPB":0.9136,"fPush":0.8889,"fSelf":0.5297,"best":0.821,"min":0.5262}
##TT##{"t":"gen","evals":30144,"sec":3594.9,"gen":156,"fit":0.8113,"fDef":0.9167,"fPB":0.9429,"fPush":0.8558,"fSelf":0.5101,"best":0.821,"min":0.5128}
##TT##{"t":"gen","evals":30336,"sec":3618,"gen":157,"fit":0.8172,"fDef":0.9223,"fPB":0.9514,"fPush":0.882,"fSelf":0.5018,"best":0.821,"min":0.4345}
##TT##{"t":"gen","evals":30528,"sec":3640.4,"gen":158,"fit":0.8046,"fDef":0.9151,"fPB":0.9264,"fPush":0.8713,"fSelf":0.4988,"best":0.821,"min":0.6281}
##TT##{"t":"gen","evals":30720,"sec":3664.6,"gen":159,"fit":0.8136,"fDef":0.9135,"fPB":0.9379,"fPush":0.8643,"fSelf":0.5238,"best":0.821,"min":0.4736}
##TT##{"t":"gen","evals":30912,"sec":3687.6,"gen":160,"fit":0.8093,"fDef":0.9092,"fPB":0.9445,"fPush":0.8502,"fSelf":0.5105,"best":0.821,"min":0.5241}
gen 160  top.fit=0.8093 (vsDef=0.909 vsPB=0.945 vsPush=0.850 vsSelf=0.510)  best=0.8210  [3687.6s]
##TT##{"t":"gen","evals":31104,"sec":3711.3,"gen":161,"fit":0.8073,"fDef":0.8874,"fPB":0.9216,"fPush":0.8847,"fSelf":0.5362,"best":0.821,"min":0.3523}
##TT##{"t":"gen","evals":31296,"sec":3734.3,"gen":162,"fit":0.8107,"fDef":0.9119,"fPB":0.9429,"fPush":0.8787,"fSelf":0.5,"best":0.821,"min":0.4994}
##TT##{"t":"gen","evals":31488,"sec":3757,"gen":163,"fit":0.8088,"fDef":0.9119,"fPB":0.928,"fPush":0.8449,"fSelf":0.5304,"best":0.821,"min":0.5725}
##TT##{"t":"gen","evals":31680,"sec":3780.6,"gen":164,"fit":0.8097,"fDef":0.933,"fPB":0.9412,"fPush":0.8613,"fSelf":0.4868,"best":0.821,"min":0.4921}
##TT##{"t":"gen","evals":31872,"sec":3803.7,"gen":165,"fit":0.8125,"fDef":0.892,"fPB":0.9497,"fPush":0.8934,"fSelf":0.51,"best":0.821,"min":0.4069}
##TT##{"t":"gen","evals":32064,"sec":3827.3,"gen":166,"fit":0.8086,"fDef":0.9044,"fPB":0.9429,"fPush":0.8642,"fSelf":0.5073,"best":0.821,"min":0.3583}
##TT##{"t":"gen","evals":32256,"sec":3850.6,"gen":167,"fit":0.8107,"fDef":0.9119,"fPB":0.943,"fPush":0.8644,"fSelf":0.5073,"best":0.821,"min":0.4988}
##TT##{"t":"gen","evals":32448,"sec":3874.9,"gen":168,"fit":0.8061,"fDef":0.9183,"fPB":0.9532,"fPush":0.88,"fSelf":0.4617,"best":0.821,"min":0.4799}
##TT##{"t":"gen","evals":32640,"sec":3899.5,"gen":169,"fit":0.8053,"fDef":0.9296,"fPB":0.9362,"fPush":0.8561,"fSelf":0.4824,"best":0.821,"min":0.3737}
##TT##{"t":"gen","evals":32832,"sec":3922.6,"gen":170,"fit":0.8033,"fDef":0.898,"fPB":0.9412,"fPush":0.8786,"fSelf":0.4877,"best":0.821,"min":0.4923}
gen 170  top.fit=0.8033 (vsDef=0.898 vsPB=0.941 vsPush=0.879 vsSelf=0.488)  best=0.8210  [3922.568s]
##TT##{"t":"gen","evals":33024,"sec":3946.5,"gen":171,"fit":0.809,"fDef":0.9135,"fPB":0.93,"fPush":0.8819,"fSelf":0.5071,"best":0.821,"min":0.4821}
##TT##{"t":"gen","evals":33216,"sec":3970.8,"gen":172,"fit":0.8162,"fDef":0.9043,"fPB":0.9618,"fPush":0.8904,"fSelf":0.4976,"best":0.821,"min":0.4079}
##TT##{"t":"gen","evals":33408,"sec":3994.6,"gen":173,"fit":0.8077,"fDef":0.9154,"fPB":0.9345,"fPush":0.8572,"fSelf":0.5076,"best":0.821,"min":0.4661}
##TT##{"t":"gen","evals":33600,"sec":4017.5,"gen":174,"fit":0.8116,"fDef":0.9088,"fPB":0.9312,"fPush":0.8756,"fSelf":0.5235,"best":0.821,"min":0.5321}
##TT##{"t":"gen","evals":33792,"sec":4040.4,"gen":175,"fit":0.8078,"fDef":0.9026,"fPB":0.9379,"fPush":0.8889,"fSelf":0.4993,"best":0.821,"min":0.4623}
##TT##{"t":"gen","evals":33984,"sec":4064.5,"gen":176,"fit":0.8049,"fDef":0.9104,"fPB":0.928,"fPush":0.883,"fSelf":0.4963,"best":0.821,"min":0.4341}
##TT##{"t":"gen","evals":34176,"sec":4088,"gen":177,"fit":0.8109,"fDef":0.9119,"fPB":0.9199,"fPush":0.8727,"fSelf":0.534,"best":0.821,"min":0.3933}
##TT##{"t":"gen","evals":34368,"sec":4112.4,"gen":178,"fit":0.8088,"fDef":0.8986,"fPB":0.9316,"fPush":0.8862,"fSelf":0.5167,"best":0.821,"min":0.4553}
##TT##{"t":"gen","evals":34560,"sec":4136.2,"gen":179,"fit":0.8142,"fDef":0.9247,"fPB":0.9396,"fPush":0.8614,"fSelf":0.5143,"best":0.821,"min":0.3951}
##TT##{"t":"gen","evals":34752,"sec":4159.3,"gen":180,"fit":0.8079,"fDef":0.9072,"fPB":0.9497,"fPush":0.8771,"fSelf":0.4861,"best":0.821,"min":0.4382}
gen 180  top.fit=0.8079 (vsDef=0.907 vsPB=0.950 vsPush=0.877 vsSelf=0.486)  best=0.8210  [4159.318s]
##TT##{"t":"gen","evals":34944,"sec":4182.5,"gen":181,"fit":0.8045,"fDef":0.9119,"fPB":0.9296,"fPush":0.8614,"fSelf":0.5028,"best":0.821,"min":0.4632}
##TT##{"t":"gen","evals":35136,"sec":4206.2,"gen":182,"fit":0.8118,"fDef":0.9199,"fPB":0.9583,"fPush":0.8614,"fSelf":0.4856,"best":0.821,"min":0.4014}
##TT##{"t":"gen","evals":35328,"sec":4229.8,"gen":183,"fit":0.8122,"fDef":0.9057,"fPB":0.9498,"fPush":0.8728,"fSelf":0.5062,"best":0.821,"min":0.5043}
##TT##{"t":"gen","evals":35520,"sec":4253.4,"gen":184,"fit":0.8098,"fDef":0.9142,"fPB":0.9414,"fPush":0.878,"fSelf":0.4967,"best":0.821,"min":0.3262}
##TT##{"t":"gen","evals":35712,"sec":4276.6,"gen":185,"fit":0.8231,"fDef":0.9265,"fPB":0.9566,"fPush":0.8643,"fSelf":0.523,"best":0.8231,"min":0.4797}
##TT##{"t":"gen","evals":35904,"sec":4299.6,"gen":186,"fit":0.7999,"fDef":0.909,"fPB":0.9362,"fPush":0.8558,"fSelf":0.4824,"best":0.8231,"min":0.4893}
##TT##{"t":"gen","evals":36096,"sec":4322.4,"gen":187,"fit":0.7979,"fDef":0.9104,"fPB":0.9203,"fPush":0.8727,"fSelf":0.4852,"best":0.8231,"min":0.4804}
##TT##{"t":"gen","evals":36288,"sec":4344.9,"gen":188,"fit":0.8097,"fDef":0.9151,"fPB":0.9497,"fPush":0.8773,"fSelf":0.4849,"best":0.8231,"min":0.5182}
##TT##{"t":"gen","evals":36480,"sec":4367.3,"gen":189,"fit":0.8146,"fDef":0.8988,"fPB":0.9462,"fPush":0.886,"fSelf":0.5199,"best":0.8231,"min":0.4963}
##TT##{"t":"gen","evals":36672,"sec":4389.9,"gen":190,"fit":0.8134,"fDef":0.8919,"fPB":0.9584,"fPush":0.8614,"fSelf":0.5195,"best":0.8231,"min":0.4315}
gen 190  top.fit=0.8134 (vsDef=0.892 vsPB=0.958 vsPush=0.861 vsSelf=0.520)  best=0.8231  [4389.85s]
##TT##{"t":"gen","evals":36864,"sec":4412.8,"gen":191,"fit":0.8018,"fDef":0.9104,"fPB":0.9347,"fPush":0.8785,"fSelf":0.4783,"best":0.8231,"min":0.4026}
##TT##{"t":"gen","evals":37056,"sec":4436.5,"gen":192,"fit":0.8082,"fDef":0.9282,"fPB":0.9465,"fPush":0.8628,"fSelf":0.478,"best":0.8231,"min":0.3117}
##TT##{"t":"gen","evals":37248,"sec":4459.7,"gen":193,"fit":0.806,"fDef":0.9153,"fPB":0.9565,"fPush":0.8561,"fSelf":0.4728,"best":0.8231,"min":0.4701}
##TT##{"t":"gen","evals":37440,"sec":4482.6,"gen":194,"fit":0.8038,"fDef":0.9135,"fPB":0.9379,"fPush":0.9057,"fSelf":0.4637,"best":0.8231,"min":0.4032}
##TT##{"t":"gen","evals":37632,"sec":4505.7,"gen":195,"fit":0.8131,"fDef":0.9247,"fPB":0.948,"fPush":0.8727,"fSelf":0.493,"best":0.8231,"min":0.3951}
##TT##{"t":"gen","evals":37824,"sec":4527.9,"gen":196,"fit":0.8092,"fDef":0.928,"fPB":0.9247,"fPush":0.8834,"fSelf":0.4996,"best":0.8231,"min":0.3746}
##TT##{"t":"gen","evals":38016,"sec":4550.1,"gen":197,"fit":0.8128,"fDef":0.9233,"fPB":0.9514,"fPush":0.8623,"fSelf":0.4943,"best":0.8231,"min":0.4963}
##TT##{"t":"gen","evals":38208,"sec":4572.9,"gen":198,"fit":0.8107,"fDef":0.9263,"fPB":0.9296,"fPush":0.8919,"fSelf":0.4959,"best":0.8231,"min":0.431}
##TT##{"t":"gen","evals":38400,"sec":4596.2,"gen":199,"fit":0.8101,"fDef":0.9027,"fPB":0.9429,"fPush":0.8602,"fSelf":0.5169,"best":0.8231,"min":0.4471}
##TT##{"t":"gen","evals":38592,"sec":4619.6,"gen":200,"fit":0.8067,"fDef":0.9215,"fPB":0.9247,"fPush":0.8569,"fSelf":0.5107,"best":0.8231,"min":0.4993}
gen 200  top.fit=0.8067 (vsDef=0.921 vsPB=0.925 vsPush=0.857 vsSelf=0.511)  best=0.8231  [4619.588s]
##TT##{"t":"gen","evals":38784,"sec":4641.9,"gen":201,"fit":0.8149,"fDef":0.9183,"fPB":0.9369,"fPush":0.8952,"fSelf":0.5089,"best":0.8231,"min":0.5652}
##TT##{"t":"gen","evals":38976,"sec":4664.7,"gen":202,"fit":0.8134,"fDef":0.9266,"fPB":0.9395,"fPush":0.8642,"fSelf":0.5078,"best":0.8231,"min":0.4646}
##TT##{"t":"gen","evals":39168,"sec":4686.7,"gen":203,"fit":0.8106,"fDef":0.9042,"fPB":0.9362,"fPush":0.8713,"fSelf":0.5201,"best":0.8231,"min":0.6073}
##TT##{"t":"gen","evals":39360,"sec":4709.7,"gen":204,"fit":0.8133,"fDef":0.9136,"fPB":0.9395,"fPush":0.8645,"fSelf":0.5203,"best":0.8231,"min":0.5308}
##TT##{"t":"gen","evals":39552,"sec":4732.3,"gen":205,"fit":0.8123,"fDef":0.9395,"fPB":0.9119,"fPush":0.901,"fSelf":0.5072,"best":0.8231,"min":0.5486}
##TT##{"t":"gen","evals":39744,"sec":4754.5,"gen":206,"fit":0.8106,"fDef":0.9248,"fPB":0.9395,"fPush":0.8756,"fSelf":0.493,"best":0.8231,"min":0.4864}
##TT##{"t":"gen","evals":39936,"sec":4777.6,"gen":207,"fit":0.8086,"fDef":0.8996,"fPB":0.9362,"fPush":0.8462,"fSelf":0.5304,"best":0.8231,"min":0.4771}
##TT##{"t":"gen","evals":40128,"sec":4800.6,"gen":208,"fit":0.8062,"fDef":0.9119,"fPB":0.9378,"fPush":0.8394,"fSelf":0.5103,"best":0.8231,"min":0.5261}
##TT##{"t":"gen","evals":40320,"sec":4822.5,"gen":209,"fit":0.815,"fDef":0.9041,"fPB":0.9329,"fPush":0.8731,"fSelf":0.5403,"best":0.8231,"min":0.4128}
##TT##{"t":"gen","evals":40512,"sec":4845.5,"gen":210,"fit":0.8098,"fDef":0.9124,"fPB":0.9379,"fPush":0.8628,"fSelf":0.5112,"best":0.8231,"min":0.5029}
gen 210  top.fit=0.8098 (vsDef=0.912 vsPB=0.938 vsPush=0.863 vsSelf=0.511)  best=0.8231  [4845.474s]
##TT##{"t":"gen","evals":40704,"sec":4868.7,"gen":211,"fit":0.8092,"fDef":0.9088,"fPB":0.9248,"fPush":0.8816,"fSelf":0.5195,"best":0.8231,"min":0.4557}
##TT##{"t":"gen","evals":40896,"sec":4892,"gen":212,"fit":0.8066,"fDef":0.9167,"fPB":0.9187,"fPush":0.8742,"fSelf":0.5135,"best":0.8231,"min":0.3774}
##TT##{"t":"gen","evals":41088,"sec":4915.4,"gen":213,"fit":0.8086,"fDef":0.898,"fPB":0.9414,"fPush":0.8772,"fSelf":0.5085,"best":0.8231,"min":0.4598}
##TT##{"t":"gen","evals":41280,"sec":4937.9,"gen":214,"fit":0.8079,"fDef":0.9119,"fPB":0.9447,"fPush":0.8684,"fSelf":0.4923,"best":0.8231,"min":0.4349}
##TT##{"t":"gen","evals":41472,"sec":4961.1,"gen":215,"fit":0.8144,"fDef":0.9247,"fPB":0.9399,"fPush":0.8572,"fSelf":0.5171,"best":0.8231,"min":0.4343}
##TT##{"t":"gen","evals":41664,"sec":4983.2,"gen":216,"fit":0.811,"fDef":0.9122,"fPB":0.9462,"fPush":0.8675,"fSelf":0.5024,"best":0.8231,"min":0.5189}
##TT##{"t":"gen","evals":41856,"sec":5005.9,"gen":217,"fit":0.8073,"fDef":0.9033,"fPB":0.9296,"fPush":0.8862,"fSelf":0.509,"best":0.8231,"min":0.4846}
##TT##{"t":"gen","evals":42048,"sec":5028.9,"gen":218,"fit":0.8105,"fDef":0.9088,"fPB":0.9381,"fPush":0.8544,"fSelf":0.5219,"best":0.8231,"min":0.4015}
##TT##{"t":"gen","evals":42240,"sec":5051.6,"gen":219,"fit":0.8074,"fDef":0.8964,"fPB":0.9315,"fPush":0.8617,"fSelf":0.527,"best":0.8231,"min":0.4223}
##TT##{"t":"gen","evals":42432,"sec":5073.7,"gen":220,"fit":0.8042,"fDef":0.9215,"fPB":0.9312,"fPush":0.883,"fSelf":0.4783,"best":0.8231,"min":0.4271}
gen 220  top.fit=0.8042 (vsDef=0.921 vsPB=0.931 vsPush=0.883 vsSelf=0.478)  best=0.8231  [5073.688s]
##TT##{"t":"gen","evals":42624,"sec":5096.3,"gen":221,"fit":0.8111,"fDef":0.9187,"fPB":0.9279,"fPush":0.8643,"fSelf":0.5219,"best":0.8231,"min":0.3061}
##TT##{"t":"gen","evals":42816,"sec":5118.8,"gen":222,"fit":0.8103,"fDef":0.9279,"fPB":0.933,"fPush":0.8525,"fSelf":0.5095,"best":0.8231,"min":0.4001}
##TT##{"t":"gen","evals":43008,"sec":5141.9,"gen":223,"fit":0.8043,"fDef":0.9011,"fPB":0.9433,"fPush":0.8771,"fSelf":0.4867,"best":0.8231,"min":0.5074}
##TT##{"t":"gen","evals":43200,"sec":5164.6,"gen":224,"fit":0.8078,"fDef":0.912,"fPB":0.9601,"fPush":0.8773,"fSelf":0.4671,"best":0.8231,"min":0.4271}
##TT##{"t":"gen","evals":43392,"sec":5187.1,"gen":225,"fit":0.8069,"fDef":0.9122,"fPB":0.9412,"fPush":0.8787,"fSelf":0.4872,"best":0.8231,"min":0.5492}
##TT##{"t":"gen","evals":43584,"sec":5210.4,"gen":226,"fit":0.8148,"fDef":0.9074,"fPB":0.9429,"fPush":0.8451,"fSelf":0.5385,"best":0.8231,"min":0.5064}
##TT##{"t":"gen","evals":43776,"sec":5232.9,"gen":227,"fit":0.8113,"fDef":0.9028,"fPB":0.9413,"fPush":0.8845,"fSelf":0.5104,"best":0.8231,"min":0.3628}
##TT##{"t":"gen","evals":43968,"sec":5255.6,"gen":228,"fit":0.8081,"fDef":0.9215,"fPB":0.9215,"fPush":0.8489,"fSelf":0.5245,"best":0.8231,"min":0.5416}
##TT##{"t":"gen","evals":44160,"sec":5278.5,"gen":229,"fit":0.807,"fDef":0.9168,"fPB":0.9279,"fPush":0.8699,"fSelf":0.5054,"best":0.8231,"min":0.5778}
##TT##{"t":"gen","evals":44352,"sec":5301.5,"gen":230,"fit":0.814,"fDef":0.9119,"fPB":0.9514,"fPush":0.8396,"fSelf":0.5228,"best":0.8231,"min":0.4239}
gen 230  top.fit=0.8140 (vsDef=0.912 vsPB=0.951 vsPush=0.840 vsSelf=0.523)  best=0.8231  [5301.543s]
##TT##{"t":"gen","evals":44544,"sec":5323.7,"gen":231,"fit":0.8086,"fDef":0.9312,"fPB":0.9314,"fPush":0.8489,"fSelf":0.5036,"best":0.8231,"min":0.5383}
##TT##{"t":"gen","evals":44736,"sec":5346.6,"gen":232,"fit":0.8162,"fDef":0.9064,"fPB":0.9396,"fPush":0.8996,"fSelf":0.5198,"best":0.8231,"min":0.5341}
##TT##{"t":"gen","evals":44928,"sec":5368.9,"gen":233,"fit":0.8072,"fDef":0.9137,"fPB":0.9413,"fPush":0.8602,"fSelf":0.497,"best":0.8231,"min":0.4155}
##TT##{"t":"gen","evals":45120,"sec":5391.7,"gen":234,"fit":0.8092,"fDef":0.9088,"fPB":0.9397,"fPush":0.8771,"fSelf":0.5024,"best":0.8231,"min":0.519}
##TT##{"t":"gen","evals":45312,"sec":5414.9,"gen":235,"fit":0.8154,"fDef":0.9072,"fPB":0.9312,"fPush":0.8656,"fSelf":0.545,"best":0.8231,"min":0.4514}
##TT##{"t":"gen","evals":45504,"sec":5438.4,"gen":236,"fit":0.8025,"fDef":0.8966,"fPB":0.9184,"fPush":0.8952,"fSelf":0.5069,"best":0.8231,"min":0.3873}
##TT##{"t":"gen","evals":45696,"sec":5461.2,"gen":237,"fit":0.8112,"fDef":0.9026,"fPB":0.9312,"fPush":0.8853,"fSelf":0.5229,"best":0.8231,"min":0.4408}
##TT##{"t":"gen","evals":45888,"sec":5483.9,"gen":238,"fit":0.8158,"fDef":0.9247,"fPB":0.9314,"fPush":0.8771,"fSelf":0.5229,"best":0.8231,"min":0.3821}
##TT##{"t":"gen","evals":46080,"sec":5506.7,"gen":239,"fit":0.8117,"fDef":0.9057,"fPB":0.9279,"fPush":0.8688,"fSelf":0.535,"best":0.8231,"min":0.4179}
##TT##{"t":"gen","evals":46272,"sec":5528.7,"gen":240,"fit":0.8026,"fDef":0.92,"fPB":0.9234,"fPush":0.8572,"fSelf":0.4981,"best":0.8231,"min":0.4681}
gen 240  top.fit=0.8026 (vsDef=0.920 vsPB=0.923 vsPush=0.857 vsSelf=0.498)  best=0.8231  [5528.715s]
##TT##{"t":"gen","evals":46464,"sec":5551.5,"gen":241,"fit":0.805,"fDef":0.9004,"fPB":0.9122,"fPush":0.8969,"fSelf":0.52,"best":0.8231,"min":0.4318}
##TT##{"t":"gen","evals":46656,"sec":5574.7,"gen":242,"fit":0.8128,"fDef":0.9104,"fPB":0.9429,"fPush":0.8776,"fSelf":0.5102,"best":0.8231,"min":0.5105}
##TT##{"t":"gen","evals":46848,"sec":5597.3,"gen":243,"fit":0.8099,"fDef":0.9059,"fPB":0.9362,"fPush":0.8642,"fSelf":0.5194,"best":0.8231,"min":0.5131}
##TT##{"t":"gen","evals":47040,"sec":5619.4,"gen":244,"fit":0.8119,"fDef":0.9183,"fPB":0.9418,"fPush":0.8671,"fSelf":0.506,"best":0.8231,"min":0.5295}
##TT##{"t":"gen","evals":47232,"sec":5642,"gen":245,"fit":0.8158,"fDef":0.9119,"fPB":0.9362,"fPush":0.8742,"fSelf":0.5307,"best":0.8231,"min":0.4226}
##TT##{"t":"gen","evals":47424,"sec":5664.6,"gen":246,"fit":0.8092,"fDef":0.933,"fPB":0.9248,"fPush":0.8558,"fSelf":0.509,"best":0.8231,"min":0.5003}
##TT##{"t":"gen","evals":47616,"sec":5687.4,"gen":247,"fit":0.8088,"fDef":0.9248,"fPB":0.928,"fPush":0.8662,"fSelf":0.5061,"best":0.8231,"min":0.4429}
##TT##{"t":"gen","evals":47808,"sec":5709.3,"gen":248,"fit":0.8079,"fDef":0.9135,"fPB":0.9312,"fPush":0.8457,"fSelf":0.5208,"best":0.8231,"min":0.3869}
##TT##{"t":"gen","evals":48000,"sec":5731.5,"gen":249,"fit":0.8096,"fDef":0.9168,"fPB":0.9296,"fPush":0.8847,"fSelf":0.5052,"best":0.8231,"min":0.4861}
##TT##{"t":"gen","evals":48192,"sec":5753.5,"gen":250,"fit":0.8076,"fDef":0.9017,"fPB":0.933,"fPush":0.8544,"fSelf":0.5245,"best":0.8231,"min":0.5519}
gen 250  top.fit=0.8076 (vsDef=0.902 vsPB=0.933 vsPush=0.854 vsSelf=0.525)  best=0.8231  [5753.519s]
##TT##{"t":"gen","evals":48384,"sec":5775.3,"gen":251,"fit":0.8148,"fDef":0.92,"fPB":0.9248,"fPush":0.8893,"fSelf":0.5256,"best":0.8231,"min":0.4182}
##TT##{"t":"gen","evals":48576,"sec":5797.5,"gen":252,"fit":0.8097,"fDef":0.898,"fPB":0.9397,"fPush":0.8572,"fSelf":0.5257,"best":0.8231,"min":0.4498}
##TT##{"t":"gen","evals":48768,"sec":5819.8,"gen":253,"fit":0.8117,"fDef":0.93,"fPB":0.9232,"fPush":0.8644,"fSelf":0.5191,"best":0.8231,"min":0.4923}
##TT##{"t":"gen","evals":48960,"sec":5841.3,"gen":254,"fit":0.8132,"fDef":0.9216,"fPB":0.9429,"fPush":0.8729,"fSelf":0.5032,"best":0.8231,"min":0.4457}
##TT##{"t":"gen","evals":49152,"sec":5862.9,"gen":255,"fit":0.8056,"fDef":0.9135,"fPB":0.9208,"fPush":0.8749,"fSelf":0.5098,"best":0.8231,"min":0.472}
##TT##{"t":"gen","evals":49344,"sec":5884.1,"gen":256,"fit":0.8097,"fDef":0.9312,"fPB":0.9183,"fPush":0.8572,"fSelf":0.5207,"best":0.8231,"min":0.4105}
##TT##{"t":"gen","evals":49536,"sec":5905.8,"gen":257,"fit":0.8083,"fDef":0.9089,"fPB":0.9265,"fPush":0.8715,"fSelf":0.5191,"best":0.8231,"min":0.4562}
##TT##{"t":"gen","evals":49728,"sec":5927.8,"gen":258,"fit":0.8031,"fDef":0.9119,"fPB":0.9346,"fPush":0.8704,"fSelf":0.4859,"best":0.8231,"min":0.4459}
##TT##{"t":"gen","evals":49920,"sec":5949.6,"gen":259,"fit":0.8032,"fDef":0.9057,"fPB":0.9395,"fPush":0.8822,"fSelf":0.4799,"best":0.8231,"min":0.5078}
##TT##{"t":"gen","evals":50112,"sec":5970.7,"gen":260,"fit":0.8123,"fDef":0.9072,"fPB":0.9352,"fPush":0.8685,"fSelf":0.5266,"best":0.8231,"min":0.4391}
gen 260  top.fit=0.8123 (vsDef=0.907 vsPB=0.935 vsPush=0.868 vsSelf=0.527)  best=0.8231  [5970.675s]
##TT##{"t":"gen","evals":50304,"sec":5991.8,"gen":261,"fit":0.8103,"fDef":0.9321,"fPB":0.9183,"fPush":0.8816,"fSelf":0.5089,"best":0.8231,"min":0.2988}
##TT##{"t":"gen","evals":50496,"sec":6013.8,"gen":262,"fit":0.8169,"fDef":0.9247,"fPB":0.9279,"fPush":0.8544,"fSelf":0.5437,"best":0.8231,"min":0.4789}
##TT##{"t":"gen","evals":50688,"sec":6036.6,"gen":263,"fit":0.8139,"fDef":0.9381,"fPB":0.933,"fPush":0.8558,"fSelf":0.5113,"best":0.8231,"min":0.4378}
##TT##{"t":"gen","evals":50880,"sec":6058.4,"gen":264,"fit":0.8068,"fDef":0.9247,"fPB":0.9232,"fPush":0.8684,"fSelf":0.5034,"best":0.8231,"min":0.4627}
##TT##{"t":"gen","evals":51072,"sec":6080.6,"gen":265,"fit":0.8064,"fDef":0.9215,"fPB":0.9215,"fPush":0.86,"fSelf":0.512,"best":0.8231,"min":0.4796}
##TT##{"t":"gen","evals":51264,"sec":6102.8,"gen":266,"fit":0.8109,"fDef":0.8844,"fPB":0.9514,"fPush":0.8558,"fSelf":0.5295,"best":0.8231,"min":0.4756}
##TT##{"t":"gen","evals":51456,"sec":6124.7,"gen":267,"fit":0.8079,"fDef":0.8953,"fPB":0.9264,"fPush":0.8599,"fSelf":0.5374,"best":0.8231,"min":0.374}
##TT##{"t":"gen","evals":51648,"sec":6147,"gen":268,"fit":0.8226,"fDef":0.9215,"fPB":0.9463,"fPush":0.8787,"fSelf":0.5317,"best":0.8231,"min":0.5103}
##TT##{"t":"gen","evals":51840,"sec":6169.4,"gen":269,"fit":0.8175,"fDef":0.9135,"fPB":0.9514,"fPush":0.8642,"fSelf":0.5212,"best":0.8231,"min":0.4517}
##TT##{"t":"gen","evals":52032,"sec":6191.6,"gen":270,"fit":0.8111,"fDef":0.9183,"fPB":0.9279,"fPush":0.8657,"fSelf":0.5216,"best":0.8231,"min":0.5205}
gen 270  top.fit=0.8111 (vsDef=0.918 vsPB=0.928 vsPush=0.866 vsSelf=0.522)  best=0.8231  [6191.601s]
##TT##{"t":"gen","evals":52224,"sec":6214,"gen":271,"fit":0.8122,"fDef":0.9168,"fPB":0.9379,"fPush":0.8507,"fSelf":0.5225,"best":0.8231,"min":0.5507}
##TT##{"t":"gen","evals":52416,"sec":6236.7,"gen":272,"fit":0.8019,"fDef":0.9231,"fPB":0.9136,"fPush":0.8628,"fSelf":0.5017,"best":0.8231,"min":0.3782}
##TT##{"t":"gen","evals":52608,"sec":6259.6,"gen":273,"fit":0.8109,"fDef":0.9103,"fPB":0.9446,"fPush":0.8516,"fSelf":0.5147,"best":0.8231,"min":0.4489}
##TT##{"t":"gen","evals":52800,"sec":6281.7,"gen":274,"fit":0.8073,"fDef":0.9233,"fPB":0.9218,"fPush":0.8815,"fSelf":0.5018,"best":0.8231,"min":0.6148}
##TT##{"t":"gen","evals":52992,"sec":6303.3,"gen":275,"fit":0.8112,"fDef":0.9167,"fPB":0.9248,"fPush":0.8713,"fSelf":0.525,"best":0.8231,"min":0.4684}
##TT##{"t":"gen","evals":53184,"sec":6326.2,"gen":276,"fit":0.8183,"fDef":0.9183,"fPB":0.9412,"fPush":0.8628,"fSelf":0.5335,"best":0.8231,"min":0.4701}
##TT##{"t":"gen","evals":53376,"sec":6348.5,"gen":277,"fit":0.8074,"fDef":0.901,"fPB":0.9363,"fPush":0.8905,"fSelf":0.5006,"best":0.8231,"min":0.5684}
##TT##{"t":"gen","evals":53568,"sec":6371.1,"gen":278,"fit":0.8098,"fDef":0.9314,"fPB":0.9329,"fPush":0.8656,"fSelf":0.4971,"best":0.8231,"min":0.5764}
##TT##{"t":"gen","evals":53760,"sec":6393.5,"gen":279,"fit":0.8171,"fDef":0.9199,"fPB":0.9463,"fPush":0.8572,"fSelf":0.5239,"best":0.8231,"min":0.4043}
##TT##{"t":"gen","evals":53952,"sec":6416.1,"gen":280,"fit":0.8091,"fDef":0.9013,"fPB":0.9497,"fPush":0.8628,"fSelf":0.5041,"best":0.8231,"min":0.4942}
gen 280  top.fit=0.8091 (vsDef=0.901 vsPB=0.950 vsPush=0.863 vsSelf=0.504)  best=0.8231  [6416.066s]
##TT##{"t":"gen","evals":54144,"sec":6438.6,"gen":281,"fit":0.8077,"fDef":0.9073,"fPB":0.9296,"fPush":0.8449,"fSelf":0.5287,"best":0.8231,"min":0.4726}
##TT##{"t":"gen","evals":54336,"sec":6461.4,"gen":282,"fit":0.8063,"fDef":0.9088,"fPB":0.9345,"fPush":0.8585,"fSelf":0.5079,"best":0.8231,"min":0.5503}
##TT##{"t":"gen","evals":54528,"sec":6483.8,"gen":283,"fit":0.8054,"fDef":0.9215,"fPB":0.9167,"fPush":0.8615,"fSelf":0.5136,"best":0.8231,"min":0.541}
##TT##{"t":"gen","evals":54720,"sec":6505.9,"gen":284,"fit":0.8145,"fDef":0.9167,"fPB":0.9497,"fPush":0.853,"fSelf":0.5149,"best":0.8231,"min":0.4231}
##TT##{"t":"gen","evals":54912,"sec":6528.9,"gen":285,"fit":0.8296,"fDef":0.9379,"fPB":0.9549,"fPush":0.8613,"fSelf":0.5404,"best":0.8296,"min":0.4215}
##TT##{"t":"gen","evals":55104,"sec":6551.9,"gen":286,"fit":0.8097,"fDef":0.9088,"fPB":0.9401,"fPush":0.8701,"fSelf":0.5075,"best":0.8296,"min":0.4246}
##TT##{"t":"gen","evals":55296,"sec":6574.2,"gen":287,"fit":0.8005,"fDef":0.9012,"fPB":0.9329,"fPush":0.8587,"fSelf":0.4953,"best":0.8296,"min":0.4152}
##TT##{"t":"gen","evals":55488,"sec":6597.7,"gen":288,"fit":0.8063,"fDef":0.9124,"fPB":0.9329,"fPush":0.895,"fSelf":0.4869,"best":0.8296,"min":0.4807}
##TT##{"t":"gen","evals":55680,"sec":6620.2,"gen":289,"fit":0.8109,"fDef":0.9167,"fPB":0.9313,"fPush":0.8656,"fSelf":0.5183,"best":0.8296,"min":0.605}
##TT##{"t":"gen","evals":55872,"sec":6643.5,"gen":290,"fit":0.8037,"fDef":0.9215,"fPB":0.9247,"fPush":0.8574,"fSelf":0.4987,"best":0.8296,"min":0.3819}
gen 290  top.fit=0.8037 (vsDef=0.921 vsPB=0.925 vsPush=0.857 vsSelf=0.499)  best=0.8296  [6643.451s]
##TT##{"t":"gen","evals":56064,"sec":6666,"gen":291,"fit":0.8139,"fDef":0.9329,"fPB":0.9449,"fPush":0.8356,"fSelf":0.5119,"best":0.8296,"min":0.5892}
##TT##{"t":"gen","evals":56256,"sec":6688.7,"gen":292,"fit":0.813,"fDef":0.9201,"fPB":0.938,"fPush":0.8874,"fSelf":0.5025,"best":0.8296,"min":0.507}
##TT##{"t":"gen","evals":56448,"sec":6712.4,"gen":293,"fit":0.8033,"fDef":0.9183,"fPB":0.9183,"fPush":0.8744,"fSelf":0.4998,"best":0.8296,"min":0.5122}
##TT##{"t":"gen","evals":56640,"sec":6736,"gen":294,"fit":0.8122,"fDef":0.9152,"fPB":0.9329,"fPush":0.867,"fSelf":0.5217,"best":0.8296,"min":0.4488}
##TT##{"t":"gen","evals":56832,"sec":6758.6,"gen":295,"fit":0.8053,"fDef":0.9247,"fPB":0.9429,"fPush":0.8516,"fSelf":0.481,"best":0.8296,"min":0.3742}
##TT##{"t":"gen","evals":57024,"sec":6781.2,"gen":296,"fit":0.8108,"fDef":0.9057,"fPB":0.9463,"fPush":0.8251,"fSelf":0.5312,"best":0.8296,"min":0.4942}
##TT##{"t":"gen","evals":57216,"sec":6804.1,"gen":297,"fit":0.8068,"fDef":0.9104,"fPB":0.9362,"fPush":0.8478,"fSelf":0.5121,"best":0.8296,"min":0.4219}
##TT##{"t":"gen","evals":57408,"sec":6826.5,"gen":298,"fit":0.8132,"fDef":0.9057,"fPB":0.9378,"fPush":0.8742,"fSelf":0.525,"best":0.8296,"min":0.553}
##TT##{"t":"gen","evals":57600,"sec":6850.2,"gen":299,"fit":0.8101,"fDef":0.9248,"fPB":0.9379,"fPush":0.8505,"fSelf":0.5066,"best":0.8296,"min":0.4177}
##TT##{"t":"gen","evals":57792,"sec":6873.2,"gen":300,"fit":0.8002,"fDef":0.92,"fPB":0.9167,"fPush":0.8728,"fSelf":0.4888,"best":0.8296,"min":0.4452}
gen 300  top.fit=0.8002 (vsDef=0.920 vsPB=0.917 vsPush=0.873 vsSelf=0.489)  best=0.8296  [6873.198s]
##TT##{"t":"gen","evals":57984,"sec":6895.9,"gen":301,"fit":0.805,"fDef":0.9263,"fPB":0.9199,"fPush":0.8713,"fSelf":0.4979,"best":0.8296,"min":0.4525}
##TT##{"t":"gen","evals":58176,"sec":6919,"gen":302,"fit":0.8015,"fDef":0.9011,"fPB":0.9395,"fPush":0.8687,"fSelf":0.4854,"best":0.8296,"min":0.4338}
##TT##{"t":"gen","evals":58368,"sec":6941.8,"gen":303,"fit":0.8108,"fDef":0.9312,"fPB":0.9378,"fPush":0.8919,"fSelf":0.4804,"best":0.8296,"min":0.4596}
##TT##{"t":"gen","evals":58560,"sec":6964.4,"gen":304,"fit":0.8063,"fDef":0.9072,"fPB":0.9395,"fPush":0.8438,"fSelf":0.5111,"best":0.8296,"min":0.493}
##TT##{"t":"gen","evals":58752,"sec":6987.6,"gen":305,"fit":0.8019,"fDef":0.9011,"fPB":0.9264,"fPush":0.8656,"fSelf":0.5057,"best":0.8296,"min":0.5929}
##TT##{"t":"gen","evals":58944,"sec":7010.3,"gen":306,"fit":0.8169,"fDef":0.9104,"fPB":0.9531,"fPush":0.8656,"fSelf":0.5191,"best":0.8296,"min":0.6107}
##TT##{"t":"gen","evals":59136,"sec":7032.8,"gen":307,"fit":0.8059,"fDef":0.9178,"fPB":0.9362,"fPush":0.8642,"fSelf":0.4921,"best":0.8296,"min":0.3934}
##TT##{"t":"gen","evals":59328,"sec":7055.2,"gen":308,"fit":0.8093,"fDef":0.9168,"fPB":0.9396,"fPush":0.8715,"fSelf":0.498,"best":0.8296,"min":0.5089}
##TT##{"t":"gen","evals":59520,"sec":7077.3,"gen":309,"fit":0.8045,"fDef":0.9183,"fPB":0.9347,"fPush":0.8734,"fSelf":0.4836,"best":0.8296,"min":0.4182}
##TT##{"t":"gen","evals":59712,"sec":7100,"gen":310,"fit":0.81,"fDef":0.8965,"fPB":0.9462,"fPush":0.8771,"fSelf":0.5092,"best":0.8296,"min":0.4363}
gen 310  top.fit=0.8100 (vsDef=0.896 vsPB=0.946 vsPush=0.877 vsSelf=0.509)  best=0.8296  [7100.011s]
##TT##{"t":"gen","evals":59904,"sec":7122.8,"gen":311,"fit":0.8092,"fDef":0.9247,"fPB":0.9362,"fPush":0.8745,"fSelf":0.4925,"best":0.8296,"min":0.4195}
##TT##{"t":"gen","evals":60096,"sec":7145.8,"gen":312,"fit":0.8045,"fDef":0.8996,"fPB":0.9533,"fPush":0.8643,"fSelf":0.4828,"best":0.8296,"min":0.4991}
##TT##{"t":"gen","evals":60288,"sec":7168.8,"gen":313,"fit":0.813,"fDef":0.9234,"fPB":0.9345,"fPush":0.8734,"fSelf":0.5111,"best":0.8296,"min":0.4635}
##TT##{"t":"gen","evals":60480,"sec":7191.4,"gen":314,"fit":0.8059,"fDef":0.9167,"fPB":0.9329,"fPush":0.8645,"fSelf":0.4975,"best":0.8296,"min":0.4065}
##TT##{"t":"gen","evals":60672,"sec":7214.7,"gen":315,"fit":0.8063,"fDef":0.8964,"fPB":0.9514,"fPush":0.8701,"fSelf":0.4922,"best":0.8296,"min":0.4688}
##TT##{"t":"gen","evals":60864,"sec":7237.4,"gen":316,"fit":0.8031,"fDef":0.9121,"fPB":0.9395,"fPush":0.8503,"fSelf":0.4902,"best":0.8296,"min":0.5487}
##TT##{"t":"gen","evals":61056,"sec":7260.2,"gen":317,"fit":0.8078,"fDef":0.9104,"fPB":0.9447,"fPush":0.8688,"fSelf":0.4933,"best":0.8296,"min":0.4857}
##TT##{"t":"gen","evals":61248,"sec":7283.4,"gen":318,"fit":0.8168,"fDef":0.9234,"fPB":0.9549,"fPush":0.8642,"fSelf":0.504,"best":0.8296,"min":0.4585}
##TT##{"t":"gen","evals":61440,"sec":7305.9,"gen":319,"fit":0.8062,"fDef":0.8875,"fPB":0.9497,"fPush":0.8439,"fSelf":0.5169,"best":0.8296,"min":0.4565}
##TT##{"t":"gen","evals":61632,"sec":7329.5,"gen":320,"fit":0.8077,"fDef":0.9105,"fPB":0.9215,"fPush":0.8815,"fSelf":0.5163,"best":0.8296,"min":0.4392}
gen 320  top.fit=0.8077 (vsDef=0.911 vsPB=0.921 vsPush=0.881 vsSelf=0.516)  best=0.8296  [7329.481s]
##TT##{"t":"gen","evals":61824,"sec":7353.1,"gen":321,"fit":0.8003,"fDef":0.9091,"fPB":0.912,"fPush":0.8699,"fSelf":0.508,"best":0.8296,"min":0.3757}
##TT##{"t":"gen","evals":62016,"sec":7376.3,"gen":322,"fit":0.808,"fDef":0.9168,"fPB":0.9312,"fPush":0.8844,"fSelf":0.497,"best":0.8296,"min":0.4008}
##TT##{"t":"gen","evals":62208,"sec":7399.2,"gen":323,"fit":0.8036,"fDef":0.8907,"fPB":0.9312,"fPush":0.8614,"fSelf":0.5185,"best":0.8296,"min":0.3447}
##TT##{"t":"gen","evals":62400,"sec":7421.1,"gen":324,"fit":0.8102,"fDef":0.9217,"fPB":0.9479,"fPush":0.8701,"fSelf":0.4865,"best":0.8296,"min":0.5787}
##TT##{"t":"gen","evals":62592,"sec":7443.8,"gen":325,"fit":0.8163,"fDef":0.8999,"fPB":0.9463,"fPush":0.8685,"fSelf":0.5344,"best":0.8296,"min":0.4839}
##TT##{"t":"gen","evals":62784,"sec":7467.1,"gen":326,"fit":0.8096,"fDef":0.9233,"fPB":0.9247,"fPush":0.8589,"fSelf":0.519,"best":0.8296,"min":0.5627}
##TT##{"t":"gen","evals":62976,"sec":7490,"gen":327,"fit":0.8042,"fDef":0.9199,"fPB":0.9247,"fPush":0.8642,"fSelf":0.4988,"best":0.8296,"min":0.4543}
##TT##{"t":"gen","evals":63168,"sec":7512.7,"gen":328,"fit":0.8127,"fDef":0.909,"fPB":0.9313,"fPush":0.8728,"fSelf":0.529,"best":0.8296,"min":0.5734}
##TT##{"t":"gen","evals":63360,"sec":7535.1,"gen":329,"fit":0.82,"fDef":0.9215,"fPB":0.9533,"fPush":0.8714,"fSelf":0.5165,"best":0.8296,"min":0.6603}
##TT##{"t":"gen","evals":63552,"sec":7557.9,"gen":330,"fit":0.8103,"fDef":0.933,"fPB":0.93,"fPush":0.8791,"fSelf":0.4941,"best":0.8296,"min":0.5539}
gen 330  top.fit=0.8103 (vsDef=0.933 vsPB=0.930 vsPush=0.879 vsSelf=0.494)  best=0.8296  [7557.879s]
##TT##{"t":"gen","evals":63744,"sec":7579.8,"gen":331,"fit":0.816,"fDef":0.9215,"fPB":0.9514,"fPush":0.8743,"fSelf":0.502,"best":0.8296,"min":0.4052}
##TT##{"t":"gen","evals":63936,"sec":7602.1,"gen":332,"fit":0.8057,"fDef":0.9168,"fPB":0.9312,"fPush":0.8493,"fSelf":0.5068,"best":0.8296,"min":0.4731}
##TT##{"t":"gen","evals":64128,"sec":7624.4,"gen":333,"fit":0.8082,"fDef":0.9151,"fPB":0.9231,"fPush":0.8602,"fSelf":0.5229,"best":0.8296,"min":0.3904}
##TT##{"t":"gen","evals":64320,"sec":7647.1,"gen":334,"fit":0.8084,"fDef":0.9185,"fPB":0.9381,"fPush":0.869,"fSelf":0.4962,"best":0.8296,"min":0.5504}
##TT##{"t":"gen","evals":64512,"sec":7669.9,"gen":335,"fit":0.8196,"fDef":0.9119,"fPB":0.9413,"fPush":0.8727,"fSelf":0.5394,"best":0.8296,"min":0.5593}
##TT##{"t":"gen","evals":64704,"sec":7693.4,"gen":336,"fit":0.8167,"fDef":0.9183,"fPB":0.9329,"fPush":0.8502,"fSelf":0.5453,"best":0.8296,"min":0.4559}
##TT##{"t":"gen","evals":64896,"sec":7716,"gen":337,"fit":0.8229,"fDef":0.9057,"fPB":0.9398,"fPush":0.8656,"fSelf":0.5643,"best":0.8296,"min":0.5195}
##TT##{"t":"gen","evals":65088,"sec":7738.9,"gen":338,"fit":0.8179,"fDef":0.9052,"fPB":0.9345,"fPush":0.8504,"fSelf":0.5606,"best":0.8296,"min":0.4634}
##TT##{"t":"gen","evals":65280,"sec":7761.7,"gen":339,"fit":0.8252,"fDef":0.9199,"fPB":0.9313,"fPush":0.8816,"fSelf":0.5612,"best":0.8296,"min":0.5204}
##TT##{"t":"gen","evals":65472,"sec":7784.2,"gen":340,"fit":0.8177,"fDef":0.9263,"fPB":0.9345,"fPush":0.851,"fSelf":0.5382,"best":0.8296,"min":0.3855}
gen 340  top.fit=0.8177 (vsDef=0.926 vsPB=0.935 vsPush=0.851 vsSelf=0.538)  best=0.8296  [7784.237s]
##TT##{"t":"gen","evals":65664,"sec":7807.6,"gen":341,"fit":0.8147,"fDef":0.92,"fPB":0.9346,"fPush":0.87,"fSelf":0.5229,"best":0.8296,"min":0.4743}
##TT##{"t":"gen","evals":65856,"sec":7830.1,"gen":342,"fit":0.8306,"fDef":0.9281,"fPB":0.9345,"fPush":0.8714,"fSelf":0.5754,"best":0.8306,"min":0.5225}
##TT##{"t":"gen","evals":66048,"sec":7852.8,"gen":343,"fit":0.8043,"fDef":0.8983,"fPB":0.938,"fPush":0.8421,"fSelf":0.515,"best":0.8306,"min":0.5301}
##TT##{"t":"gen","evals":66240,"sec":7876.4,"gen":344,"fit":0.8071,"fDef":0.9248,"fPB":0.9312,"fPush":0.8408,"fSelf":0.5089,"best":0.8306,"min":0.4082}
##TT##{"t":"gen","evals":66432,"sec":7899.3,"gen":345,"fit":0.8095,"fDef":0.9104,"fPB":0.9329,"fPush":0.8745,"fSelf":0.5124,"best":0.8306,"min":0.5443}
##TT##{"t":"gen","evals":66624,"sec":7922.7,"gen":346,"fit":0.8088,"fDef":0.8965,"fPB":0.9446,"fPush":0.8507,"fSelf":0.5209,"best":0.8306,"min":0.4939}
##TT##{"t":"gen","evals":66816,"sec":7945.7,"gen":347,"fit":0.8129,"fDef":0.9199,"fPB":0.9429,"fPush":0.8862,"fSelf":0.4963,"best":0.8306,"min":0.475}
##TT##{"t":"gen","evals":67008,"sec":7968.6,"gen":348,"fit":0.8069,"fDef":0.9104,"fPB":0.9346,"fPush":0.8815,"fSelf":0.4961,"best":0.8306,"min":0.4585}
##TT##{"t":"gen","evals":67200,"sec":7991.3,"gen":349,"fit":0.8161,"fDef":0.9247,"fPB":0.9345,"fPush":0.8859,"fSelf":0.5151,"best":0.8306,"min":0.3789}
##TT##{"t":"gen","evals":67392,"sec":8013.5,"gen":350,"fit":0.8142,"fDef":0.8998,"fPB":0.9395,"fPush":0.8772,"fSelf":0.5307,"best":0.8306,"min":0.3645}
gen 350  top.fit=0.8142 (vsDef=0.900 vsPB=0.940 vsPush=0.877 vsSelf=0.531)  best=0.8306  [8013.511s]
##TT##{"t":"gen","evals":67584,"sec":8036.2,"gen":351,"fit":0.8113,"fDef":0.9167,"fPB":0.9362,"fPush":0.8684,"fSelf":0.512,"best":0.8306,"min":0.4369}
##TT##{"t":"gen","evals":67776,"sec":8059.4,"gen":352,"fit":0.8038,"fDef":0.9184,"fPB":0.9264,"fPush":0.8449,"fSelf":0.5067,"best":0.8306,"min":0.4424}
##TT##{"t":"gen","evals":67968,"sec":8082.5,"gen":353,"fit":0.8099,"fDef":0.9312,"fPB":0.9345,"fPush":0.8614,"fSelf":0.4978,"best":0.8306,"min":0.4626}
##TT##{"t":"gen","evals":68160,"sec":8105.3,"gen":354,"fit":0.8104,"fDef":0.9279,"fPB":0.9329,"fPush":0.87,"fSelf":0.5007,"best":0.8306,"min":0.4455}
##TT##{"t":"gen","evals":68352,"sec":8127.5,"gen":355,"fit":0.8139,"fDef":0.9045,"fPB":0.9446,"fPush":0.8614,"fSelf":0.5269,"best":0.8306,"min":0.4689}
##TT##{"t":"gen","evals":68544,"sec":8150.5,"gen":356,"fit":0.8095,"fDef":0.9172,"fPB":0.9381,"fPush":0.8439,"fSelf":0.5153,"best":0.8306,"min":0.467}
##TT##{"t":"gen","evals":68736,"sec":8173,"gen":357,"fit":0.8043,"fDef":0.9135,"fPB":0.9346,"fPush":0.8771,"fSelf":0.4857,"best":0.8306,"min":0.5029}
##TT##{"t":"gen","evals":68928,"sec":8196.2,"gen":358,"fit":0.8172,"fDef":0.9265,"fPB":0.9329,"fPush":0.8844,"fSelf":0.5204,"best":0.8306,"min":0.3957}
##TT##{"t":"gen","evals":69120,"sec":8219.4,"gen":359,"fit":0.8139,"fDef":0.9282,"fPB":0.9395,"fPush":0.8614,"fSelf":0.5096,"best":0.8306,"min":0.4803}
##TT##{"t":"gen","evals":69312,"sec":8242.4,"gen":360,"fit":0.808,"fDef":0.9248,"fPB":0.938,"fPush":0.8448,"fSelf":0.5014,"best":0.8306,"min":0.5171}
gen 360  top.fit=0.8080 (vsDef=0.925 vsPB=0.938 vsPush=0.845 vsSelf=0.501)  best=0.8306  [8242.352s]
##TT##{"t":"gen","evals":69504,"sec":8264.4,"gen":361,"fit":0.8085,"fDef":0.883,"fPB":0.948,"fPush":0.8678,"fSelf":0.5196,"best":0.8306,"min":0.4621}
##TT##{"t":"gen","evals":69696,"sec":8287.5,"gen":362,"fit":0.8124,"fDef":0.9044,"fPB":0.938,"fPush":0.9042,"fSelf":0.5068,"best":0.8306,"min":0.4252}
##TT##{"t":"gen","evals":69888,"sec":8310.7,"gen":363,"fit":0.8101,"fDef":0.9346,"fPB":0.9346,"fPush":0.8559,"fSelf":0.4981,"best":0.8306,"min":0.3744}
##TT##{"t":"gen","evals":70080,"sec":8333.4,"gen":364,"fit":0.8054,"fDef":0.9167,"fPB":0.9312,"fPush":0.8516,"fSelf":0.5046,"best":0.8306,"min":0.4436}
##TT##{"t":"gen","evals":70272,"sec":8356,"gen":365,"fit":0.8188,"fDef":0.9215,"fPB":0.9498,"fPush":0.8875,"fSelf":0.5077,"best":0.8306,"min":0.4769}
##TT##{"t":"gen","evals":70464,"sec":8379,"gen":366,"fit":0.8095,"fDef":0.898,"fPB":0.9395,"fPush":0.8713,"fSelf":0.5176,"best":0.8306,"min":0.4226}
##TT##{"t":"gen","evals":70656,"sec":8402.1,"gen":367,"fit":0.8121,"fDef":0.9215,"fPB":0.9413,"fPush":0.8643,"fSelf":0.5057,"best":0.8306,"min":0.3779}
##TT##{"t":"gen","evals":70848,"sec":8426.2,"gen":368,"fit":0.8124,"fDef":0.9076,"fPB":0.9264,"fPush":0.8714,"fSelf":0.5364,"best":0.8306,"min":0.3772}
##TT##{"t":"gen","evals":71040,"sec":8449.6,"gen":369,"fit":0.8079,"fDef":0.9248,"fPB":0.933,"fPush":0.8923,"fSelf":0.4819,"best":0.8306,"min":0.4186}
##TT##{"t":"gen","evals":71232,"sec":8472.4,"gen":370,"fit":0.8153,"fDef":0.9299,"fPB":0.9363,"fPush":0.8643,"fSelf":0.5162,"best":0.8306,"min":0.2955}
gen 370  top.fit=0.8153 (vsDef=0.930 vsPB=0.936 vsPush=0.864 vsSelf=0.516)  best=0.8306  [8472.412s]
##TT##{"t":"gen","evals":71424,"sec":8495.3,"gen":371,"fit":0.8078,"fDef":0.9171,"fPB":0.9497,"fPush":0.8493,"fSelf":0.4906,"best":0.8306,"min":0.4296}
##TT##{"t":"gen","evals":71616,"sec":8517.8,"gen":372,"fit":0.809,"fDef":0.9151,"fPB":0.9297,"fPush":0.883,"fSelf":0.5051,"best":0.8306,"min":0.5552}
##TT##{"t":"gen","evals":71808,"sec":8540.8,"gen":373,"fit":0.8098,"fDef":0.9119,"fPB":0.9347,"fPush":0.8762,"fSelf":0.5087,"best":0.8306,"min":0.455}
##TT##{"t":"gen","evals":72000,"sec":8564.2,"gen":374,"fit":0.8087,"fDef":0.9203,"fPB":0.9249,"fPush":0.8558,"fSelf":0.5197,"best":0.8306,"min":0.4345}
##TT##{"t":"gen","evals":72192,"sec":8587.1,"gen":375,"fit":0.8091,"fDef":0.9153,"fPB":0.9362,"fPush":0.867,"fSelf":0.5054,"best":0.8306,"min":0.5101}
##TT##{"t":"gen","evals":72384,"sec":8610.4,"gen":376,"fit":0.8106,"fDef":0.9215,"fPB":0.9264,"fPush":0.8703,"fSelf":0.516,"best":0.8306,"min":0.4501}
##TT##{"t":"gen","evals":72576,"sec":8633.2,"gen":377,"fit":0.812,"fDef":0.912,"fPB":0.943,"fPush":0.8759,"fSelf":0.5063,"best":0.8306,"min":0.5857}
##TT##{"t":"gen","evals":72768,"sec":8655.6,"gen":378,"fit":0.8112,"fDef":0.8967,"fPB":0.948,"fPush":0.8844,"fSelf":0.5076,"best":0.8306,"min":0.423}
##TT##{"t":"gen","evals":72960,"sec":8679.1,"gen":379,"fit":0.7989,"fDef":0.9028,"fPB":0.9265,"fPush":0.8743,"fSelf":0.4876,"best":0.8306,"min":0.3979}
##TT##{"t":"gen","evals":73152,"sec":8701.6,"gen":380,"fit":0.8133,"fDef":0.9184,"fPB":0.9447,"fPush":0.856,"fSelf":0.5133,"best":0.8306,"min":0.3885}
gen 380  top.fit=0.8133 (vsDef=0.918 vsPB=0.945 vsPush=0.856 vsSelf=0.513)  best=0.8306  [8701.638s]
##TT##{"t":"gen","evals":73344,"sec":8724.9,"gen":381,"fit":0.8121,"fDef":0.9217,"fPB":0.9345,"fPush":0.889,"fSelf":0.5012,"best":0.8306,"min":0.4058}
##TT##{"t":"gen","evals":73536,"sec":8747.5,"gen":382,"fit":0.8183,"fDef":0.9136,"fPB":0.943,"fPush":0.8875,"fSelf":0.5225,"best":0.8306,"min":0.5106}
##TT##{"t":"gen","evals":73728,"sec":8770.3,"gen":383,"fit":0.8076,"fDef":0.9136,"fPB":0.9151,"fPush":0.9041,"fSelf":0.5089,"best":0.8306,"min":0.4956}
##TT##{"t":"gen","evals":73920,"sec":8793.4,"gen":384,"fit":0.8193,"fDef":0.9333,"fPB":0.92,"fPush":0.8642,"fSelf":0.5492,"best":0.8306,"min":0.5113}
##TT##{"t":"gen","evals":74112,"sec":8815.7,"gen":385,"fit":0.8172,"fDef":0.9329,"fPB":0.9451,"fPush":0.8687,"fSelf":0.5067,"best":0.8306,"min":0.3564}
##TT##{"t":"gen","evals":74304,"sec":8838.8,"gen":386,"fit":0.8103,"fDef":0.92,"fPB":0.9231,"fPush":0.8448,"fSelf":0.5345,"best":0.8306,"min":0.5041}
##TT##{"t":"gen","evals":74496,"sec":8861.4,"gen":387,"fit":0.8066,"fDef":0.9247,"fPB":0.9329,"fPush":0.8329,"fSelf":0.5093,"best":0.8306,"min":0.4866}
##TT##{"t":"gen","evals":74688,"sec":8884.3,"gen":388,"fit":0.8106,"fDef":0.9345,"fPB":0.9199,"fPush":0.8699,"fSelf":0.5117,"best":0.8306,"min":0.4447}
##TT##{"t":"gen","evals":74880,"sec":8907.3,"gen":389,"fit":0.8092,"fDef":0.9167,"fPB":0.9329,"fPush":0.8656,"fSelf":0.5096,"best":0.8306,"min":0.4727}
##TT##{"t":"gen","evals":75072,"sec":8930,"gen":390,"fit":0.8159,"fDef":0.9184,"fPB":0.9362,"fPush":0.8949,"fSelf":0.5137,"best":0.8306,"min":0.3907}
gen 390  top.fit=0.8159 (vsDef=0.918 vsPB=0.936 vsPush=0.895 vsSelf=0.514)  best=0.8306  [8930.012s]
##TT##{"t":"gen","evals":75264,"sec":8952.8,"gen":391,"fit":0.8107,"fDef":0.9185,"fPB":0.9379,"fPush":0.889,"fSelf":0.4945,"best":0.8306,"min":0.5069}
##TT##{"t":"gen","evals":75456,"sec":8975.9,"gen":392,"fit":0.8153,"fDef":0.9026,"fPB":0.9347,"fPush":0.8907,"fSelf":0.5315,"best":0.8306,"min":0.4259}
##TT##{"t":"gen","evals":75648,"sec":8998.4,"gen":393,"fit":0.8007,"fDef":0.911,"fPB":0.928,"fPush":0.8714,"fSelf":0.486,"best":0.8306,"min":0.4169}
##TT##{"t":"gen","evals":75840,"sec":9021.4,"gen":394,"fit":0.8101,"fDef":0.9059,"fPB":0.9412,"fPush":0.8861,"fSelf":0.502,"best":0.8306,"min":0.4846}
##TT##{"t":"gen","evals":76032,"sec":9043.5,"gen":395,"fit":0.8092,"fDef":0.928,"fPB":0.9283,"fPush":0.8759,"fSelf":0.4989,"best":0.8306,"min":0.5981}
##TT##{"t":"gen","evals":76224,"sec":9066.4,"gen":396,"fit":0.8073,"fDef":0.9282,"fPB":0.9429,"fPush":0.8628,"fSelf":0.4792,"best":0.8306,"min":0.5254}
##TT##{"t":"gen","evals":76416,"sec":9089.9,"gen":397,"fit":0.8196,"fDef":0.9168,"fPB":0.9549,"fPush":0.8743,"fSelf":0.5161,"best":0.8306,"min":0.5105}
##TT##{"t":"gen","evals":76608,"sec":9112.5,"gen":398,"fit":0.8084,"fDef":0.9247,"fPB":0.9138,"fPush":0.8672,"fSelf":0.5226,"best":0.8306,"min":0.5378}
##TT##{"t":"gen","evals":76800,"sec":9135.1,"gen":399,"fit":0.8152,"fDef":0.9216,"fPB":0.9496,"fPush":0.8859,"fSelf":0.4948,"best":0.8306,"min":0.355}
##TT##{"t":"gen","evals":76992,"sec":9158,"gen":400,"fit":0.8062,"fDef":0.92,"fPB":0.9396,"fPush":0.8548,"fSelf":0.4917,"best":0.8306,"min":0.5434}
gen 400  top.fit=0.8062 (vsDef=0.920 vsPB=0.940 vsPush=0.855 vsSelf=0.492)  best=0.8306  [9158.05s]
##TT##{"t":"gen","evals":77184,"sec":9181.6,"gen":401,"fit":0.8069,"fDef":0.9231,"fPB":0.9332,"fPush":0.8558,"fSelf":0.4992,"best":0.8306,"min":0.3914}
##TT##{"t":"gen","evals":77376,"sec":9205,"gen":402,"fit":0.8059,"fDef":0.9074,"fPB":0.9531,"fPush":0.8575,"fSelf":0.484,"best":0.8306,"min":0.5571}
##TT##{"t":"gen","evals":77568,"sec":9228.6,"gen":403,"fit":0.8068,"fDef":0.9027,"fPB":0.9497,"fPush":0.8544,"fSelf":0.4985,"best":0.8306,"min":0.3521}
##TT##{"t":"gen","evals":77760,"sec":9251.5,"gen":404,"fit":0.8091,"fDef":0.9263,"fPB":0.9412,"fPush":0.8533,"fSelf":0.4954,"best":0.8306,"min":0.4664}
##TT##{"t":"gen","evals":77952,"sec":9274.8,"gen":405,"fit":0.8104,"fDef":0.9167,"fPB":0.9316,"fPush":0.8573,"fSelf":0.5206,"best":0.8306,"min":0.4495}
##TT##{"t":"gen","evals":78144,"sec":9297.5,"gen":406,"fit":0.8183,"fDef":0.9231,"fPB":0.9635,"fPush":0.8643,"fSelf":0.4989,"best":0.8306,"min":0.5557}
##TT##{"t":"gen","evals":78336,"sec":9320.5,"gen":407,"fit":0.8122,"fDef":0.9312,"fPB":0.9445,"fPush":0.867,"fSelf":0.4905,"best":0.8306,"min":0.4521}
##TT##{"t":"gen","evals":78528,"sec":9342.7,"gen":408,"fit":0.8063,"fDef":0.9076,"fPB":0.9414,"fPush":0.8743,"fSelf":0.4915,"best":0.8306,"min":0.4737}
##TT##{"t":"gen","evals":78720,"sec":9365,"gen":409,"fit":0.8105,"fDef":0.9088,"fPB":0.9395,"fPush":0.8586,"fSelf":0.5176,"best":0.8306,"min":0.4902}
##TT##{"t":"gen","evals":78912,"sec":9387.2,"gen":410,"fit":0.8134,"fDef":0.9153,"fPB":0.9345,"fPush":0.8628,"fSelf":0.5267,"best":0.8306,"min":0.4692}
gen 410  top.fit=0.8134 (vsDef=0.915 vsPB=0.935 vsPush=0.863 vsSelf=0.527)  best=0.8306  [9387.177s]
##TT##{"t":"gen","evals":79104,"sec":9409.3,"gen":411,"fit":0.8135,"fDef":0.9217,"fPB":0.9379,"fPush":0.8714,"fSelf":0.5115,"best":0.8306,"min":0.3588}
##TT##{"t":"gen","evals":79296,"sec":9431,"gen":412,"fit":0.8087,"fDef":0.9138,"fPB":0.9379,"fPush":0.8689,"fSelf":0.5023,"best":0.8306,"min":0.4885}
##TT##{"t":"gen","evals":79488,"sec":9452.5,"gen":413,"fit":0.814,"fDef":0.9136,"fPB":0.9514,"fPush":0.8744,"fSelf":0.5023,"best":0.8306,"min":0.4047}
##TT##{"t":"gen","evals":79680,"sec":9474.5,"gen":414,"fit":0.8054,"fDef":0.9088,"fPB":0.9378,"fPush":0.8574,"fSelf":0.501,"best":0.8306,"min":0.4399}
##TT##{"t":"gen","evals":79872,"sec":9496.4,"gen":415,"fit":0.8112,"fDef":0.9247,"fPB":0.9266,"fPush":0.8544,"fSelf":0.5236,"best":0.8306,"min":0.4263}
##TT##{"t":"gen","evals":80064,"sec":9519,"gen":416,"fit":0.8103,"fDef":0.8949,"fPB":0.9296,"fPush":0.8563,"fSelf":0.5448,"best":0.8306,"min":0.4779}
##TT##{"t":"gen","evals":80256,"sec":9542.2,"gen":417,"fit":0.8092,"fDef":0.9091,"fPB":0.9379,"fPush":0.8804,"fSelf":0.5028,"best":0.8306,"min":0.4498}
##TT##{"t":"gen","evals":80448,"sec":9564.4,"gen":418,"fit":0.8107,"fDef":0.9187,"fPB":0.93,"fPush":0.8672,"fSelf":0.5161,"best":0.8306,"min":0.4799}
##TT##{"t":"gen","evals":80640,"sec":9586.5,"gen":419,"fit":0.8146,"fDef":0.9264,"fPB":0.9482,"fPush":0.8981,"fSelf":0.4834,"best":0.8306,"min":0.5481}
##TT##{"t":"gen","evals":80832,"sec":9610.7,"gen":420,"fit":0.8095,"fDef":0.9135,"fPB":0.948,"fPush":0.8544,"fSelf":0.5003,"best":0.8306,"min":0.4544}
gen 420  top.fit=0.8095 (vsDef=0.914 vsPB=0.948 vsPush=0.854 vsSelf=0.500)  best=0.8306  [9610.715s]
##TT##{"t":"gen","evals":81024,"sec":9633.5,"gen":421,"fit":0.8071,"fDef":0.9216,"fPB":0.9183,"fPush":0.8438,"fSelf":0.5275,"best":0.8306,"min":0.4244}
##TT##{"t":"gen","evals":81216,"sec":9657.1,"gen":422,"fit":0.8158,"fDef":0.9186,"fPB":0.9429,"fPush":0.8491,"fSelf":0.529,"best":0.8306,"min":0.4483}
##TT##{"t":"gen","evals":81408,"sec":9680.9,"gen":423,"fit":0.8133,"fDef":0.9248,"fPB":0.9329,"fPush":0.8774,"fSelf":0.5108,"best":0.8306,"min":0.4364}
##TT##{"t":"gen","evals":81600,"sec":9704.7,"gen":424,"fit":0.8091,"fDef":0.9151,"fPB":0.9395,"fPush":0.8772,"fSelf":0.4957,"best":0.8306,"min":0.4165}
##TT##{"t":"gen","evals":81792,"sec":9728.1,"gen":425,"fit":0.8158,"fDef":0.9074,"fPB":0.9462,"fPush":0.8545,"fSelf":0.5326,"best":0.8306,"min":0.4644}
##TT##{"t":"gen","evals":81984,"sec":9751.9,"gen":426,"fit":0.8125,"fDef":0.9312,"fPB":0.9282,"fPush":0.8757,"fSelf":0.5083,"best":0.8306,"min":0.5341}
##TT##{"t":"gen","evals":82176,"sec":9775.3,"gen":427,"fit":0.8106,"fDef":0.9045,"fPB":0.9549,"fPush":0.8642,"fSelf":0.499,"best":0.8306,"min":0.4531}
##TT##{"t":"gen","evals":82368,"sec":9798.7,"gen":428,"fit":0.8064,"fDef":0.9233,"fPB":0.9151,"fPush":0.8684,"fSelf":0.5139,"best":0.8306,"min":0.5685}
##TT##{"t":"gen","evals":82560,"sec":9821.6,"gen":429,"fit":0.8044,"fDef":0.9026,"fPB":0.9533,"fPush":0.8472,"fSelf":0.4885,"best":0.8306,"min":0.6333}
##TT##{"t":"gen","evals":82752,"sec":9845,"gen":430,"fit":0.8112,"fDef":0.9286,"fPB":0.9429,"fPush":0.86,"fSelf":0.4951,"best":0.8306,"min":0.5271}
gen 430  top.fit=0.8112 (vsDef=0.929 vsPB=0.943 vsPush=0.860 vsSelf=0.495)  best=0.8306  [9844.955s]
##TT##{"t":"gen","evals":82944,"sec":9867.9,"gen":431,"fit":0.8128,"fDef":0.9231,"fPB":0.9451,"fPush":0.8665,"fSelf":0.5008,"best":0.8306,"min":0.494}
##TT##{"t":"gen","evals":83136,"sec":9891.4,"gen":432,"fit":0.8178,"fDef":0.9265,"fPB":0.9231,"fPush":0.883,"fSelf":0.5363,"best":0.8306,"min":0.4777}
##TT##{"t":"gen","evals":83328,"sec":9915.2,"gen":433,"fit":0.8144,"fDef":0.9218,"fPB":0.9412,"fPush":0.8699,"fSelf":0.5114,"best":0.8306,"min":0.5171}
##TT##{"t":"gen","evals":83520,"sec":9938.8,"gen":434,"fit":0.825,"fDef":0.9215,"fPB":0.9432,"fPush":0.8751,"fSelf":0.5469,"best":0.8306,"min":0.4191}
##TT##{"t":"gen","evals":83712,"sec":9962.2,"gen":435,"fit":0.8306,"fDef":0.9203,"fPB":0.9653,"fPush":0.8772,"fSelf":0.5396,"best":0.8306,"min":0.5414}
##TT##{"t":"gen","evals":83904,"sec":9985.9,"gen":436,"fit":0.8136,"fDef":0.9167,"fPB":0.9265,"fPush":0.8684,"fSelf":0.5333,"best":0.8306,"min":0.4191}
##TT##{"t":"gen","evals":84096,"sec":10008.7,"gen":437,"fit":0.8162,"fDef":0.9264,"fPB":0.9486,"fPush":0.8699,"fSelf":0.5042,"best":0.8306,"min":0.5049}
##TT##{"t":"gen","evals":84288,"sec":10032,"gen":438,"fit":0.8152,"fDef":0.9313,"fPB":0.9349,"fPush":0.8758,"fSelf":0.5102,"best":0.8306,"min":0.4037}
##TT##{"t":"gen","evals":84480,"sec":10055.7,"gen":439,"fit":0.8145,"fDef":0.9346,"fPB":0.9378,"fPush":0.8579,"fSelf":0.5099,"best":0.8306,"min":0.5036}
##TT##{"t":"gen","evals":84672,"sec":10078.8,"gen":440,"fit":0.8137,"fDef":0.9379,"fPB":0.9413,"fPush":0.8547,"fSelf":0.5004,"best":0.8306,"min":0.4608}
gen 440  top.fit=0.8137 (vsDef=0.938 vsPB=0.941 vsPush=0.855 vsSelf=0.500)  best=0.8306  [10078.755s]
##TT##{"t":"gen","evals":84864,"sec":10102.3,"gen":441,"fit":0.8094,"fDef":0.9135,"fPB":0.9532,"fPush":0.8701,"fSelf":0.4845,"best":0.8306,"min":0.5488}
##TT##{"t":"gen","evals":85056,"sec":10125.5,"gen":442,"fit":0.8105,"fDef":0.9135,"fPB":0.9429,"fPush":0.886,"fSelf":0.4936,"best":0.8306,"min":0.4517}
##TT##{"t":"gen","evals":85248,"sec":10148.4,"gen":443,"fit":0.8183,"fDef":0.9215,"fPB":0.9413,"fPush":0.8659,"fSelf":0.5285,"best":0.8306,"min":0.5054}
##TT##{"t":"gen","evals":85440,"sec":10172.6,"gen":444,"fit":0.8176,"fDef":0.9312,"fPB":0.9413,"fPush":0.8671,"fSelf":0.5156,"best":0.8306,"min":0.4917}
##TT##{"t":"gen","evals":85632,"sec":10196.5,"gen":445,"fit":0.818,"fDef":0.9203,"fPB":0.9415,"fPush":0.8805,"fSelf":0.5204,"best":0.8306,"min":0.328}
##TT##{"t":"gen","evals":85824,"sec":10220,"gen":446,"fit":0.8099,"fDef":0.9248,"fPB":0.9347,"fPush":0.8585,"fSelf":0.5057,"best":0.8306,"min":0.4796}
##TT##{"t":"gen","evals":86016,"sec":10243.4,"gen":447,"fit":0.8142,"fDef":0.9247,"fPB":0.9497,"fPush":0.8586,"fSelf":0.5025,"best":0.8306,"min":0.4933}
##TT##{"t":"gen","evals":86208,"sec":10265.8,"gen":448,"fit":0.8132,"fDef":0.9151,"fPB":0.9296,"fPush":0.8748,"fSelf":0.5258,"best":0.8306,"min":0.5341}
##TT##{"t":"gen","evals":86400,"sec":10289.4,"gen":449,"fit":0.8187,"fDef":0.9203,"fPB":0.948,"fPush":0.8771,"fSelf":0.5167,"best":0.8306,"min":0.4093}
##TT##{"t":"gen","evals":86592,"sec":10312.1,"gen":450,"fit":0.8132,"fDef":0.9168,"fPB":0.9345,"fPush":0.8727,"fSelf":0.5189,"best":0.8306,"min":0.4644}
gen 450  top.fit=0.8132 (vsDef=0.917 vsPB=0.935 vsPush=0.873 vsSelf=0.519)  best=0.8306  [10312.128s]
##TT##{"t":"gen","evals":86784,"sec":10335,"gen":451,"fit":0.8104,"fDef":0.8844,"fPB":0.9279,"fPush":0.8685,"fSelf":0.5514,"best":0.8306,"min":0.4067}
##TT##{"t":"gen","evals":86976,"sec":10358.4,"gen":452,"fit":0.8266,"fDef":0.9297,"fPB":0.9479,"fPush":0.898,"fSelf":0.5266,"best":0.8306,"min":0.3913}
##TT##{"t":"gen","evals":87168,"sec":10382.1,"gen":453,"fit":0.8184,"fDef":0.9183,"fPB":0.9514,"fPush":0.8699,"fSelf":0.5168,"best":0.8306,"min":0.6236}
##TT##{"t":"gen","evals":87360,"sec":10405.6,"gen":454,"fit":0.8243,"fDef":0.9329,"fPB":0.9395,"fPush":0.8657,"fSelf":0.5427,"best":0.8306,"min":0.5134}
##TT##{"t":"gen","evals":87552,"sec":10429.1,"gen":455,"fit":0.8184,"fDef":0.9168,"fPB":0.9429,"fPush":0.841,"fSelf":0.545,"best":0.8306,"min":0.375}
##TT##{"t":"gen","evals":87744,"sec":10452.1,"gen":456,"fit":0.8147,"fDef":0.9057,"fPB":0.9362,"fPush":0.8771,"fSelf":0.5312,"best":0.8306,"min":0.4816}
##TT##{"t":"gen","evals":87936,"sec":10475.3,"gen":457,"fit":0.812,"fDef":0.9379,"fPB":0.9247,"fPush":0.8742,"fSelf":0.5052,"best":0.8306,"min":0.5364}
##TT##{"t":"gen","evals":88128,"sec":10498.9,"gen":458,"fit":0.8185,"fDef":0.9013,"fPB":0.9635,"fPush":0.883,"fSelf":0.5113,"best":0.8306,"min":0.4994}
##TT##{"t":"gen","evals":88320,"sec":10522.8,"gen":459,"fit":0.8132,"fDef":0.9183,"fPB":0.9429,"fPush":0.8787,"fSelf":0.5034,"best":0.8306,"min":0.3561}
##TT##{"t":"gen","evals":88512,"sec":10545.9,"gen":460,"fit":0.8079,"fDef":0.9248,"fPB":0.9452,"fPush":0.8413,"fSelf":0.4935,"best":0.8306,"min":0.444}
gen 460  top.fit=0.8079 (vsDef=0.925 vsPB=0.945 vsPush=0.841 vsSelf=0.493)  best=0.8306  [10545.929s]
##TT##{"t":"gen","evals":88704,"sec":10569.9,"gen":461,"fit":0.8207,"fDef":0.9104,"fPB":0.9497,"fPush":0.8532,"fSelf":0.5449,"best":0.8306,"min":0.427}
##TT##{"t":"gen","evals":88896,"sec":10593.6,"gen":462,"fit":0.8166,"fDef":0.9232,"fPB":0.9514,"fPush":0.88,"fSelf":0.4998,"best":0.8306,"min":0.4337}
##TT##{"t":"gen","evals":89088,"sec":10617.2,"gen":463,"fit":0.8277,"fDef":0.9329,"fPB":0.9565,"fPush":0.8804,"fSelf":0.5257,"best":0.8306,"min":0.3687}
##TT##{"t":"gen","evals":89280,"sec":10640.2,"gen":464,"fit":0.8155,"fDef":0.9231,"fPB":0.92,"fPush":0.883,"fSelf":0.5351,"best":0.8306,"min":0.4467}
##TT##{"t":"gen","evals":89472,"sec":10663.8,"gen":465,"fit":0.8136,"fDef":0.9264,"fPB":0.9312,"fPush":0.8656,"fSelf":0.5189,"best":0.8306,"min":0.4582}
##TT##{"t":"gen","evals":89664,"sec":10687.3,"gen":466,"fit":0.8103,"fDef":0.9279,"fPB":0.9279,"fPush":0.8605,"fSelf":0.5119,"best":0.8306,"min":0.549}
##TT##{"t":"gen","evals":89856,"sec":10710.7,"gen":467,"fit":0.8222,"fDef":0.9362,"fPB":0.9532,"fPush":0.8577,"fSelf":0.5177,"best":0.8306,"min":0.5938}
##TT##{"t":"gen","evals":90048,"sec":10734.7,"gen":468,"fit":0.8174,"fDef":0.9154,"fPB":0.9618,"fPush":0.8845,"fSelf":0.4942,"best":0.8306,"min":0.4611}
##TT##{"t":"gen","evals":90240,"sec":10759.5,"gen":469,"fit":0.8162,"fDef":0.9151,"fPB":0.9445,"fPush":0.8773,"fSelf":0.5164,"best":0.8306,"min":0.479}
##TT##{"t":"gen","evals":90432,"sec":10783.5,"gen":470,"fit":0.8139,"fDef":0.9412,"fPB":0.9429,"fPush":0.8462,"fSelf":0.5007,"best":0.8306,"min":0.5737}
gen 470  top.fit=0.8139 (vsDef=0.941 vsPB=0.943 vsPush=0.846 vsSelf=0.501)  best=0.8306  [10783.531s]
##TT##{"t":"gen","evals":90624,"sec":10806.4,"gen":471,"fit":0.8192,"fDef":0.9137,"fPB":0.9445,"fPush":0.8672,"fSelf":0.535,"best":0.8306,"min":0.4877}
##TT##{"t":"gen","evals":90816,"sec":10830,"gen":472,"fit":0.8173,"fDef":0.9231,"fPB":0.9362,"fPush":0.8713,"fSelf":0.5271,"best":0.8306,"min":0.4984}
##TT##{"t":"gen","evals":91008,"sec":10853.4,"gen":473,"fit":0.8182,"fDef":0.9329,"fPB":0.9552,"fPush":0.8586,"fSelf":0.5028,"best":0.8306,"min":0.5435}
##TT##{"t":"gen","evals":91200,"sec":10876.6,"gen":474,"fit":0.818,"fDef":0.9152,"fPB":0.9534,"fPush":0.8503,"fSelf":0.5265,"best":0.8306,"min":0.3764}
##TT##{"t":"gen","evals":91392,"sec":10901,"gen":475,"fit":0.8155,"fDef":0.9074,"fPB":0.9462,"fPush":0.8605,"fSelf":0.5283,"best":0.8306,"min":0.4067}
##TT##{"t":"gen","evals":91584,"sec":10924.8,"gen":476,"fit":0.8275,"fDef":0.9189,"fPB":0.9584,"fPush":0.88,"fSelf":0.5365,"best":0.8306,"min":0.4747}
##TT##{"t":"gen","evals":91776,"sec":10948.9,"gen":477,"fit":0.8152,"fDef":0.9042,"fPB":0.9618,"fPush":0.889,"fSelf":0.4948,"best":0.8306,"min":0.4443}
##TT##{"t":"gen","evals":91968,"sec":10973.9,"gen":478,"fit":0.8189,"fDef":0.9215,"fPB":0.9462,"fPush":0.8757,"fSelf":0.5193,"best":0.8306,"min":0.4496}
##TT##{"t":"gen","evals":92160,"sec":10998.1,"gen":479,"fit":0.8229,"fDef":0.9264,"fPB":0.9514,"fPush":0.8642,"fSelf":0.5292,"best":0.8306,"min":0.4462}
##TT##{"t":"gen","evals":92352,"sec":11021.6,"gen":480,"fit":0.8154,"fDef":0.9247,"fPB":0.9412,"fPush":0.8787,"fSelf":0.5075,"best":0.8306,"min":0.4682}
gen 480  top.fit=0.8154 (vsDef=0.925 vsPB=0.941 vsPush=0.879 vsSelf=0.507)  best=0.8306  [11021.638s]
##TT##{"t":"gen","evals":92544,"sec":11045.8,"gen":481,"fit":0.8176,"fDef":0.9072,"fPB":0.9496,"fPush":0.8589,"fSelf":0.533,"best":0.8306,"min":0.4737}
##TT##{"t":"gen","evals":92736,"sec":11069.4,"gen":482,"fit":0.8212,"fDef":0.9314,"fPB":0.9395,"fPush":0.87,"fSelf":0.53,"best":0.8306,"min":0.5771}
##TT##{"t":"gen","evals":92928,"sec":11093.4,"gen":483,"fit":0.8168,"fDef":0.9199,"fPB":0.9548,"fPush":0.87,"fSelf":0.5046,"best":0.8306,"min":0.4868}
##TT##{"t":"gen","evals":93120,"sec":11116.4,"gen":484,"fit":0.8195,"fDef":0.9041,"fPB":0.9378,"fPush":0.8773,"fSelf":0.5492,"best":0.8306,"min":0.4085}
##TT##{"t":"gen","evals":93312,"sec":11139.9,"gen":485,"fit":0.8188,"fDef":0.9167,"fPB":0.9462,"fPush":0.8875,"fSelf":0.5173,"best":0.8306,"min":0.6142}
##TT##{"t":"gen","evals":93504,"sec":11164,"gen":486,"fit":0.8235,"fDef":0.9121,"fPB":0.9531,"fPush":0.8729,"fSelf":0.5388,"best":0.8306,"min":0.3268}
##TT##{"t":"gen","evals":93696,"sec":11187.9,"gen":487,"fit":0.8195,"fDef":0.928,"fPB":0.9433,"fPush":0.8874,"fSelf":0.5127,"best":0.8306,"min":0.5755}
##TT##{"t":"gen","evals":93888,"sec":11212,"gen":488,"fit":0.8099,"fDef":0.9216,"fPB":0.9433,"fPush":0.8643,"fSelf":0.4946,"best":0.8306,"min":0.2858}
##TT##{"t":"gen","evals":94080,"sec":11235.7,"gen":489,"fit":0.8139,"fDef":0.9183,"fPB":0.9463,"fPush":0.8756,"fSelf":0.5033,"best":0.8306,"min":0.4478}
##TT##{"t":"gen","evals":94272,"sec":11259,"gen":490,"fit":0.8213,"fDef":0.9154,"fPB":0.9462,"fPush":0.8558,"fSelf":0.545,"best":0.8306,"min":0.5222}
gen 490  top.fit=0.8213 (vsDef=0.915 vsPB=0.946 vsPush=0.856 vsSelf=0.545)  best=0.8306  [11258.983s]
##TT##{"t":"gen","evals":94464,"sec":11281.9,"gen":491,"fit":0.822,"fDef":0.9247,"fPB":0.9463,"fPush":0.9026,"fSelf":0.5133,"best":0.8306,"min":0.592}
##TT##{"t":"gen","evals":94656,"sec":11305,"gen":492,"fit":0.8198,"fDef":0.9218,"fPB":0.9463,"fPush":0.8833,"fSelf":0.5182,"best":0.8306,"min":0.4615}
##TT##{"t":"gen","evals":94848,"sec":11328.3,"gen":493,"fit":0.8263,"fDef":0.9247,"fPB":0.9429,"fPush":0.8617,"fSelf":0.5562,"best":0.8306,"min":0.4406}
##TT##{"t":"gen","evals":95040,"sec":11351.7,"gen":494,"fit":0.8127,"fDef":0.9168,"fPB":0.9382,"fPush":0.8743,"fSelf":0.5112,"best":0.8306,"min":0.4492}
##TT##{"t":"gen","evals":95232,"sec":11375.4,"gen":495,"fit":0.8307,"fDef":0.9379,"fPB":0.9481,"fPush":0.8773,"fSelf":0.5448,"best":0.8307,"min":0.5177}
##TT##{"t":"gen","evals":95424,"sec":11398.7,"gen":496,"fit":0.8109,"fDef":0.9183,"fPB":0.9499,"fPush":0.8585,"fSelf":0.496,"best":0.8307,"min":0.6653}
##TT##{"t":"gen","evals":95616,"sec":11422.4,"gen":497,"fit":0.8083,"fDef":0.9347,"fPB":0.9298,"fPush":0.8757,"fSelf":0.4869,"best":0.8307,"min":0.569}
##TT##{"t":"gen","evals":95808,"sec":11446.1,"gen":498,"fit":0.8145,"fDef":0.9247,"fPB":0.9362,"fPush":0.88,"fSelf":0.5098,"best":0.8307,"min":0.393}
##TT##{"t":"gen","evals":96000,"sec":11469.9,"gen":499,"fit":0.814,"fDef":0.9312,"fPB":0.9446,"fPush":0.8815,"fSelf":0.4897,"best":0.8307,"min":0.4642}
##TT##{"t":"gen","evals":96192,"sec":11494.2,"gen":500,"fit":0.8129,"fDef":0.9218,"fPB":0.9514,"fPush":0.8659,"fSelf":0.4945,"best":0.8307,"min":0.4317}
gen 500  top.fit=0.8129 (vsDef=0.922 vsPB=0.951 vsPush=0.866 vsSelf=0.495)  best=0.8307  [11494.189s]
##TT##{"t":"gen","evals":96384,"sec":11517.7,"gen":501,"fit":0.8103,"fDef":0.9395,"fPB":0.9462,"fPush":0.8786,"fSelf":0.4666,"best":0.8307,"min":0.4335}
##TT##{"t":"gen","evals":96576,"sec":11541.8,"gen":502,"fit":0.8124,"fDef":0.9026,"fPB":0.9462,"fPush":0.8745,"fSelf":0.5137,"best":0.8307,"min":0.4573}
##TT##{"t":"gen","evals":96768,"sec":11565.9,"gen":503,"fit":0.8099,"fDef":0.9137,"fPB":0.9602,"fPush":0.8544,"fSelf":0.4857,"best":0.8307,"min":0.4429}
##TT##{"t":"gen","evals":96960,"sec":11589.8,"gen":504,"fit":0.8165,"fDef":0.9296,"fPB":0.9486,"fPush":0.8801,"fSelf":0.4964,"best":0.8307,"min":0.4567}
##TT##{"t":"gen","evals":97152,"sec":11613.1,"gen":505,"fit":0.8089,"fDef":0.9088,"fPB":0.9447,"fPush":0.8656,"fSelf":0.5009,"best":0.8307,"min":0.4228}
##TT##{"t":"gen","evals":97344,"sec":11636.6,"gen":506,"fit":0.8113,"fDef":0.9279,"fPB":0.9463,"fPush":0.883,"fSelf":0.4796,"best":0.8307,"min":0.4293}
##TT##{"t":"gen","evals":97536,"sec":11660.5,"gen":507,"fit":0.8206,"fDef":0.9167,"fPB":0.9535,"fPush":0.8876,"fSelf":0.5148,"best":0.8307,"min":0.4239}
##TT##{"t":"gen","evals":97728,"sec":11683.3,"gen":508,"fit":0.812,"fDef":0.9151,"fPB":0.9531,"fPush":0.8964,"fSelf":0.4789,"best":0.8307,"min":0.4494}
##TT##{"t":"gen","evals":97920,"sec":11706.2,"gen":509,"fit":0.8089,"fDef":0.9135,"fPB":0.9565,"fPush":0.8503,"fSelf":0.4889,"best":0.8307,"min":0.4985}
##TT##{"t":"gen","evals":98112,"sec":11728.7,"gen":510,"fit":0.8134,"fDef":0.9199,"fPB":0.9447,"fPush":0.8744,"fSelf":0.5022,"best":0.8307,"min":0.4864}
gen 510  top.fit=0.8134 (vsDef=0.920 vsPB=0.945 vsPush=0.874 vsSelf=0.502)  best=0.8307  [11728.725s]
##TT##{"t":"gen","evals":98304,"sec":11751,"gen":511,"fit":0.8168,"fDef":0.9088,"fPB":0.9583,"fPush":0.898,"fSelf":0.496,"best":0.8307,"min":0.6203}
##TT##{"t":"gen","evals":98496,"sec":11773.9,"gen":512,"fit":0.8127,"fDef":0.9185,"fPB":0.9514,"fPush":0.8656,"fSelf":0.4972,"best":0.8307,"min":0.592}
##TT##{"t":"gen","evals":98688,"sec":11796.9,"gen":513,"fit":0.8102,"fDef":0.9247,"fPB":0.9514,"fPush":0.8771,"fSelf":0.475,"best":0.8307,"min":0.34}
##TT##{"t":"gen","evals":98880,"sec":11819,"gen":514,"fit":0.8168,"fDef":0.9168,"fPB":0.9517,"fPush":0.86,"fSelf":0.5172,"best":0.8307,"min":0.5797}
##TT##{"t":"gen","evals":99072,"sec":11841.9,"gen":515,"fit":0.8082,"fDef":0.9027,"fPB":0.948,"fPush":0.8685,"fSelf":0.4983,"best":0.8307,"min":0.4339}
##TT##{"t":"gen","evals":99264,"sec":11864.7,"gen":516,"fit":0.82,"fDef":0.9247,"fPB":0.9583,"fPush":0.8786,"fSelf":0.5027,"best":0.8307,"min":0.4475}
##TT##{"t":"gen","evals":99456,"sec":11887.4,"gen":517,"fit":0.8157,"fDef":0.9219,"fPB":0.9653,"fPush":0.8685,"fSelf":0.4855,"best":0.8307,"min":0.557}
##TT##{"t":"gen","evals":99648,"sec":11910.1,"gen":518,"fit":0.8144,"fDef":0.9074,"fPB":0.9549,"fPush":0.8633,"fSelf":0.5114,"best":0.8307,"min":0.5175}
##TT##{"t":"gen","evals":99840,"sec":11933.1,"gen":519,"fit":0.8171,"fDef":0.9172,"fPB":0.9514,"fPush":0.8674,"fSelf":0.5142,"best":0.8307,"min":0.4511}
##TT##{"t":"gen","evals":100032,"sec":11955.8,"gen":520,"fit":0.8175,"fDef":0.9345,"fPB":0.9446,"fPush":0.8756,"fSelf":0.5029,"best":0.8307,"min":0.3535}
gen 520  top.fit=0.8175 (vsDef=0.935 vsPB=0.945 vsPush=0.876 vsSelf=0.503)  best=0.8307  [11955.808s]
##TT##{"t":"gen","evals":100224,"sec":11978.7,"gen":521,"fit":0.8221,"fDef":0.9396,"fPB":0.9531,"fPush":0.8789,"fSelf":0.5026,"best":0.8307,"min":0.5416}
##TT##{"t":"gen","evals":100416,"sec":12002.7,"gen":522,"fit":0.8164,"fDef":0.92,"fPB":0.9531,"fPush":0.8815,"fSelf":0.4988,"best":0.8307,"min":0.4647}
##TT##{"t":"gen","evals":100608,"sec":12026,"gen":523,"fit":0.8191,"fDef":0.9265,"fPB":0.9532,"fPush":0.8699,"fSelf":0.5089,"best":0.8307,"min":0.3416}
##TT##{"t":"gen","evals":100800,"sec":12049,"gen":524,"fit":0.8142,"fDef":0.9279,"fPB":0.943,"fPush":0.8816,"fSelf":0.4957,"best":0.8307,"min":0.4439}
##TT##{"t":"gen","evals":100992,"sec":12072.2,"gen":525,"fit":0.8076,"fDef":0.9103,"fPB":0.9515,"fPush":0.867,"fSelf":0.4847,"best":0.8307,"min":0.3592}
##TT##{"t":"gen","evals":101184,"sec":12094.2,"gen":526,"fit":0.8061,"fDef":0.9073,"fPB":0.9379,"fPush":0.8614,"fSelf":0.5029,"best":0.8307,"min":0.5709}
##TT##{"t":"gen","evals":101376,"sec":12116.7,"gen":527,"fit":0.8143,"fDef":0.9151,"fPB":0.9514,"fPush":0.8586,"fSelf":0.5103,"best":0.8307,"min":0.5944}
##TT##{"t":"gen","evals":101568,"sec":12139.2,"gen":528,"fit":0.8179,"fDef":0.9215,"fPB":0.9515,"fPush":0.8874,"fSelf":0.5021,"best":0.8307,"min":0.5303}
##TT##{"t":"gen","evals":101760,"sec":12162.2,"gen":529,"fit":0.806,"fDef":0.9184,"fPB":0.9346,"fPush":0.8685,"fSelf":0.4916,"best":0.8307,"min":0.5354}
##TT##{"t":"gen","evals":101952,"sec":12184.9,"gen":530,"fit":0.8078,"fDef":0.9106,"fPB":0.9395,"fPush":0.8818,"fSelf":0.4929,"best":0.8307,"min":0.3917}
gen 530  top.fit=0.8078 (vsDef=0.911 vsPB=0.940 vsPush=0.882 vsSelf=0.493)  best=0.8307  [12184.917s]
##TT##{"t":"gen","evals":102144,"sec":12207.9,"gen":531,"fit":0.8123,"fDef":0.9263,"fPB":0.9412,"fPush":0.898,"fSelf":0.4837,"best":0.8307,"min":0.4934}
##TT##{"t":"gen","evals":102336,"sec":12231.2,"gen":532,"fit":0.8056,"fDef":0.9135,"fPB":0.9566,"fPush":0.8801,"fSelf":0.4603,"best":0.8307,"min":0.5769}
##TT##{"t":"gen","evals":102528,"sec":12254.7,"gen":533,"fit":0.805,"fDef":0.8996,"fPB":0.9395,"fPush":0.8718,"fSelf":0.4985,"best":0.8307,"min":0.5618}
##TT##{"t":"gen","evals":102720,"sec":12278.1,"gen":534,"fit":0.8132,"fDef":0.9199,"fPB":0.9462,"fPush":0.8727,"fSelf":0.5006,"best":0.8307,"min":0.3654}
##TT##{"t":"gen","evals":102912,"sec":12301.9,"gen":535,"fit":0.8157,"fDef":0.9282,"fPB":0.9531,"fPush":0.8815,"fSelf":0.488,"best":0.8307,"min":0.3258}
##TT##{"t":"gen","evals":103104,"sec":12324.4,"gen":536,"fit":0.8117,"fDef":0.9367,"fPB":0.9362,"fPush":0.8492,"fSelf":0.5036,"best":0.8307,"min":0.5368}
##TT##{"t":"gen","evals":103296,"sec":12346.8,"gen":537,"fit":0.8133,"fDef":0.9185,"fPB":0.955,"fPush":0.8544,"fSelf":0.5005,"best":0.8307,"min":0.409}
##TT##{"t":"gen","evals":103488,"sec":12370.3,"gen":538,"fit":0.8125,"fDef":0.9137,"fPB":0.9515,"fPush":0.8756,"fSelf":0.4955,"best":0.8307,"min":0.5689}
##TT##{"t":"gen","evals":103680,"sec":12393.2,"gen":539,"fit":0.8163,"fDef":0.9138,"fPB":0.9429,"fPush":0.9088,"fSelf":0.5036,"best":0.8307,"min":0.3862}
##TT##{"t":"gen","evals":103872,"sec":12416.9,"gen":540,"fit":0.8139,"fDef":0.909,"fPB":0.9482,"fPush":0.8477,"fSelf":0.5249,"best":0.8307,"min":0.4678}
gen 540  top.fit=0.8139 (vsDef=0.909 vsPB=0.948 vsPush=0.848 vsSelf=0.525)  best=0.8307  [12416.937s]
##TT##{"t":"gen","evals":104064,"sec":12441.1,"gen":541,"fit":0.8088,"fDef":0.8889,"fPB":0.9498,"fPush":0.882,"fSelf":0.5051,"best":0.8307,"min":0.4851}
##TT##{"t":"gen","evals":104256,"sec":12465.2,"gen":542,"fit":0.8169,"fDef":0.9119,"fPB":0.9672,"fPush":0.883,"fSelf":0.4896,"best":0.8307,"min":0.4166}
##TT##{"t":"gen","evals":104448,"sec":12489.6,"gen":543,"fit":0.8173,"fDef":0.9168,"fPB":0.9531,"fPush":0.8765,"fSelf":0.5082,"best":0.8307,"min":0.4777}
##TT##{"t":"gen","evals":104640,"sec":12513.5,"gen":544,"fit":0.8152,"fDef":0.9044,"fPB":0.9619,"fPush":0.8753,"fSelf":0.5019,"best":0.8307,"min":0.4926}
##TT##{"t":"gen","evals":104832,"sec":12537.3,"gen":545,"fit":0.8197,"fDef":0.9223,"fPB":0.9395,"fPush":0.8772,"fSelf":0.5295,"best":0.8307,"min":0.4385}
##TT##{"t":"gen","evals":105024,"sec":12560.6,"gen":546,"fit":0.8119,"fDef":0.8964,"fPB":0.9514,"fPush":0.8859,"fSelf":0.5049,"best":0.8307,"min":0.4132}
##TT##{"t":"gen","evals":105216,"sec":12585,"gen":547,"fit":0.8241,"fDef":0.9414,"fPB":0.9497,"fPush":0.8844,"fSelf":0.51,"best":0.8307,"min":0.4951}
##TT##{"t":"gen","evals":105408,"sec":12609.1,"gen":548,"fit":0.8116,"fDef":0.9183,"fPB":0.9447,"fPush":0.8518,"fSelf":0.5094,"best":0.8307,"min":0.481}
##TT##{"t":"gen","evals":105600,"sec":12633.1,"gen":549,"fit":0.8154,"fDef":0.9332,"fPB":0.9412,"fPush":0.8435,"fSelf":0.5182,"best":0.8307,"min":0.497}
##TT##{"t":"gen","evals":105792,"sec":12656.4,"gen":550,"fit":0.813,"fDef":0.9263,"fPB":0.9447,"fPush":0.8423,"fSelf":0.5118,"best":0.8307,"min":0.3836}
gen 550  top.fit=0.8130 (vsDef=0.926 vsPB=0.945 vsPush=0.842 vsSelf=0.512)  best=0.8307  [12656.435s]
##TT##{"t":"gen","evals":105984,"sec":12680.5,"gen":551,"fit":0.8046,"fDef":0.9218,"fPB":0.9413,"fPush":0.8384,"fSelf":0.4905,"best":0.8307,"min":0.509}
##TT##{"t":"gen","evals":106176,"sec":12703.4,"gen":552,"fit":0.8069,"fDef":0.9121,"fPB":0.9479,"fPush":0.8557,"fSelf":0.4909,"best":0.8307,"min":0.6274}
##TT##{"t":"gen","evals":106368,"sec":12726.3,"gen":553,"fit":0.8092,"fDef":0.9215,"fPB":0.9465,"fPush":0.8642,"fSelf":0.4878,"best":0.8307,"min":0.5207}
##TT##{"t":"gen","evals":106560,"sec":12749.5,"gen":554,"fit":0.815,"fDef":0.9135,"fPB":0.9413,"fPush":0.8699,"fSelf":0.5218,"best":0.8307,"min":0.6256}
##TT##{"t":"gen","evals":106752,"sec":12773,"gen":555,"fit":0.8153,"fDef":0.9026,"fPB":0.9637,"fPush":0.8728,"fSelf":0.5028,"best":0.8307,"min":0.383}
##TT##{"t":"gen","evals":106944,"sec":12796.8,"gen":556,"fit":0.8209,"fDef":0.9028,"fPB":0.9548,"fPush":0.8713,"fSelf":0.5366,"best":0.8307,"min":0.3701}
##TT##{"t":"gen","evals":107136,"sec":12821.3,"gen":557,"fit":0.8242,"fDef":0.9178,"fPB":0.9531,"fPush":0.8915,"fSelf":0.5256,"best":0.8307,"min":0.4179}
##TT##{"t":"gen","evals":107328,"sec":12847,"gen":558,"fit":0.818,"fDef":0.9119,"fPB":0.9334,"fPush":0.8861,"fSelf":0.5365,"best":0.8307,"min":0.4852}
##TT##{"t":"gen","evals":107520,"sec":12870.8,"gen":559,"fit":0.8171,"fDef":0.9153,"fPB":0.9412,"fPush":0.8802,"fSelf":0.5227,"best":0.8307,"min":0.4912}
##TT##{"t":"gen","evals":107712,"sec":12895.2,"gen":560,"fit":0.8081,"fDef":0.9104,"fPB":0.9362,"fPush":0.8642,"fSelf":0.508,"best":0.8307,"min":0.3934}
gen 560  top.fit=0.8081 (vsDef=0.910 vsPB=0.936 vsPush=0.864 vsSelf=0.508)  best=0.8307  [12895.192s]
##TT##{"t":"gen","evals":107904,"sec":12918.5,"gen":561,"fit":0.8215,"fDef":0.9199,"fPB":0.9548,"fPush":0.8627,"fSelf":0.5267,"best":0.8307,"min":0.6637}
##TT##{"t":"gen","evals":108096,"sec":12942.8,"gen":562,"fit":0.8106,"fDef":0.9167,"fPB":0.9463,"fPush":0.8604,"fSelf":0.5001,"best":0.8307,"min":0.4869}
##TT##{"t":"gen","evals":108288,"sec":12967.4,"gen":563,"fit":0.8087,"fDef":0.933,"fPB":0.9217,"fPush":0.8615,"fSelf":0.5083,"best":0.8307,"min":0.4832}
##TT##{"t":"gen","evals":108480,"sec":12992.2,"gen":564,"fit":0.8084,"fDef":0.9345,"fPB":0.9154,"fPush":0.8713,"fSelf":0.5085,"best":0.8307,"min":0.4098}
##TT##{"t":"gen","evals":108672,"sec":13017.2,"gen":565,"fit":0.8181,"fDef":0.9041,"fPB":0.9364,"fPush":0.8802,"fSelf":0.5439,"best":0.8307,"min":0.4394}
##TT##{"t":"gen","evals":108864,"sec":13043,"gen":566,"fit":0.8075,"fDef":0.9247,"fPB":0.9231,"fPush":0.8672,"fSelf":0.5071,"best":0.8307,"min":0.4322}
##TT##{"t":"gen","evals":109056,"sec":13068,"gen":567,"fit":0.8136,"fDef":0.9026,"fPB":0.9313,"fPush":0.8713,"fSelf":0.5398,"best":0.8307,"min":0.5881}
##TT##{"t":"gen","evals":109248,"sec":13091.1,"gen":568,"fit":0.8144,"fDef":0.9122,"fPB":0.948,"fPush":0.8481,"fSelf":0.5236,"best":0.8307,"min":0.5513}
##TT##{"t":"gen","evals":109440,"sec":13114.5,"gen":569,"fit":0.8189,"fDef":0.9316,"fPB":0.9395,"fPush":0.8808,"fSelf":0.515,"best":0.8307,"min":0.5091}
##TT##{"t":"gen","evals":109632,"sec":13138.8,"gen":570,"fit":0.8065,"fDef":0.9104,"fPB":0.9433,"fPush":0.862,"fSelf":0.4941,"best":0.8307,"min":0.4549}
gen 570  top.fit=0.8065 (vsDef=0.910 vsPB=0.943 vsPush=0.862 vsSelf=0.494)  best=0.8307  [13138.814s]
##TT##{"t":"gen","evals":109824,"sec":13162.8,"gen":571,"fit":0.8214,"fDef":0.9462,"fPB":0.9345,"fPush":0.848,"fSelf":0.5341,"best":0.8307,"min":0.3949}
##TT##{"t":"gen","evals":110016,"sec":13186.1,"gen":572,"fit":0.8148,"fDef":0.924,"fPB":0.9247,"fPush":0.8643,"fSelf":0.5351,"best":0.8307,"min":0.3873}
##TT##{"t":"gen","evals":110208,"sec":13209.1,"gen":573,"fit":0.8157,"fDef":0.9364,"fPB":0.9183,"fPush":0.8656,"fSelf":0.534,"best":0.8307,"min":0.4616}
##TT##{"t":"gen","evals":110400,"sec":13232.7,"gen":574,"fit":0.8116,"fDef":0.9231,"fPB":0.9378,"fPush":0.8794,"fSelf":0.4984,"best":0.8307,"min":0.4163}
##TT##{"t":"gen","evals":110592,"sec":13256.2,"gen":575,"fit":0.8259,"fDef":0.9395,"fPB":0.9498,"fPush":0.889,"fSelf":0.5165,"best":0.8307,"min":0.4609}
##TT##{"t":"gen","evals":110784,"sec":13279.7,"gen":576,"fit":0.8278,"fDef":0.9329,"fPB":0.9514,"fPush":0.8731,"fSelf":0.5366,"best":0.8307,"min":0.5326}
##TT##{"t":"gen","evals":110976,"sec":13302.8,"gen":577,"fit":0.8138,"fDef":0.9231,"fPB":0.9281,"fPush":0.8673,"fSelf":0.5262,"best":0.8307,"min":0.4243}
##TT##{"t":"gen","evals":111168,"sec":13325.9,"gen":578,"fit":0.8176,"fDef":0.9029,"fPB":0.9516,"fPush":0.8885,"fSelf":0.519,"best":0.8307,"min":0.5695}
##TT##{"t":"gen","evals":111360,"sec":13349.7,"gen":579,"fit":0.8121,"fDef":0.92,"fPB":0.9395,"fPush":0.8716,"fSelf":0.5056,"best":0.8307,"min":0.5387}
##TT##{"t":"gen","evals":111552,"sec":13373.1,"gen":580,"fit":0.8233,"fDef":0.9352,"fPB":0.9429,"fPush":0.8662,"fSelf":0.5321,"best":0.8307,"min":0.5929}
gen 580  top.fit=0.8233 (vsDef=0.935 vsPB=0.943 vsPush=0.866 vsSelf=0.532)  best=0.8307  [13373.095s]
##TT##{"t":"gen","evals":111744,"sec":13396.3,"gen":581,"fit":0.8227,"fDef":0.9168,"fPB":0.9583,"fPush":0.8815,"fSelf":0.5198,"best":0.8307,"min":0.476}
##TT##{"t":"gen","evals":111936,"sec":13420.9,"gen":582,"fit":0.8126,"fDef":0.9151,"fPB":0.9281,"fPush":0.8699,"fSelf":0.5281,"best":0.8307,"min":0.4602}
##TT##{"t":"gen","evals":112128,"sec":13446.1,"gen":583,"fit":0.8159,"fDef":0.9367,"fPB":0.9329,"fPush":0.863,"fSelf":0.5168,"best":0.8307,"min":0.4509}
##TT##{"t":"gen","evals":112320,"sec":13471.5,"gen":584,"fit":0.8174,"fDef":0.9199,"fPB":0.9482,"fPush":0.8956,"fSelf":0.5019,"best":0.8307,"min":0.408}
##TT##{"t":"gen","evals":112512,"sec":13496.4,"gen":585,"fit":0.8181,"fDef":0.9247,"fPB":0.9412,"fPush":0.8785,"fSelf":0.5179,"best":0.8307,"min":0.581}
##TT##{"t":"gen","evals":112704,"sec":13520.9,"gen":586,"fit":0.8177,"fDef":0.9296,"fPB":0.9329,"fPush":0.8845,"fSelf":0.5191,"best":0.8307,"min":0.4853}
##TT##{"t":"gen","evals":112896,"sec":13545.8,"gen":587,"fit":0.8174,"fDef":0.9247,"fPB":0.943,"fPush":0.8757,"fSelf":0.5142,"best":0.8307,"min":0.388}
##TT##{"t":"gen","evals":113088,"sec":13569.8,"gen":588,"fit":0.8188,"fDef":0.9151,"fPB":0.9413,"fPush":0.8673,"fSelf":0.5361,"best":0.8307,"min":0.4162}
##TT##{"t":"gen","evals":113280,"sec":13595.5,"gen":589,"fit":0.8203,"fDef":0.9413,"fPB":0.9346,"fPush":0.8727,"fSelf":0.5215,"best":0.8307,"min":0.4976}
##TT##{"t":"gen","evals":113472,"sec":13620.7,"gen":590,"fit":0.8295,"fDef":0.933,"fPB":0.943,"fPush":0.8965,"fSelf":0.5414,"best":0.8307,"min":0.4838}
gen 590  top.fit=0.8295 (vsDef=0.933 vsPB=0.943 vsPush=0.896 vsSelf=0.541)  best=0.8307  [13620.745s]
##TT##{"t":"gen","evals":113664,"sec":13644.6,"gen":591,"fit":0.811,"fDef":0.9183,"fPB":0.9297,"fPush":0.8833,"fSelf":0.5097,"best":0.8307,"min":0.4929}
##TT##{"t":"gen","evals":113856,"sec":13669.2,"gen":592,"fit":0.8172,"fDef":0.9233,"fPB":0.9447,"fPush":0.888,"fSelf":0.5062,"best":0.8307,"min":0.4677}
##TT##{"t":"gen","evals":114048,"sec":13693.8,"gen":593,"fit":0.8155,"fDef":0.8997,"fPB":0.9429,"fPush":0.8489,"fSelf":0.5467,"best":0.8307,"min":0.4357}
##TT##{"t":"gen","evals":114240,"sec":13718,"gen":594,"fit":0.817,"fDef":0.9266,"fPB":0.9445,"fPush":0.8463,"fSelf":0.5248,"best":0.8307,"min":0.4854}
##TT##{"t":"gen","evals":114432,"sec":13741.9,"gen":595,"fit":0.8218,"fDef":0.9216,"fPB":0.948,"fPush":0.8629,"fSelf":0.5351,"best":0.8307,"min":0.4551}
##TT##{"t":"gen","evals":114624,"sec":13764.8,"gen":596,"fit":0.8215,"fDef":0.9121,"fPB":0.943,"fPush":0.8656,"fSelf":0.5484,"best":0.8307,"min":0.4591}
##TT##{"t":"gen","evals":114816,"sec":13788.6,"gen":597,"fit":0.8181,"fDef":0.9263,"fPB":0.943,"fPush":0.8449,"fSelf":0.532,"best":0.8307,"min":0.4605}
##TT##{"t":"gen","evals":115008,"sec":13812.6,"gen":598,"fit":0.8163,"fDef":0.9345,"fPB":0.9413,"fPush":0.8743,"fSelf":0.5034,"best":0.8307,"min":0.4695}
##TT##{"t":"gen","evals":115200,"sec":13835.3,"gen":599,"fit":0.8199,"fDef":0.9395,"fPB":0.9168,"fPush":0.8845,"fSelf":0.5387,"best":0.8307,"min":0.6575}
##TT##{"t":"gen","evals":115392,"sec":13859.8,"gen":600,"fit":0.8113,"fDef":0.9298,"fPB":0.9329,"fPush":0.8553,"fSelf":0.5103,"best":0.8307,"min":0.431}
gen 600  top.fit=0.8113 (vsDef=0.930 vsPB=0.933 vsPush=0.855 vsSelf=0.510)  best=0.8307  [13859.834s]
##TT##{"t":"gen","evals":115584,"sec":13883.6,"gen":601,"fit":0.8118,"fDef":0.9233,"fPB":0.9314,"fPush":0.88,"fSelf":0.5071,"best":0.8307,"min":0.4306}
##TT##{"t":"gen","evals":115776,"sec":13905.8,"gen":602,"fit":0.8222,"fDef":0.9347,"fPB":0.9463,"fPush":0.8897,"fSelf":0.511,"best":0.8307,"min":0.6711}
##TT##{"t":"gen","evals":115968,"sec":13929.6,"gen":603,"fit":0.8276,"fDef":0.9215,"fPB":0.9414,"fPush":0.892,"fSelf":0.5502,"best":0.8307,"min":0.3832}
##TT##{"t":"gen","evals":116160,"sec":13952.6,"gen":604,"fit":0.8284,"fDef":0.9363,"fPB":0.9445,"fPush":0.885,"fSelf":0.538,"best":0.8307,"min":0.5951}
##TT##{"t":"gen","evals":116352,"sec":13976.4,"gen":605,"fit":0.8139,"fDef":0.9296,"fPB":0.9312,"fPush":0.8952,"fSelf":0.501,"best":0.8307,"min":0.4104}
##TT##{"t":"gen","evals":116544,"sec":14000,"gen":606,"fit":0.8203,"fDef":0.9215,"fPB":0.9446,"fPush":0.8685,"fSelf":0.5307,"best":0.8307,"min":0.5048}
##TT##{"t":"gen","evals":116736,"sec":14023.6,"gen":607,"fit":0.8161,"fDef":0.9297,"fPB":0.9297,"fPush":0.8758,"fSelf":0.5217,"best":0.8307,"min":0.4477}
##TT##{"t":"gen","evals":116928,"sec":14047.9,"gen":608,"fit":0.8171,"fDef":0.9088,"fPB":0.9497,"fPush":0.87,"fSelf":0.5238,"best":0.8307,"min":0.383}
##TT##{"t":"gen","evals":117120,"sec":14071.7,"gen":609,"fit":0.8143,"fDef":0.912,"fPB":0.9348,"fPush":0.8713,"fSelf":0.5286,"best":0.8307,"min":0.3274}
##TT##{"t":"gen","evals":117312,"sec":14095.5,"gen":610,"fit":0.8147,"fDef":0.9168,"fPB":0.9567,"fPush":0.8904,"fSelf":0.4863,"best":0.8307,"min":0.4744}
gen 610  top.fit=0.8147 (vsDef=0.917 vsPB=0.957 vsPush=0.890 vsSelf=0.486)  best=0.8307  [14095.53s]
##TT##{"t":"gen","evals":117504,"sec":14119.3,"gen":611,"fit":0.827,"fDef":0.9167,"fPB":0.9345,"fPush":0.8845,"fSelf":0.5659,"best":0.8307,"min":0.3587}
##TT##{"t":"gen","evals":117696,"sec":14142.8,"gen":612,"fit":0.823,"fDef":0.9266,"fPB":0.9565,"fPush":0.8572,"fSelf":0.5265,"best":0.8307,"min":0.4415}
##TT##{"t":"gen","evals":117888,"sec":14166.9,"gen":613,"fit":0.8178,"fDef":0.9092,"fPB":0.9497,"fPush":0.8454,"fSelf":0.539,"best":0.8307,"min":0.4411}
##TT##{"t":"gen","evals":118080,"sec":14189.4,"gen":614,"fit":0.8161,"fDef":0.9168,"fPB":0.9501,"fPush":0.8758,"fSelf":0.5081,"best":0.8307,"min":0.4224}
##TT##{"t":"gen","evals":118272,"sec":14212.5,"gen":615,"fit":0.8248,"fDef":0.9234,"fPB":0.9446,"fPush":0.8937,"fSelf":0.5325,"best":0.8307,"min":0.3635}
##TT##{"t":"gen","evals":118464,"sec":14237,"gen":616,"fit":0.8334,"fDef":0.9378,"fPB":0.9531,"fPush":0.8875,"fSelf":0.5433,"best":0.8334,"min":0.3954}
##TT##{"t":"gen","evals":118656,"sec":14259.7,"gen":617,"fit":0.8195,"fDef":0.9167,"fPB":0.9429,"fPush":0.8503,"fSelf":0.5443,"best":0.8334,"min":0.3924}
##TT##{"t":"gen","evals":118848,"sec":14282.2,"gen":618,"fit":0.8194,"fDef":0.9315,"fPB":0.9379,"fPush":0.8806,"fSelf":0.5196,"best":0.8334,"min":0.6467}
##TT##{"t":"gen","evals":119040,"sec":14304.8,"gen":619,"fit":0.8157,"fDef":0.9187,"fPB":0.9413,"fPush":0.8832,"fSelf":0.5122,"best":0.8334,"min":0.4404}
##TT##{"t":"gen","evals":119232,"sec":14327.5,"gen":620,"fit":0.8105,"fDef":0.9135,"fPB":0.9381,"fPush":0.8544,"fSelf":0.5169,"best":0.8334,"min":0.3907}
gen 620  top.fit=0.8105 (vsDef=0.914 vsPB=0.938 vsPush=0.854 vsSelf=0.517)  best=0.8334  [14327.487s]
##TT##{"t":"gen","evals":119424,"sec":14351.1,"gen":621,"fit":0.8244,"fDef":0.9265,"fPB":0.9653,"fPush":0.8503,"fSelf":0.5241,"best":0.8334,"min":0.3456}
##TT##{"t":"gen","evals":119616,"sec":14373.5,"gen":622,"fit":0.8101,"fDef":0.9298,"fPB":0.9363,"fPush":0.8746,"fSelf":0.4908,"best":0.8334,"min":0.588}
##TT##{"t":"gen","evals":119808,"sec":14396.6,"gen":623,"fit":0.8216,"fDef":0.9329,"fPB":0.9329,"fPush":0.8628,"fSelf":0.5426,"best":0.8334,"min":0.5048}
##TT##{"t":"gen","evals":120000,"sec":14419.2,"gen":624,"fit":0.8179,"fDef":0.9412,"fPB":0.9445,"fPush":0.8743,"fSelf":0.4987,"best":0.8334,"min":0.4371}
##TT##{"t":"gen","evals":120192,"sec":14441.1,"gen":625,"fit":0.8182,"fDef":0.9379,"fPB":0.9432,"fPush":0.8981,"fSelf":0.4921,"best":0.8334,"min":0.3614}
##TT##{"t":"gen","evals":120384,"sec":14463.9,"gen":626,"fit":0.814,"fDef":0.912,"fPB":0.9231,"fPush":0.9121,"fSelf":0.5205,"best":0.8334,"min":0.3931}
##TT##{"t":"gen","evals":120576,"sec":14485.8,"gen":627,"fit":0.8178,"fDef":0.9415,"fPB":0.9412,"fPush":0.8759,"fSelf":0.5014,"best":0.8334,"min":0.2099}
##TT##{"t":"gen","evals":120768,"sec":14508,"gen":628,"fit":0.8177,"fDef":0.9119,"fPB":0.9497,"fPush":0.8897,"fSelf":0.5123,"best":0.8334,"min":0.5881}
##TT##{"t":"gen","evals":120960,"sec":14531.8,"gen":629,"fit":0.8116,"fDef":0.9231,"fPB":0.9548,"fPush":0.8448,"fSelf":0.4948,"best":0.8334,"min":0.4285}
##TT##{"t":"gen","evals":121152,"sec":14555.3,"gen":630,"fit":0.8218,"fDef":0.9264,"fPB":0.9519,"fPush":0.8627,"fSelf":0.5251,"best":0.8334,"min":0.5044}
gen 630  top.fit=0.8218 (vsDef=0.926 vsPB=0.952 vsPush=0.863 vsSelf=0.525)  best=0.8334  [14555.316s]
##TT##{"t":"gen","evals":121344,"sec":14577.8,"gen":631,"fit":0.8149,"fDef":0.9088,"fPB":0.9462,"fPush":0.8949,"fSelf":0.5063,"best":0.8334,"min":0.6479}
##TT##{"t":"gen","evals":121536,"sec":14601,"gen":632,"fit":0.8103,"fDef":0.9058,"fPB":0.938,"fPush":0.8802,"fSelf":0.5103,"best":0.8334,"min":0.4213}
##TT##{"t":"gen","evals":121728,"sec":14624,"gen":633,"fit":0.8128,"fDef":0.8996,"fPB":0.9446,"fPush":0.8889,"fSelf":0.5127,"best":0.8334,"min":0.5826}
##TT##{"t":"gen","evals":121920,"sec":14646.7,"gen":634,"fit":0.8236,"fDef":0.928,"fPB":0.9445,"fPush":0.8937,"fSelf":0.5233,"best":0.8334,"min":0.4773}
##TT##{"t":"gen","evals":122112,"sec":14669.6,"gen":635,"fit":0.8256,"fDef":0.9446,"fPB":0.9498,"fPush":0.88,"fSelf":0.5148,"best":0.8334,"min":0.4506}
##TT##{"t":"gen","evals":122304,"sec":14692.2,"gen":636,"fit":0.8113,"fDef":0.9296,"fPB":0.9413,"fPush":0.8728,"fSelf":0.4898,"best":0.8334,"min":0.4419}
##TT##{"t":"gen","evals":122496,"sec":14715.4,"gen":637,"fit":0.8136,"fDef":0.9119,"fPB":0.9539,"fPush":0.8701,"fSelf":0.5015,"best":0.8334,"min":0.3628}
##TT##{"t":"gen","evals":122688,"sec":14738,"gen":638,"fit":0.8128,"fDef":0.9412,"fPB":0.9463,"fPush":0.8657,"fSelf":0.4814,"best":0.8334,"min":0.4287}
##TT##{"t":"gen","evals":122880,"sec":14760.3,"gen":639,"fit":0.8166,"fDef":0.9183,"fPB":0.9448,"fPush":0.8844,"fSelf":0.5108,"best":0.8334,"min":0.5492}
##TT##{"t":"gen","evals":123072,"sec":14783.1,"gen":640,"fit":0.8179,"fDef":0.9231,"fPB":0.9531,"fPush":0.8919,"fSelf":0.496,"best":0.8334,"min":0.3931}
gen 640  top.fit=0.8179 (vsDef=0.923 vsPB=0.953 vsPush=0.892 vsSelf=0.496)  best=0.8334  [14783.128s]
##TT##{"t":"gen","evals":123264,"sec":14805.8,"gen":641,"fit":0.8113,"fDef":0.9264,"fPB":0.9345,"fPush":0.8877,"fSelf":0.4939,"best":0.8334,"min":0.5114}
##TT##{"t":"gen","evals":123456,"sec":14829.2,"gen":642,"fit":0.8211,"fDef":0.9286,"fPB":0.9565,"fPush":0.8759,"fSelf":0.5069,"best":0.8334,"min":0.4513}
##TT##{"t":"gen","evals":123648,"sec":14852.4,"gen":643,"fit":0.8179,"fDef":0.9215,"fPB":0.9566,"fPush":0.8713,"fSelf":0.5039,"best":0.8334,"min":0.4452}
##TT##{"t":"gen","evals":123840,"sec":14875.3,"gen":644,"fit":0.821,"fDef":0.9263,"fPB":0.9548,"fPush":0.8604,"fSelf":0.5194,"best":0.8334,"min":0.3774}
##TT##{"t":"gen","evals":124032,"sec":14897.8,"gen":645,"fit":0.8197,"fDef":0.9215,"fPB":0.9618,"fPush":0.8605,"fSelf":0.5101,"best":0.8334,"min":0.5226}
##TT##{"t":"gen","evals":124224,"sec":14920.7,"gen":646,"fit":0.8117,"fDef":0.9185,"fPB":0.938,"fPush":0.8757,"fSelf":0.5055,"best":0.8334,"min":0.4651}
##TT##{"t":"gen","evals":124416,"sec":14943.9,"gen":647,"fit":0.8111,"fDef":0.928,"fPB":0.943,"fPush":0.8685,"fSelf":0.4907,"best":0.8334,"min":0.5508}
##TT##{"t":"gen","evals":124608,"sec":14966.8,"gen":648,"fit":0.8171,"fDef":0.943,"fPB":0.9412,"fPush":0.8585,"fSelf":0.5065,"best":0.8334,"min":0.5287}
##TT##{"t":"gen","evals":124800,"sec":14989.6,"gen":649,"fit":0.8267,"fDef":0.9413,"fPB":0.9516,"fPush":0.8794,"fSelf":0.5204,"best":0.8334,"min":0.4576}
##TT##{"t":"gen","evals":124992,"sec":15011.6,"gen":650,"fit":0.818,"fDef":0.9263,"fPB":0.9601,"fPush":0.8715,"fSelf":0.4953,"best":0.8334,"min":0.55}
gen 650  top.fit=0.8180 (vsDef=0.926 vsPB=0.960 vsPush=0.872 vsSelf=0.495)  best=0.8334  [15011.629s]
##TT##{"t":"gen","evals":125184,"sec":15033.8,"gen":651,"fit":0.8182,"fDef":0.9013,"fPB":0.9671,"fPush":0.8628,"fSelf":0.5163,"best":0.8334,"min":0.5674}
##TT##{"t":"gen","evals":125376,"sec":15056.6,"gen":652,"fit":0.8186,"fDef":0.9167,"fPB":0.9534,"fPush":0.8701,"fSelf":0.5164,"best":0.8334,"min":0.6122}
##TT##{"t":"gen","evals":125568,"sec":15079,"gen":653,"fit":0.814,"fDef":0.9298,"fPB":0.9312,"fPush":0.8794,"fSelf":0.5097,"best":0.8334,"min":0.4501}
##TT##{"t":"gen","evals":125760,"sec":15101.9,"gen":654,"fit":0.8075,"fDef":0.895,"fPB":0.9364,"fPush":0.8844,"fSelf":0.5101,"best":0.8334,"min":0.4934}
##TT##{"t":"gen","evals":125952,"sec":15124.2,"gen":655,"fit":0.808,"fDef":0.9218,"fPB":0.9332,"fPush":0.8744,"fSelf":0.4949,"best":0.8334,"min":0.5016}
##TT##{"t":"gen","evals":126144,"sec":15146.6,"gen":656,"fit":0.8115,"fDef":0.9362,"fPB":0.9395,"fPush":0.8642,"fSelf":0.491,"best":0.8334,"min":0.4408}
##TT##{"t":"gen","evals":126336,"sec":15168.4,"gen":657,"fit":0.8199,"fDef":0.9042,"fPB":0.9329,"fPush":0.8934,"fSelf":0.5485,"best":0.8334,"min":0.5473}
##TT##{"t":"gen","evals":126528,"sec":15191.5,"gen":658,"fit":0.8264,"fDef":0.9216,"fPB":0.9362,"fPush":0.8889,"fSelf":0.5538,"best":0.8334,"min":0.3993}
##TT##{"t":"gen","evals":126720,"sec":15213.9,"gen":659,"fit":0.8076,"fDef":0.9313,"fPB":0.9463,"fPush":0.8559,"fSelf":0.4764,"best":0.8334,"min":0.4288}
##TT##{"t":"gen","evals":126912,"sec":15235.5,"gen":660,"fit":0.8185,"fDef":0.9041,"fPB":0.9429,"fPush":0.8786,"fSelf":0.5379,"best":0.8334,"min":0.4234}
gen 660  top.fit=0.8185 (vsDef=0.904 vsPB=0.943 vsPush=0.879 vsSelf=0.538)  best=0.8334  [15235.517s]
##TT##{"t":"gen","evals":127104,"sec":15257.1,"gen":661,"fit":0.8217,"fDef":0.9121,"fPB":0.9429,"fPush":0.8995,"fSelf":0.5311,"best":0.8334,"min":0.4157}
##TT##{"t":"gen","evals":127296,"sec":15279,"gen":662,"fit":0.8237,"fDef":0.9263,"fPB":0.9345,"fPush":0.8904,"fSelf":0.5404,"best":0.8334,"min":0.3567}
##TT##{"t":"gen","evals":127488,"sec":15301,"gen":663,"fit":0.8111,"fDef":0.9329,"fPB":0.9381,"fPush":0.8684,"fSelf":0.4925,"best":0.8334,"min":0.4574}
##TT##{"t":"gen","evals":127680,"sec":15323.2,"gen":664,"fit":0.8106,"fDef":0.9217,"fPB":0.9447,"fPush":0.8475,"fSelf":0.5043,"best":0.8334,"min":0.3436}
##TT##{"t":"gen","evals":127872,"sec":15345.3,"gen":665,"fit":0.8103,"fDef":0.9152,"fPB":0.9445,"fPush":0.8981,"fSelf":0.4825,"best":0.8334,"min":0.4542}
##TT##{"t":"gen","evals":128064,"sec":15366.4,"gen":666,"fit":0.8259,"fDef":0.9352,"fPB":0.9635,"fPush":0.8861,"fSelf":0.5042,"best":0.8334,"min":0.5709}
##TT##{"t":"gen","evals":128256,"sec":15387.7,"gen":667,"fit":0.821,"fDef":0.9233,"fPB":0.9366,"fPush":0.8756,"fSelf":0.5382,"best":0.8334,"min":0.4283}
##TT##{"t":"gen","evals":128448,"sec":15409.7,"gen":668,"fit":0.8117,"fDef":0.9027,"fPB":0.9236,"fPush":0.8934,"fSelf":0.5302,"best":0.8334,"min":0.3955}
##TT##{"t":"gen","evals":128640,"sec":15432,"gen":669,"fit":0.8181,"fDef":0.9215,"fPB":0.9445,"fPush":0.8614,"fSelf":0.5259,"best":0.8334,"min":0.4852}
##TT##{"t":"gen","evals":128832,"sec":15454.7,"gen":670,"fit":0.8155,"fDef":0.9235,"fPB":0.9433,"fPush":0.8845,"fSelf":0.5034,"best":0.8334,"min":0.5191}
gen 670  top.fit=0.8155 (vsDef=0.923 vsPB=0.943 vsPush=0.884 vsSelf=0.503)  best=0.8334  [15454.694s]
##TT##{"t":"gen","evals":129024,"sec":15476.7,"gen":671,"fit":0.8126,"fDef":0.9247,"fPB":0.9462,"fPush":0.8585,"fSelf":0.5009,"best":0.8334,"min":0.4647}
##TT##{"t":"gen","evals":129216,"sec":15499.5,"gen":672,"fit":0.8126,"fDef":0.9298,"fPB":0.9517,"fPush":0.8688,"fSelf":0.4833,"best":0.8334,"min":0.4118}
##TT##{"t":"gen","evals":129408,"sec":15522,"gen":673,"fit":0.812,"fDef":0.928,"fPB":0.9379,"fPush":0.8575,"fSelf":0.5069,"best":0.8334,"min":0.529}
##TT##{"t":"gen","evals":129600,"sec":15544.6,"gen":674,"fit":0.8124,"fDef":0.9088,"fPB":0.9284,"fPush":0.8756,"fSelf":0.5303,"best":0.8334,"min":0.4936}
##TT##{"t":"gen","evals":129792,"sec":15567.1,"gen":675,"fit":0.8082,"fDef":0.9103,"fPB":0.9379,"fPush":0.8713,"fSelf":0.5025,"best":0.8334,"min":0.4813}
##TT##{"t":"gen","evals":129984,"sec":15589.6,"gen":676,"fit":0.8212,"fDef":0.9204,"fPB":0.9688,"fPush":0.8785,"fSelf":0.4981,"best":0.8334,"min":0.5172}
##TT##{"t":"gen","evals":130176,"sec":15612.1,"gen":677,"fit":0.8089,"fDef":0.9151,"fPB":0.9264,"fPush":0.8875,"fSelf":0.5069,"best":0.8334,"min":0.4455}
##TT##{"t":"gen","evals":130368,"sec":15635,"gen":678,"fit":0.8105,"fDef":0.9247,"fPB":0.9413,"fPush":0.8718,"fSelf":0.4924,"best":0.8334,"min":0.3553}
##TT##{"t":"gen","evals":130560,"sec":15658.7,"gen":679,"fit":0.8145,"fDef":0.9057,"fPB":0.9653,"fPush":0.8815,"fSelf":0.4899,"best":0.8334,"min":0.51}
##TT##{"t":"gen","evals":130752,"sec":15681.2,"gen":680,"fit":0.8175,"fDef":0.9183,"fPB":0.9183,"fPush":0.8613,"fSelf":0.5615,"best":0.8334,"min":0.5023}
gen 680  top.fit=0.8175 (vsDef=0.918 vsPB=0.918 vsPush=0.861 vsSelf=0.561)  best=0.8334  [15681.179s]
##TT##{"t":"gen","evals":130944,"sec":15703.5,"gen":681,"fit":0.8189,"fDef":0.9297,"fPB":0.9446,"fPush":0.8771,"fSelf":0.5122,"best":0.8334,"min":0.5054}
##TT##{"t":"gen","evals":131136,"sec":15725.6,"gen":682,"fit":0.8141,"fDef":0.9041,"fPB":0.9483,"fPush":0.8533,"fSelf":0.5274,"best":0.8334,"min":0.5624}
##TT##{"t":"gen","evals":131328,"sec":15748.2,"gen":683,"fit":0.8061,"fDef":0.9232,"fPB":0.9264,"fPush":0.8787,"fSelf":0.4926,"best":0.8334,"min":0.4837}
##TT##{"t":"gen","evals":131520,"sec":15771.2,"gen":684,"fit":0.8168,"fDef":0.9183,"fPB":0.9216,"fPush":0.8969,"fSelf":0.535,"best":0.8334,"min":0.4514}
##TT##{"t":"gen","evals":131712,"sec":15794,"gen":685,"fit":0.8185,"fDef":0.909,"fPB":0.9479,"fPush":0.8713,"fSelf":0.5305,"best":0.8334,"min":0.5548}
##TT##{"t":"gen","evals":131904,"sec":15816.1,"gen":686,"fit":0.8206,"fDef":0.9263,"fPB":0.9362,"fPush":0.8929,"fSelf":0.5247,"best":0.8334,"min":0.5281}
##TT##{"t":"gen","evals":132096,"sec":15839.1,"gen":687,"fit":0.8175,"fDef":0.933,"fPB":0.9537,"fPush":0.87,"fSelf":0.4958,"best":0.8334,"min":0.4712}
##TT##{"t":"gen","evals":132288,"sec":15861.8,"gen":688,"fit":0.8206,"fDef":0.9072,"fPB":0.9379,"fPush":0.8995,"fSelf":0.5381,"best":0.8334,"min":0.5206}
##TT##{"t":"gen","evals":132480,"sec":15884.5,"gen":689,"fit":0.8143,"fDef":0.9263,"fPB":0.9496,"fPush":0.8867,"fSelf":0.4862,"best":0.8334,"min":0.4936}
##TT##{"t":"gen","evals":132672,"sec":15907.1,"gen":690,"fit":0.8097,"fDef":0.9272,"fPB":0.928,"fPush":0.8714,"fSelf":0.5042,"best":0.8334,"min":0.4638}
gen 690  top.fit=0.8097 (vsDef=0.927 vsPB=0.928 vsPush=0.871 vsSelf=0.504)  best=0.8334  [15907.068s]
##TT##{"t":"gen","evals":132864,"sec":15929.9,"gen":691,"fit":0.8144,"fDef":0.9199,"fPB":0.9313,"fPush":0.8656,"fSelf":0.5285,"best":0.8334,"min":0.4791}
##TT##{"t":"gen","evals":133056,"sec":15952.6,"gen":692,"fit":0.8182,"fDef":0.9247,"fPB":0.9199,"fPush":0.8874,"fSelf":0.5414,"best":0.8334,"min":0.4942}
##TT##{"t":"gen","evals":133248,"sec":15975,"gen":693,"fit":0.8117,"fDef":0.8966,"fPB":0.9412,"fPush":0.8889,"fSelf":0.5157,"best":0.8334,"min":0.5142}
##TT##{"t":"gen","evals":133440,"sec":15997.2,"gen":694,"fit":0.8214,"fDef":0.9215,"fPB":0.9247,"fPush":0.8996,"fSelf":0.5441,"best":0.8334,"min":0.3271}
##TT##{"t":"gen","evals":133632,"sec":16019.6,"gen":695,"fit":0.8164,"fDef":0.9088,"fPB":0.9379,"fPush":0.8953,"fSelf":0.5227,"best":0.8334,"min":0.3749}
##TT##{"t":"gen","evals":133824,"sec":16042.3,"gen":696,"fit":0.8216,"fDef":0.9124,"fPB":0.9548,"fPush":0.867,"fSelf":0.532,"best":0.8334,"min":0.3836}
##TT##{"t":"gen","evals":134016,"sec":16065.4,"gen":697,"fit":0.8239,"fDef":0.9282,"fPB":0.9379,"fPush":0.8863,"fSelf":0.537,"best":0.8334,"min":0.2936}
##TT##{"t":"gen","evals":134208,"sec":16088.2,"gen":698,"fit":0.82,"fDef":0.9298,"fPB":0.9378,"fPush":0.8673,"fSelf":0.5308,"best":0.8334,"min":0.4025}
##TT##{"t":"gen","evals":134400,"sec":16110.3,"gen":699,"fit":0.8213,"fDef":0.9167,"fPB":0.9412,"fPush":0.8727,"fSelf":0.5415,"best":0.8334,"min":0.5357}
##TT##{"t":"gen","evals":134592,"sec":16133.5,"gen":700,"fit":0.8133,"fDef":0.9248,"fPB":0.9167,"fPush":0.8722,"fSelf":0.5349,"best":0.8334,"min":0.4691}
gen 700  top.fit=0.8133 (vsDef=0.925 vsPB=0.917 vsPush=0.872 vsSelf=0.535)  best=0.8334  [16133.493s]
##TT##{"t":"gen","evals":134784,"sec":16155.7,"gen":701,"fit":0.8169,"fDef":0.9088,"fPB":0.9364,"fPush":0.8756,"fSelf":0.537,"best":0.8334,"min":0.4847}
##TT##{"t":"gen","evals":134976,"sec":16178.3,"gen":702,"fit":0.8264,"fDef":0.9247,"fPB":0.948,"fPush":0.888,"fSelf":0.5361,"best":0.8334,"min":0.6469}
##TT##{"t":"gen","evals":135168,"sec":16200.9,"gen":703,"fit":0.8192,"fDef":0.9395,"fPB":0.9514,"fPush":0.865,"fSelf":0.5013,"best":0.8334,"min":0.605}
##TT##{"t":"gen","evals":135360,"sec":16223.4,"gen":704,"fit":0.811,"fDef":0.9153,"fPB":0.9479,"fPush":0.8789,"fSelf":0.4911,"best":0.8334,"min":0.3533}
##TT##{"t":"gen","evals":135552,"sec":16245.6,"gen":705,"fit":0.8177,"fDef":0.9346,"fPB":0.9449,"fPush":0.8996,"fSelf":0.4905,"best":0.8334,"min":0.474}
##TT##{"t":"gen","evals":135744,"sec":16267.5,"gen":706,"fit":0.826,"fDef":0.9363,"fPB":0.9447,"fPush":0.8517,"fSelf":0.5466,"best":0.8334,"min":0.5747}
##TT##{"t":"gen","evals":135936,"sec":16290.2,"gen":707,"fit":0.8144,"fDef":0.9217,"fPB":0.9329,"fPush":0.8815,"fSelf":0.5162,"best":0.8334,"min":0.4107}
##TT##{"t":"gen","evals":136128,"sec":16312.7,"gen":708,"fit":0.8179,"fDef":0.92,"fPB":0.9329,"fPush":0.8699,"fSelf":0.5374,"best":0.8334,"min":0.4506}
##TT##{"t":"gen","evals":136320,"sec":16336.1,"gen":709,"fit":0.815,"fDef":0.9104,"fPB":0.9231,"fPush":0.8841,"fSelf":0.541,"best":0.8334,"min":0.5021}
##TT##{"t":"gen","evals":136512,"sec":16358.7,"gen":710,"fit":0.8234,"fDef":0.9282,"fPB":0.9429,"fPush":0.8586,"fSelf":0.5433,"best":0.8334,"min":0.4725}
gen 710  top.fit=0.8234 (vsDef=0.928 vsPB=0.943 vsPush=0.859 vsSelf=0.543)  best=0.8334  [16358.674s]
##TT##{"t":"gen","evals":136704,"sec":16381.6,"gen":711,"fit":0.818,"fDef":0.927,"fPB":0.9264,"fPush":0.8995,"fSelf":0.5234,"best":0.8334,"min":0.5256}
##TT##{"t":"gen","evals":136896,"sec":16404.2,"gen":712,"fit":0.8165,"fDef":0.9248,"fPB":0.9281,"fPush":0.8675,"fSelf":0.5347,"best":0.8334,"min":0.4236}
##TT##{"t":"gen","evals":137088,"sec":16426.3,"gen":713,"fit":0.8259,"fDef":0.9284,"fPB":0.948,"fPush":0.865,"fSelf":0.5426,"best":0.8334,"min":0.3706}
##TT##{"t":"gen","evals":137280,"sec":16449.5,"gen":714,"fit":0.8122,"fDef":0.9296,"fPB":0.9379,"fPush":0.883,"fSelf":0.4922,"best":0.8334,"min":0.5328}
##TT##{"t":"gen","evals":137472,"sec":16472.7,"gen":715,"fit":0.8257,"fDef":0.9057,"fPB":0.948,"fPush":0.8673,"fSelf":0.5635,"best":0.8334,"min":0.4356}
##TT##{"t":"gen","evals":137664,"sec":16495.2,"gen":716,"fit":0.8171,"fDef":0.9296,"fPB":0.9447,"fPush":0.8788,"fSelf":0.5047,"best":0.8334,"min":0.4096}
##TT##{"t":"gen","evals":137856,"sec":16518,"gen":717,"fit":0.8167,"fDef":0.9057,"fPB":0.9233,"fPush":0.8771,"fSelf":0.5557,"best":0.8334,"min":0.4277}
##TT##{"t":"gen","evals":138048,"sec":16540.1,"gen":718,"fit":0.8135,"fDef":0.9264,"fPB":0.9706,"fPush":0.8462,"fSelf":0.4776,"best":0.8334,"min":0.4175}
##TT##{"t":"gen","evals":138240,"sec":16562.3,"gen":719,"fit":0.8194,"fDef":0.9215,"fPB":0.9583,"fPush":0.867,"fSelf":0.5102,"best":0.8334,"min":0.4538}
##TT##{"t":"gen","evals":138432,"sec":16584.9,"gen":720,"fit":0.8183,"fDef":0.9231,"fPB":0.9183,"fPush":0.8924,"fSelf":0.543,"best":0.8334,"min":0.5591}
gen 720  top.fit=0.8183 (vsDef=0.923 vsPB=0.918 vsPush=0.892 vsSelf=0.543)  best=0.8334  [16584.867s]
##TT##{"t":"gen","evals":138624,"sec":16606.9,"gen":721,"fit":0.8257,"fDef":0.9497,"fPB":0.9583,"fPush":0.8936,"fSelf":0.4918,"best":0.8334,"min":0.5952}
##TT##{"t":"gen","evals":138816,"sec":16629.8,"gen":722,"fit":0.8153,"fDef":0.9216,"fPB":0.925,"fPush":0.8964,"fSelf":0.5218,"best":0.8334,"min":0.581}
##TT##{"t":"gen","evals":139008,"sec":16652,"gen":723,"fit":0.8209,"fDef":0.9135,"fPB":0.9636,"fPush":0.8788,"fSelf":0.5104,"best":0.8334,"min":0.4609}
##TT##{"t":"gen","evals":139200,"sec":16674.2,"gen":724,"fit":0.8213,"fDef":0.9135,"fPB":0.96,"fPush":0.8727,"fSelf":0.5201,"best":0.8334,"min":0.5272}
##TT##{"t":"gen","evals":139392,"sec":16697.1,"gen":725,"fit":0.8236,"fDef":0.9264,"fPB":0.9362,"fPush":0.8965,"fSelf":0.5345,"best":0.8334,"min":0.5027}
##TT##{"t":"gen","evals":139584,"sec":16719.1,"gen":726,"fit":0.8147,"fDef":0.9153,"fPB":0.9297,"fPush":0.8874,"fSelf":0.5246,"best":0.8334,"min":0.4619}
##TT##{"t":"gen","evals":139776,"sec":16742.2,"gen":727,"fit":0.8193,"fDef":0.9183,"fPB":0.9314,"fPush":0.883,"fSelf":0.5395,"best":0.8334,"min":0.4103}
##TT##{"t":"gen","evals":139968,"sec":16764.4,"gen":728,"fit":0.821,"fDef":0.9286,"fPB":0.9464,"fPush":0.8756,"fSelf":0.5198,"best":0.8334,"min":0.4704}
##TT##{"t":"gen","evals":140160,"sec":16786.9,"gen":729,"fit":0.8198,"fDef":0.9255,"fPB":0.9345,"fPush":0.8744,"fSelf":0.5347,"best":0.8334,"min":0.5359}
##TT##{"t":"gen","evals":140352,"sec":16808.9,"gen":730,"fit":0.8167,"fDef":0.9153,"fPB":0.9153,"fPush":0.8904,"fSelf":0.5493,"best":0.8334,"min":0.426}
gen 730  top.fit=0.8167 (vsDef=0.915 vsPB=0.915 vsPush=0.890 vsSelf=0.549)  best=0.8334  [16808.916s]
##TT##{"t":"gen","evals":140544,"sec":16831.6,"gen":731,"fit":0.8304,"fDef":0.9312,"fPB":0.9329,"fPush":0.8905,"fSelf":0.5632,"best":0.8334,"min":0.4814}
##TT##{"t":"gen","evals":140736,"sec":16854.2,"gen":732,"fit":0.8167,"fDef":0.9199,"fPB":0.943,"fPush":0.8786,"fSelf":0.515,"best":0.8334,"min":0.4626}
##TT##{"t":"gen","evals":140928,"sec":16876.6,"gen":733,"fit":0.813,"fDef":0.9296,"fPB":0.928,"fPush":0.8689,"fSelf":0.516,"best":0.8334,"min":0.4077}
##TT##{"t":"gen","evals":141120,"sec":16899,"gen":734,"fit":0.824,"fDef":0.9168,"fPB":0.943,"fPush":0.8804,"fSelf":0.5453,"best":0.8334,"min":0.4495}
##TT##{"t":"gen","evals":141312,"sec":16921.6,"gen":735,"fit":0.8155,"fDef":0.9167,"fPB":0.9313,"fPush":0.8559,"fSelf":0.541,"best":0.8334,"min":0.3898}
##TT##{"t":"gen","evals":141504,"sec":16944.2,"gen":736,"fit":0.8156,"fDef":0.9264,"fPB":0.9296,"fPush":0.871,"fSelf":0.5261,"best":0.8334,"min":0.4677}
##TT##{"t":"gen","evals":141696,"sec":16966.5,"gen":737,"fit":0.8261,"fDef":0.9396,"fPB":0.9378,"fPush":0.8965,"fSelf":0.5286,"best":0.8334,"min":0.442}
##TT##{"t":"gen","evals":141888,"sec":16988.8,"gen":738,"fit":0.8131,"fDef":0.928,"fPB":0.9312,"fPush":0.8714,"fSelf":0.5125,"best":0.8334,"min":0.5518}
##TT##{"t":"gen","evals":142080,"sec":17011.1,"gen":739,"fit":0.8259,"fDef":0.9088,"fPB":0.9462,"fPush":0.8864,"fSelf":0.5532,"best":0.8334,"min":0.4364}
##TT##{"t":"gen","evals":142272,"sec":17033.4,"gen":740,"fit":0.8312,"fDef":0.9531,"fPB":0.9379,"fPush":0.8875,"fSelf":0.5394,"best":0.8334,"min":0.4554}
gen 740  top.fit=0.8312 (vsDef=0.953 vsPB=0.938 vsPush=0.888 vsSelf=0.539)  best=0.8334  [17033.373s]
##TT##{"t":"gen","evals":142464,"sec":17055.9,"gen":741,"fit":0.8212,"fDef":0.9088,"fPB":0.928,"fPush":0.8614,"fSelf":0.5725,"best":0.8334,"min":0.2949}
##TT##{"t":"gen","evals":142656,"sec":17078.2,"gen":742,"fit":0.8286,"fDef":0.9362,"fPB":0.9298,"fPush":0.8885,"fSelf":0.5563,"best":0.8334,"min":0.456}
##TT##{"t":"gen","evals":142848,"sec":17100.7,"gen":743,"fit":0.825,"fDef":0.9218,"fPB":0.948,"fPush":0.8891,"fSelf":0.5327,"best":0.8334,"min":0.3019}
##TT##{"t":"gen","evals":143040,"sec":17124,"gen":744,"fit":0.8177,"fDef":0.9153,"fPB":0.9314,"fPush":0.8637,"fSelf":0.5465,"best":0.8334,"min":0.5096}
##TT##{"t":"gen","evals":143232,"sec":17145.8,"gen":745,"fit":0.8239,"fDef":0.9263,"fPB":0.9282,"fPush":0.8935,"fSelf":0.5475,"best":0.8334,"min":0.4347}
##TT##{"t":"gen","evals":143424,"sec":17169.3,"gen":746,"fit":0.8293,"fDef":0.925,"fPB":0.9445,"fPush":0.9042,"fSelf":0.5424,"best":0.8334,"min":0.5252}
##TT##{"t":"gen","evals":143616,"sec":17191.7,"gen":747,"fit":0.831,"fDef":0.9347,"fPB":0.9296,"fPush":0.8785,"fSelf":0.573,"best":0.8334,"min":0.4306}
##TT##{"t":"gen","evals":143808,"sec":17215.1,"gen":748,"fit":0.8327,"fDef":0.9329,"fPB":0.943,"fPush":0.8839,"fSelf":0.5605,"best":0.8334,"min":0.5211}
##TT##{"t":"gen","evals":144000,"sec":17238.2,"gen":749,"fit":0.8294,"fDef":0.9199,"fPB":0.9396,"fPush":0.8891,"fSelf":0.5625,"best":0.8334,"min":0.4489}
##TT##{"t":"gen","evals":144192,"sec":17261.3,"gen":750,"fit":0.8263,"fDef":0.9266,"fPB":0.943,"fPush":0.8921,"fSelf":0.5381,"best":0.8334,"min":0.451}
gen 750  top.fit=0.8263 (vsDef=0.927 vsPB=0.943 vsPush=0.892 vsSelf=0.538)  best=0.8334  [17261.298s]
##TT##{"t":"gen","evals":144384,"sec":17284.3,"gen":751,"fit":0.8234,"fDef":0.9329,"fPB":0.9446,"fPush":0.8701,"fSelf":0.5302,"best":0.8334,"min":0.3769}
##TT##{"t":"gen","evals":144576,"sec":17307.3,"gen":752,"fit":0.8274,"fDef":0.9139,"fPB":0.9497,"fPush":0.8859,"fSelf":0.5497,"best":0.8334,"min":0.4303}
##TT##{"t":"gen","evals":144768,"sec":17330.2,"gen":753,"fit":0.83,"fDef":0.9264,"fPB":0.9463,"fPush":0.8802,"fSelf":0.5544,"best":0.8334,"min":0.438}
##TT##{"t":"gen","evals":144960,"sec":17353,"gen":754,"fit":0.8245,"fDef":0.9362,"fPB":0.9215,"fPush":0.8743,"fSelf":0.5591,"best":0.8334,"min":0.4193}
##TT##{"t":"gen","evals":145152,"sec":17375.6,"gen":755,"fit":0.8262,"fDef":0.9152,"fPB":0.9514,"fPush":0.8844,"fSelf":0.5419,"best":0.8334,"min":0.4289}
##TT##{"t":"gen","evals":145344,"sec":17398.3,"gen":756,"fit":0.828,"fDef":0.9347,"fPB":0.9531,"fPush":0.8678,"fSelf":0.5362,"best":0.8334,"min":0.3792}
##TT##{"t":"gen","evals":145536,"sec":17421.5,"gen":757,"fit":0.8187,"fDef":0.9249,"fPB":0.9412,"fPush":0.849,"fSelf":0.5359,"best":0.8334,"min":0.4594}
##TT##{"t":"gen","evals":145728,"sec":17445,"gen":758,"fit":0.8283,"fDef":0.9231,"fPB":0.9298,"fPush":0.8724,"fSelf":0.5771,"best":0.8334,"min":0.4682}
##TT##{"t":"gen","evals":145920,"sec":17468.1,"gen":759,"fit":0.822,"fDef":0.9199,"fPB":0.9412,"fPush":0.8688,"fSelf":0.5431,"best":0.8334,"min":0.4176}
##TT##{"t":"gen","evals":146112,"sec":17490.8,"gen":760,"fit":0.8293,"fDef":0.9345,"fPB":0.9496,"fPush":0.8756,"fSelf":0.5416,"best":0.8334,"min":0.5406}
gen 760  top.fit=0.8293 (vsDef=0.935 vsPB=0.950 vsPush=0.876 vsSelf=0.542)  best=0.8334  [17490.804s]
##TT##{"t":"gen","evals":146304,"sec":17513.7,"gen":761,"fit":0.8249,"fDef":0.9329,"fPB":0.9216,"fPush":0.8919,"fSelf":0.5543,"best":0.8334,"min":0.5219}
##TT##{"t":"gen","evals":146496,"sec":17536.2,"gen":762,"fit":0.8309,"fDef":0.9265,"fPB":0.9515,"fPush":0.8935,"fSelf":0.5439,"best":0.8334,"min":0.4475}
##TT##{"t":"gen","evals":146688,"sec":17559.3,"gen":763,"fit":0.8236,"fDef":0.92,"fPB":0.9482,"fPush":0.8771,"fSelf":0.5356,"best":0.8334,"min":0.4743}
##TT##{"t":"gen","evals":146880,"sec":17582.2,"gen":764,"fit":0.8297,"fDef":0.9189,"fPB":0.9429,"fPush":0.8749,"fSelf":0.5682,"best":0.8334,"min":0.3864}
##TT##{"t":"gen","evals":147072,"sec":17605.3,"gen":765,"fit":0.8196,"fDef":0.92,"fPB":0.9462,"fPush":0.8802,"fSelf":0.521,"best":0.8334,"min":0.4364}
##TT##{"t":"gen","evals":147264,"sec":17628.4,"gen":766,"fit":0.8278,"fDef":0.9223,"fPB":0.9312,"fPush":0.8657,"fSelf":0.5775,"best":0.8334,"min":0.5129}
##TT##{"t":"gen","evals":147456,"sec":17651.8,"gen":767,"fit":0.8132,"fDef":0.9042,"fPB":0.9348,"fPush":0.8801,"fSelf":0.5273,"best":0.8334,"min":0.3848}
##TT##{"t":"gen","evals":147648,"sec":17675.8,"gen":768,"fit":0.8278,"fDef":0.9167,"fPB":0.9412,"fPush":0.8772,"fSelf":0.5641,"best":0.8334,"min":0.4763}
##TT##{"t":"gen","evals":147840,"sec":17699.6,"gen":769,"fit":0.817,"fDef":0.9105,"fPB":0.928,"fPush":0.8865,"fSelf":0.5409,"best":0.8334,"min":0.525}
##TT##{"t":"gen","evals":148032,"sec":17723.4,"gen":770,"fit":0.8231,"fDef":0.9151,"fPB":0.9345,"fPush":0.8736,"fSelf":0.5583,"best":0.8334,"min":0.3963}
gen 770  top.fit=0.8231 (vsDef=0.915 vsPB=0.935 vsPush=0.874 vsSelf=0.558)  best=0.8334  [17723.429s]
##TT##{"t":"gen","evals":148224,"sec":17746.2,"gen":771,"fit":0.8231,"fDef":0.9263,"fPB":0.9199,"fPush":0.8672,"fSelf":0.5696,"best":0.8334,"min":0.4629}
##TT##{"t":"gen","evals":148416,"sec":17769.5,"gen":772,"fit":0.8187,"fDef":0.9058,"fPB":0.9248,"fPush":0.8757,"fSelf":0.5621,"best":0.8334,"min":0.5282}
##TT##{"t":"gen","evals":148608,"sec":17792.7,"gen":773,"fit":0.8305,"fDef":0.9395,"fPB":0.9379,"fPush":0.8966,"fSelf":0.5453,"best":0.8334,"min":0.4576}
##TT##{"t":"gen","evals":148800,"sec":17815.7,"gen":774,"fit":0.8239,"fDef":0.933,"fPB":0.9264,"fPush":0.8845,"fSelf":0.5482,"best":0.8334,"min":0.6452}
##TT##{"t":"gen","evals":148992,"sec":17839.7,"gen":775,"fit":0.8263,"fDef":0.912,"fPB":0.9445,"fPush":0.8921,"fSelf":0.5505,"best":0.8334,"min":0.4793}
##TT##{"t":"gen","evals":149184,"sec":17862.7,"gen":776,"fit":0.8142,"fDef":0.8996,"fPB":0.9252,"fPush":0.9168,"fSelf":0.5283,"best":0.8334,"min":0.5397}
##TT##{"t":"gen","evals":149376,"sec":17885.7,"gen":777,"fit":0.8262,"fDef":0.9233,"fPB":0.927,"fPush":0.8714,"fSelf":0.5731,"best":0.8334,"min":0.5451}
##TT##{"t":"gen","evals":149568,"sec":17908.1,"gen":778,"fit":0.8219,"fDef":0.9266,"fPB":0.9264,"fPush":0.8891,"fSelf":0.5442,"best":0.8334,"min":0.6565}
##TT##{"t":"gen","evals":149760,"sec":17931.3,"gen":779,"fit":0.8283,"fDef":0.9247,"fPB":0.9445,"fPush":0.8629,"fSelf":0.5614,"best":0.8334,"min":0.558}
##TT##{"t":"gen","evals":149952,"sec":17953.2,"gen":780,"fit":0.8228,"fDef":0.9296,"fPB":0.9216,"fPush":0.8731,"fSelf":0.5599,"best":0.8334,"min":0.377}
gen 780  top.fit=0.8228 (vsDef=0.930 vsPB=0.922 vsPush=0.873 vsSelf=0.560)  best=0.8334  [17953.197s]
##TT##{"t":"gen","evals":150144,"sec":17975.6,"gen":781,"fit":0.8232,"fDef":0.9233,"fPB":0.9313,"fPush":0.8802,"fSelf":0.551,"best":0.8334,"min":0.5519}
##TT##{"t":"gen","evals":150336,"sec":17998.2,"gen":782,"fit":0.8288,"fDef":0.9247,"fPB":0.9296,"fPush":0.8657,"fSelf":0.5813,"best":0.8334,"min":0.471}
##TT##{"t":"gen","evals":150528,"sec":18021.2,"gen":783,"fit":0.8169,"fDef":0.9184,"fPB":0.9215,"fPush":0.8851,"fSelf":0.5417,"best":0.8334,"min":0.5651}
##TT##{"t":"gen","evals":150720,"sec":18043.5,"gen":784,"fit":0.8248,"fDef":0.9296,"fPB":0.967,"fPush":0.8588,"fSelf":0.5158,"best":0.8334,"min":0.4249}
##TT##{"t":"gen","evals":150912,"sec":18065,"gen":785,"fit":0.8253,"fDef":0.92,"fPB":0.9429,"fPush":0.8685,"fSelf":0.5534,"best":0.8334,"min":0.495}
##TT##{"t":"gen","evals":151104,"sec":18087.1,"gen":786,"fit":0.8169,"fDef":0.9151,"fPB":0.9215,"fPush":0.8966,"fSelf":0.5391,"best":0.8334,"min":0.466}
##TT##{"t":"gen","evals":151296,"sec":18109.6,"gen":787,"fit":0.82,"fDef":0.903,"fPB":0.9296,"fPush":0.8629,"fSelf":0.5708,"best":0.8334,"min":0.5204}
##TT##{"t":"gen","evals":151488,"sec":18131.8,"gen":788,"fit":0.8192,"fDef":0.9154,"fPB":0.9447,"fPush":0.8713,"fSelf":0.5309,"best":0.8334,"min":0.4849}
##TT##{"t":"gen","evals":151680,"sec":18153.5,"gen":789,"fit":0.8284,"fDef":0.912,"fPB":0.9363,"fPush":0.8796,"fSelf":0.576,"best":0.8334,"min":0.4047}
##TT##{"t":"gen","evals":151872,"sec":18175.6,"gen":790,"fit":0.8239,"fDef":0.9151,"fPB":0.9363,"fPush":0.8905,"fSelf":0.55,"best":0.8334,"min":0.5995}
gen 790  top.fit=0.8239 (vsDef=0.915 vsPB=0.936 vsPush=0.891 vsSelf=0.550)  best=0.8334  [18175.598s]
##TT##{"t":"gen","evals":152064,"sec":18198,"gen":791,"fit":0.8202,"fDef":0.9167,"fPB":0.9232,"fPush":0.8757,"fSelf":0.5591,"best":0.8334,"min":0.3652}
##TT##{"t":"gen","evals":152256,"sec":18220.2,"gen":792,"fit":0.8244,"fDef":0.9199,"fPB":0.9412,"fPush":0.8642,"fSelf":0.5549,"best":0.8334,"min":0.4668}
##TT##{"t":"gen","evals":152448,"sec":18243.3,"gen":793,"fit":0.8249,"fDef":0.9329,"fPB":0.9378,"fPush":0.8462,"fSelf":0.5577,"best":0.8334,"min":0.5519}
##TT##{"t":"gen","evals":152640,"sec":18265,"gen":794,"fit":0.834,"fDef":0.928,"fPB":0.9378,"fPush":0.883,"fSelf":0.5777,"best":0.834,"min":0.6052}
##TT##{"t":"gen","evals":152832,"sec":18286.6,"gen":795,"fit":0.8127,"fDef":0.9263,"fPB":0.9395,"fPush":0.8832,"fSelf":0.4952,"best":0.834,"min":0.4084}
##TT##{"t":"gen","evals":153024,"sec":18308.5,"gen":796,"fit":0.814,"fDef":0.9314,"fPB":0.9329,"fPush":0.8859,"fSelf":0.5024,"best":0.834,"min":0.4954}
##TT##{"t":"gen","evals":153216,"sec":18330.6,"gen":797,"fit":0.8172,"fDef":0.9151,"fPB":0.9362,"fPush":0.8965,"fSelf":0.521,"best":0.834,"min":0.6291}
##TT##{"t":"gen","evals":153408,"sec":18352,"gen":798,"fit":0.8187,"fDef":0.9345,"fPB":0.9329,"fPush":0.8865,"fSelf":0.5169,"best":0.834,"min":0.4666}
##TT##{"t":"gen","evals":153600,"sec":18374,"gen":799,"fit":0.8095,"fDef":0.8981,"fPB":0.9445,"fPush":0.8876,"fSelf":0.5022,"best":0.834,"min":0.5287}
##TT##{"t":"gen","evals":153792,"sec":18396.4,"gen":800,"fit":0.8177,"fDef":0.9379,"fPB":0.9429,"fPush":0.883,"fSelf":0.4989,"best":0.834,"min":0.4883}
gen 800  top.fit=0.8177 (vsDef=0.938 vsPB=0.943 vsPush=0.883 vsSelf=0.499)  best=0.8340  [18396.429s]
##TT##{"t":"gen","evals":153984,"sec":18417.8,"gen":801,"fit":0.8141,"fDef":0.898,"fPB":0.9168,"fPush":0.9119,"fSelf":0.543,"best":0.834,"min":0.5943}
##TT##{"t":"gen","evals":154176,"sec":18439.1,"gen":802,"fit":0.8135,"fDef":0.9216,"fPB":0.9364,"fPush":0.8935,"fSelf":0.5016,"best":0.834,"min":0.4379}
##TT##{"t":"gen","evals":154368,"sec":18461.2,"gen":803,"fit":0.8154,"fDef":0.9345,"fPB":0.9415,"fPush":0.8713,"fSelf":0.5013,"best":0.834,"min":0.5977}
##TT##{"t":"gen","evals":154560,"sec":18483.3,"gen":804,"fit":0.8146,"fDef":0.928,"fPB":0.9379,"fPush":0.8758,"fSelf":0.5069,"best":0.834,"min":0.5365}
##TT##{"t":"gen","evals":154752,"sec":18505.6,"gen":805,"fit":0.8058,"fDef":0.901,"fPB":0.9548,"fPush":0.8629,"fSelf":0.4848,"best":0.834,"min":0.5031}
##TT##{"t":"gen","evals":154944,"sec":18528.5,"gen":806,"fit":0.8198,"fDef":0.9516,"fPB":0.9565,"fPush":0.883,"fSelf":0.4752,"best":0.834,"min":0.421}
##TT##{"t":"gen","evals":155136,"sec":18551.4,"gen":807,"fit":0.8059,"fDef":0.9104,"fPB":0.9313,"fPush":0.861,"fSelf":0.5077,"best":0.834,"min":0.4331}
##TT##{"t":"gen","evals":155328,"sec":18573,"gen":808,"fit":0.8121,"fDef":0.9199,"fPB":0.9365,"fPush":0.8878,"fSelf":0.5011,"best":0.834,"min":0.5986}
##TT##{"t":"gen","evals":155520,"sec":18594.5,"gen":809,"fit":0.8058,"fDef":0.9281,"fPB":0.9234,"fPush":0.8503,"fSelf":0.5058,"best":0.834,"min":0.3879}
##TT##{"t":"gen","evals":155712,"sec":18616.6,"gen":810,"fit":0.8142,"fDef":0.9362,"fPB":0.9429,"fPush":0.8889,"fSelf":0.4838,"best":0.834,"min":0.4394}
gen 810  top.fit=0.8142 (vsDef=0.936 vsPB=0.943 vsPush=0.889 vsSelf=0.484)  best=0.8340  [18616.556s]
##TT##{"t":"gen","evals":155904,"sec":18638.3,"gen":811,"fit":0.8071,"fDef":0.9044,"fPB":0.9382,"fPush":0.8544,"fSelf":0.5128,"best":0.834,"min":0.3682}
##TT##{"t":"gen","evals":156096,"sec":18660.1,"gen":812,"fit":0.8091,"fDef":0.9267,"fPB":0.9381,"fPush":0.8815,"fSelf":0.4837,"best":0.834,"min":0.5975}
##TT##{"t":"gen","evals":156288,"sec":18681.5,"gen":813,"fit":0.8074,"fDef":0.9183,"fPB":0.9413,"fPush":0.8648,"fSelf":0.4902,"best":0.834,"min":0.5782}
##TT##{"t":"gen","evals":156480,"sec":18703.8,"gen":814,"fit":0.813,"fDef":0.9201,"fPB":0.9329,"fPush":0.8601,"fSelf":0.5238,"best":0.834,"min":0.6097}
##TT##{"t":"gen","evals":156672,"sec":18725.9,"gen":815,"fit":0.8103,"fDef":0.9041,"fPB":0.9329,"fPush":0.9048,"fSelf":0.5051,"best":0.834,"min":0.3668}
##TT##{"t":"gen","evals":156864,"sec":18747.6,"gen":816,"fit":0.8133,"fDef":0.9312,"fPB":0.9151,"fPush":0.898,"fSelf":0.5166,"best":0.834,"min":0.3583}
##TT##{"t":"gen","evals":157056,"sec":18769.7,"gen":817,"fit":0.8052,"fDef":0.912,"fPB":0.9362,"fPush":0.8699,"fSelf":0.4924,"best":0.834,"min":0.6583}
##TT##{"t":"gen","evals":157248,"sec":18792.2,"gen":818,"fit":0.8131,"fDef":0.928,"fPB":0.9548,"fPush":0.8671,"fSelf":0.4838,"best":0.834,"min":0.4138}
##TT##{"t":"gen","evals":157440,"sec":18814.3,"gen":819,"fit":0.8114,"fDef":0.9168,"fPB":0.9345,"fPush":0.8657,"fSelf":0.5158,"best":0.834,"min":0.4106}
##TT##{"t":"gen","evals":157632,"sec":18836.9,"gen":820,"fit":0.8116,"fDef":0.9199,"fPB":0.9346,"fPush":0.8548,"fSelf":0.5192,"best":0.834,"min":0.4253}
gen 820  top.fit=0.8116 (vsDef=0.920 vsPB=0.935 vsPush=0.855 vsSelf=0.519)  best=0.8340  [18836.888s]
##TT##{"t":"gen","evals":157824,"sec":18858.1,"gen":821,"fit":0.8069,"fDef":0.8919,"fPB":0.9417,"fPush":0.8699,"fSelf":0.5118,"best":0.834,"min":0.5141}
##TT##{"t":"gen","evals":158016,"sec":18879.8,"gen":822,"fit":0.8221,"fDef":0.92,"fPB":0.9329,"fPush":0.8874,"fSelf":0.5443,"best":0.834,"min":0.4851}
##TT##{"t":"gen","evals":158208,"sec":18901.9,"gen":823,"fit":0.8087,"fDef":0.9315,"fPB":0.93,"fPush":0.8714,"fSelf":0.4937,"best":0.834,"min":0.466}
##TT##{"t":"gen","evals":158400,"sec":18924.5,"gen":824,"fit":0.8187,"fDef":0.9363,"fPB":0.9296,"fPush":0.9026,"fSelf":0.5111,"best":0.834,"min":0.3998}
##TT##{"t":"gen","evals":158592,"sec":18945.5,"gen":825,"fit":0.8146,"fDef":0.9346,"fPB":0.9315,"fPush":0.8934,"fSelf":0.4995,"best":0.834,"min":0.3657}
##TT##{"t":"gen","evals":158784,"sec":18967,"gen":826,"fit":0.8092,"fDef":0.9104,"fPB":0.9446,"fPush":0.8657,"fSelf":0.5005,"best":0.834,"min":0.4313}
##TT##{"t":"gen","evals":158976,"sec":18988.5,"gen":827,"fit":0.8083,"fDef":0.9096,"fPB":0.9395,"fPush":0.8503,"fSelf":0.5127,"best":0.834,"min":0.4273}
##TT##{"t":"gen","evals":159168,"sec":19009.3,"gen":828,"fit":0.8114,"fDef":0.9263,"fPB":0.9412,"fPush":0.8832,"fSelf":0.4882,"best":0.834,"min":0.6114}
##TT##{"t":"gen","evals":159360,"sec":19032.2,"gen":829,"fit":0.8183,"fDef":0.9248,"fPB":0.9395,"fPush":0.8965,"fSelf":0.5111,"best":0.834,"min":0.447}
##TT##{"t":"gen","evals":159552,"sec":19053.3,"gen":830,"fit":0.8145,"fDef":0.92,"fPB":0.9383,"fPush":0.8904,"fSelf":0.5062,"best":0.834,"min":0.4147}
gen 830  top.fit=0.8145 (vsDef=0.920 vsPB=0.938 vsPush=0.890 vsSelf=0.506)  best=0.8340  [19053.314s]
##TT##{"t":"gen","evals":159744,"sec":19075,"gen":831,"fit":0.8213,"fDef":0.9383,"fPB":0.9329,"fPush":0.8635,"fSelf":0.5357,"best":0.834,"min":0.4473}
##TT##{"t":"gen","evals":159936,"sec":19097.8,"gen":832,"fit":0.8167,"fDef":0.9155,"fPB":0.943,"fPush":0.8699,"fSelf":0.524,"best":0.834,"min":0.3469}
##TT##{"t":"gen","evals":160128,"sec":19120.6,"gen":833,"fit":0.8134,"fDef":0.9199,"fPB":0.9451,"fPush":0.8844,"fSelf":0.4967,"best":0.834,"min":0.4758}
##TT##{"t":"gen","evals":160320,"sec":19142.1,"gen":834,"fit":0.8119,"fDef":0.9151,"fPB":0.9479,"fPush":0.8672,"fSelf":0.5011,"best":0.834,"min":0.5667}
##TT##{"t":"gen","evals":160512,"sec":19163.4,"gen":835,"fit":0.8096,"fDef":0.9288,"fPB":0.9395,"fPush":0.8859,"fSelf":0.4793,"best":0.834,"min":0.5942}
##TT##{"t":"gen","evals":160704,"sec":19185.2,"gen":836,"fit":0.8113,"fDef":0.9169,"fPB":0.9347,"fPush":0.8981,"fSelf":0.4978,"best":0.834,"min":0.4353}
##TT##{"t":"gen","evals":160896,"sec":19208.1,"gen":837,"fit":0.8105,"fDef":0.9282,"fPB":0.9296,"fPush":0.8965,"fSelf":0.4907,"best":0.834,"min":0.4262}
##TT##{"t":"gen","evals":161088,"sec":19231.3,"gen":838,"fit":0.8175,"fDef":0.9057,"fPB":0.9618,"fPush":0.8771,"fSelf":0.5087,"best":0.834,"min":0.3757}
##TT##{"t":"gen","evals":161280,"sec":19252.9,"gen":839,"fit":0.816,"fDef":0.9186,"fPB":0.935,"fPush":0.8952,"fSelf":0.5153,"best":0.834,"min":0.4912}
##TT##{"t":"gen","evals":161472,"sec":19275.6,"gen":840,"fit":0.8067,"fDef":0.9264,"fPB":0.9298,"fPush":0.8742,"fSelf":0.4896,"best":0.834,"min":0.344}
gen 840  top.fit=0.8067 (vsDef=0.926 vsPB=0.930 vsPush=0.874 vsSelf=0.490)  best=0.8340  [19275.572s]
##TT##{"t":"gen","evals":161664,"sec":19297.9,"gen":841,"fit":0.8224,"fDef":0.9151,"fPB":0.9497,"fPush":0.8937,"fSelf":0.525,"best":0.834,"min":0.5256}
##TT##{"t":"gen","evals":161856,"sec":19320,"gen":842,"fit":0.8139,"fDef":0.9121,"fPB":0.9395,"fPush":0.8996,"fSelf":0.5055,"best":0.834,"min":0.5311}
##TT##{"t":"gen","evals":162048,"sec":19342.6,"gen":843,"fit":0.8096,"fDef":0.906,"fPB":0.943,"fPush":0.8864,"fSelf":0.4973,"best":0.834,"min":0.4505}
##TT##{"t":"gen","evals":162240,"sec":19366,"gen":844,"fit":0.8167,"fDef":0.9267,"fPB":0.948,"fPush":0.8699,"fSelf":0.5065,"best":0.834,"min":0.4129}
##TT##{"t":"gen","evals":162432,"sec":19388.7,"gen":845,"fit":0.8141,"fDef":0.9233,"fPB":0.9497,"fPush":0.8779,"fSelf":0.4934,"best":0.834,"min":0.4315}
##TT##{"t":"gen","evals":162624,"sec":19411.6,"gen":846,"fit":0.8111,"fDef":0.9104,"fPB":0.9329,"fPush":0.8859,"fSelf":0.5122,"best":0.834,"min":0.362}
##TT##{"t":"gen","evals":162816,"sec":19434.1,"gen":847,"fit":0.8084,"fDef":0.9167,"fPB":0.9332,"fPush":0.8685,"fSelf":0.5045,"best":0.834,"min":0.3359}
##TT##{"t":"gen","evals":163008,"sec":19457,"gen":848,"fit":0.8089,"fDef":0.9215,"fPB":0.9312,"fPush":0.8875,"fSelf":0.4938,"best":0.834,"min":0.5035}
##TT##{"t":"gen","evals":163200,"sec":19479.4,"gen":849,"fit":0.8097,"fDef":0.909,"fPB":0.9462,"fPush":0.8421,"fSelf":0.5143,"best":0.834,"min":0.5481}
##TT##{"t":"gen","evals":163392,"sec":19502.5,"gen":850,"fit":0.8104,"fDef":0.9103,"fPB":0.9362,"fPush":0.883,"fSelf":0.507,"best":0.834,"min":0.4427}
gen 850  top.fit=0.8104 (vsDef=0.910 vsPB=0.936 vsPush=0.883 vsSelf=0.507)  best=0.8340  [19502.456s]
##TT##{"t":"gen","evals":163584,"sec":19525.4,"gen":851,"fit":0.8161,"fDef":0.912,"fPB":0.9395,"fPush":0.8727,"fSelf":0.5284,"best":0.834,"min":0.5161}
##TT##{"t":"gen","evals":163776,"sec":19548.2,"gen":852,"fit":0.8105,"fDef":0.9249,"fPB":0.9364,"fPush":0.8713,"fSelf":0.4989,"best":0.834,"min":0.5395}
##TT##{"t":"gen","evals":163968,"sec":19571,"gen":853,"fit":0.8237,"fDef":0.9378,"fPB":0.9565,"fPush":0.8834,"fSelf":0.5035,"best":0.834,"min":0.5025}
##TT##{"t":"gen","evals":164160,"sec":19593.6,"gen":854,"fit":0.808,"fDef":0.9185,"fPB":0.92,"fPush":0.8906,"fSelf":0.5065,"best":0.834,"min":0.4827}
##TT##{"t":"gen","evals":164352,"sec":19616.3,"gen":855,"fit":0.8093,"fDef":0.9088,"fPB":0.9329,"fPush":0.8802,"fSelf":0.5099,"best":0.834,"min":0.5742}
##TT##{"t":"gen","evals":164544,"sec":19639.2,"gen":856,"fit":0.8091,"fDef":0.9137,"fPB":0.9153,"fPush":0.8602,"fSelf":0.5382,"best":0.834,"min":0.5525}
##TT##{"t":"gen","evals":164736,"sec":19662.4,"gen":857,"fit":0.8141,"fDef":0.9014,"fPB":0.9395,"fPush":0.8935,"fSelf":0.5202,"best":0.834,"min":0.6472}
##TT##{"t":"gen","evals":164928,"sec":19684.9,"gen":858,"fit":0.8083,"fDef":0.9345,"fPB":0.9446,"fPush":0.8771,"fSelf":0.4666,"best":0.834,"min":0.544}
##TT##{"t":"gen","evals":165120,"sec":19706.9,"gen":859,"fit":0.8155,"fDef":0.9264,"fPB":0.9429,"fPush":0.8553,"fSelf":0.5169,"best":0.834,"min":0.5597}
##TT##{"t":"gen","evals":165312,"sec":19729.3,"gen":860,"fit":0.8125,"fDef":0.9234,"fPB":0.9364,"fPush":0.8771,"fSelf":0.505,"best":0.834,"min":0.4371}
gen 860  top.fit=0.8125 (vsDef=0.923 vsPB=0.936 vsPush=0.877 vsSelf=0.505)  best=0.8340  [19729.334s]
##TT##{"t":"gen","evals":165504,"sec":19752,"gen":861,"fit":0.8158,"fDef":0.9231,"fPB":0.9531,"fPush":0.883,"fSelf":0.4929,"best":0.834,"min":0.4008}
##TT##{"t":"gen","evals":165696,"sec":19775.1,"gen":862,"fit":0.8102,"fDef":0.9088,"fPB":0.9395,"fPush":0.8802,"fSelf":0.5049,"best":0.834,"min":0.4733}
##TT##{"t":"gen","evals":165888,"sec":19798.2,"gen":863,"fit":0.8196,"fDef":0.9152,"fPB":0.9463,"fPush":0.8981,"fSelf":0.5161,"best":0.834,"min":0.4945}
##TT##{"t":"gen","evals":166080,"sec":19821,"gen":864,"fit":0.8222,"fDef":0.9296,"fPB":0.9497,"fPush":0.883,"fSelf":0.5153,"best":0.834,"min":0.4769}
##TT##{"t":"gen","evals":166272,"sec":19843.4,"gen":865,"fit":0.8119,"fDef":0.9183,"fPB":0.9498,"fPush":0.8438,"fSelf":0.5079,"best":0.834,"min":0.5914}
##TT##{"t":"gen","evals":166464,"sec":19866.5,"gen":866,"fit":0.8114,"fDef":0.9279,"fPB":0.9362,"fPush":0.8699,"fSelf":0.5,"best":0.834,"min":0.4545}
##TT##{"t":"gen","evals":166656,"sec":19889.2,"gen":867,"fit":0.8154,"fDef":0.93,"fPB":0.9497,"fPush":0.8844,"fSelf":0.488,"best":0.834,"min":0.3327}
##TT##{"t":"gen","evals":166848,"sec":19911.9,"gen":868,"fit":0.8112,"fDef":0.9059,"fPB":0.9498,"fPush":0.8772,"fSelf":0.4999,"best":0.834,"min":0.4992}
##TT##{"t":"gen","evals":167040,"sec":19934.5,"gen":869,"fit":0.822,"fDef":0.9347,"fPB":0.9479,"fPush":0.886,"fSelf":0.5104,"best":0.834,"min":0.4275}
##TT##{"t":"gen","evals":167232,"sec":19956.9,"gen":870,"fit":0.8144,"fDef":0.9281,"fPB":0.9312,"fPush":0.883,"fSelf":0.5112,"best":0.834,"min":0.4503}
gen 870  top.fit=0.8144 (vsDef=0.928 vsPB=0.931 vsPush=0.883 vsSelf=0.511)  best=0.8340  [19956.935s]
##TT##{"t":"gen","evals":167424,"sec":19979.8,"gen":871,"fit":0.814,"fDef":0.9044,"fPB":0.9601,"fPush":0.8519,"fSelf":0.5119,"best":0.834,"min":0.3572}
##TT##{"t":"gen","evals":167616,"sec":20003.3,"gen":872,"fit":0.81,"fDef":0.9298,"fPB":0.9346,"fPush":0.8642,"fSelf":0.4981,"best":0.834,"min":0.4835}
##TT##{"t":"gen","evals":167808,"sec":20026,"gen":873,"fit":0.8141,"fDef":0.9189,"fPB":0.9548,"fPush":0.8458,"fSelf":0.5082,"best":0.834,"min":0.4303}
##TT##{"t":"gen","evals":168000,"sec":20048.3,"gen":874,"fit":0.8012,"fDef":0.9122,"fPB":0.9379,"fPush":0.8786,"fSelf":0.4695,"best":0.834,"min":0.4636}
##TT##{"t":"gen","evals":168192,"sec":20071.3,"gen":875,"fit":0.8116,"fDef":0.9167,"fPB":0.948,"fPush":0.8859,"fSelf":0.488,"best":0.834,"min":0.478}
##TT##{"t":"gen","evals":168384,"sec":20093.8,"gen":876,"fit":0.8158,"fDef":0.9298,"fPB":0.9479,"fPush":0.8657,"fSelf":0.5022,"best":0.834,"min":0.4642}
##TT##{"t":"gen","evals":168576,"sec":20116.6,"gen":877,"fit":0.8056,"fDef":0.9264,"fPB":0.9379,"fPush":0.8727,"fSelf":0.4756,"best":0.834,"min":0.3398}
##TT##{"t":"gen","evals":168768,"sec":20139.2,"gen":878,"fit":0.8127,"fDef":0.9247,"fPB":0.9463,"fPush":0.8897,"fSelf":0.4846,"best":0.834,"min":0.553}
##TT##{"t":"gen","evals":168960,"sec":20162.3,"gen":879,"fit":0.8118,"fDef":0.9121,"fPB":0.9446,"fPush":0.8836,"fSelf":0.4991,"best":0.834,"min":0.4955}
##TT##{"t":"gen","evals":169152,"sec":20185.6,"gen":880,"fit":0.8169,"fDef":0.9296,"fPB":0.9497,"fPush":0.8685,"fSelf":0.5029,"best":0.834,"min":0.4038}
gen 880  top.fit=0.8169 (vsDef=0.930 vsPB=0.950 vsPush=0.869 vsSelf=0.503)  best=0.8340  [20185.597s]
##TT##{"t":"gen","evals":169344,"sec":20208.7,"gen":881,"fit":0.8201,"fDef":0.9215,"fPB":0.9446,"fPush":0.8671,"fSelf":0.5307,"best":0.834,"min":0.5704}
##TT##{"t":"gen","evals":169536,"sec":20230.6,"gen":882,"fit":0.8009,"fDef":0.9074,"fPB":0.9348,"fPush":0.8586,"fSelf":0.4882,"best":0.834,"min":0.5311}
##TT##{"t":"gen","evals":169728,"sec":20253.2,"gen":883,"fit":0.8081,"fDef":0.9073,"fPB":0.9317,"fPush":0.8919,"fSelf":0.5021,"best":0.834,"min":0.5792}
##TT##{"t":"gen","evals":169920,"sec":20275.1,"gen":884,"fit":0.8092,"fDef":0.9152,"fPB":0.9482,"fPush":0.8544,"fSelf":0.4971,"best":0.834,"min":0.6375}
##TT##{"t":"gen","evals":170112,"sec":20298.7,"gen":885,"fit":0.8091,"fDef":0.9168,"fPB":0.9497,"fPush":0.8742,"fSelf":0.4825,"best":0.834,"min":0.4142}
##TT##{"t":"gen","evals":170304,"sec":20321.4,"gen":886,"fit":0.8061,"fDef":0.9088,"fPB":0.9283,"fPush":0.8684,"fSelf":0.51,"best":0.834,"min":0.4519}
##TT##{"t":"gen","evals":170496,"sec":20344.3,"gen":887,"fit":0.8094,"fDef":0.9088,"fPB":0.9514,"fPush":0.867,"fSelf":0.4933,"best":0.834,"min":0.5076}
##TT##{"t":"gen","evals":170688,"sec":20366.5,"gen":888,"fit":0.8139,"fDef":0.9381,"fPB":0.9548,"fPush":0.8615,"fSelf":0.4799,"best":0.834,"min":0.4032}
##TT##{"t":"gen","evals":170880,"sec":20389.1,"gen":889,"fit":0.8077,"fDef":0.9121,"fPB":0.9412,"fPush":0.8819,"fSelf":0.4887,"best":0.834,"min":0.5651}
##TT##{"t":"gen","evals":171072,"sec":20411.2,"gen":890,"fit":0.8081,"fDef":0.9072,"fPB":0.9397,"fPush":0.8859,"fSelf":0.495,"best":0.834,"min":0.4193}
gen 890  top.fit=0.8081 (vsDef=0.907 vsPB=0.940 vsPush=0.886 vsSelf=0.495)  best=0.8340  [20411.245s]
##TT##{"t":"gen","evals":171264,"sec":20433,"gen":891,"fit":0.8118,"fDef":0.9231,"fPB":0.9379,"fPush":0.8874,"fSelf":0.495,"best":0.834,"min":0.5069}
##TT##{"t":"gen","evals":171456,"sec":20454.8,"gen":892,"fit":0.8101,"fDef":0.9231,"fPB":0.9412,"fPush":0.8757,"fSelf":0.4904,"best":0.834,"min":0.5271}
##TT##{"t":"gen","evals":171648,"sec":20477.4,"gen":893,"fit":0.809,"fDef":0.9026,"fPB":0.948,"fPush":0.8503,"fSelf":0.5114,"best":0.834,"min":0.4337}
##TT##{"t":"gen","evals":171840,"sec":20499.2,"gen":894,"fit":0.8126,"fDef":0.9231,"fPB":0.9449,"fPush":0.86,"fSelf":0.5036,"best":0.834,"min":0.5718}
##TT##{"t":"gen","evals":172032,"sec":20522.1,"gen":895,"fit":0.8166,"fDef":0.9296,"fPB":0.9482,"fPush":0.8533,"fSelf":0.5119,"best":0.834,"min":0.4926}
##TT##{"t":"gen","evals":172224,"sec":20543.7,"gen":896,"fit":0.8012,"fDef":0.8954,"fPB":0.9396,"fPush":0.8728,"fSelf":0.4874,"best":0.834,"min":0.3984}
##TT##{"t":"gen","evals":172416,"sec":20567,"gen":897,"fit":0.8126,"fDef":0.9233,"fPB":0.9514,"fPush":0.8631,"fSelf":0.4933,"best":0.834,"min":0.5105}
##TT##{"t":"gen","evals":172608,"sec":20590.4,"gen":898,"fit":0.8085,"fDef":0.9072,"fPB":0.9497,"fPush":0.8579,"fSelf":0.4987,"best":0.834,"min":0.3464}
##TT##{"t":"gen","evals":172800,"sec":20614.1,"gen":899,"fit":0.8113,"fDef":0.9104,"fPB":0.9565,"fPush":0.8729,"fSelf":0.4891,"best":0.834,"min":0.4621}
##TT##{"t":"gen","evals":172992,"sec":20636.8,"gen":900,"fit":0.8092,"fDef":0.9345,"fPB":0.9362,"fPush":0.8574,"fSelf":0.4919,"best":0.834,"min":0.485}
gen 900  top.fit=0.8092 (vsDef=0.935 vsPB=0.936 vsPush=0.857 vsSelf=0.492)  best=0.8340  [20636.83s]
##TT##{"t":"gen","evals":173184,"sec":20660.3,"gen":901,"fit":0.8177,"fDef":0.9267,"fPB":0.9531,"fPush":0.88,"fSelf":0.498,"best":0.834,"min":0.517}
##TT##{"t":"gen","evals":173376,"sec":20683.6,"gen":902,"fit":0.8169,"fDef":0.9234,"fPB":0.9379,"fPush":0.8907,"fSelf":0.5124,"best":0.834,"min":0.5679}
##TT##{"t":"gen","evals":173568,"sec":20707.5,"gen":903,"fit":0.8162,"fDef":0.9352,"fPB":0.9378,"fPush":0.8762,"fSelf":0.5058,"best":0.834,"min":0.4375}
##TT##{"t":"gen","evals":173760,"sec":20731,"gen":904,"fit":0.8068,"fDef":0.9199,"fPB":0.9465,"fPush":0.8532,"fSelf":0.4859,"best":0.834,"min":0.5036}
##TT##{"t":"gen","evals":173952,"sec":20754,"gen":905,"fit":0.8125,"fDef":0.9089,"fPB":0.9566,"fPush":0.8785,"fSelf":0.4922,"best":0.834,"min":0.399}
##TT##{"t":"gen","evals":174144,"sec":20775.6,"gen":906,"fit":0.8168,"fDef":0.9282,"fPB":0.9534,"fPush":0.8757,"fSelf":0.4952,"best":0.834,"min":0.4869}
##TT##{"t":"gen","evals":174336,"sec":20797.3,"gen":907,"fit":0.8056,"fDef":0.8995,"fPB":0.9345,"fPush":0.8817,"fSelf":0.5021,"best":0.834,"min":0.6751}
##TT##{"t":"gen","evals":174528,"sec":20819.1,"gen":908,"fit":0.8134,"fDef":0.9201,"fPB":0.948,"fPush":0.8544,"fSelf":0.5086,"best":0.834,"min":0.4686}
##TT##{"t":"gen","evals":174720,"sec":20840.9,"gen":909,"fit":0.8103,"fDef":0.9125,"fPB":0.9519,"fPush":0.8818,"fSelf":0.4843,"best":0.834,"min":0.5398}
##TT##{"t":"gen","evals":174912,"sec":20863.7,"gen":910,"fit":0.8023,"fDef":0.9088,"fPB":0.9223,"fPush":0.8728,"fSelf":0.5011,"best":0.834,"min":0.5301}
gen 910  top.fit=0.8023 (vsDef=0.909 vsPB=0.922 vsPush=0.873 vsSelf=0.501)  best=0.8340  [20863.711s]
##TT##{"t":"gen","evals":175104,"sec":20886,"gen":911,"fit":0.812,"fDef":0.9235,"fPB":0.9535,"fPush":0.8544,"fSelf":0.4927,"best":0.834,"min":0.499}
##TT##{"t":"gen","evals":175296,"sec":20907.9,"gen":912,"fit":0.8137,"fDef":0.9073,"fPB":0.9514,"fPush":0.8776,"fSelf":0.5059,"best":0.834,"min":0.4585}
##TT##{"t":"gen","evals":175488,"sec":20930.3,"gen":913,"fit":0.813,"fDef":0.9312,"fPB":0.9379,"fPush":0.8592,"fSelf":0.5066,"best":0.834,"min":0.3412}
##TT##{"t":"gen","evals":175680,"sec":20953,"gen":914,"fit":0.8106,"fDef":0.9107,"fPB":0.9383,"fPush":0.8411,"fSelf":0.5269,"best":0.834,"min":0.4599}
##TT##{"t":"gen","evals":175872,"sec":20974.3,"gen":915,"fit":0.8051,"fDef":0.9092,"fPB":0.9531,"fPush":0.8792,"fSelf":0.4677,"best":0.834,"min":0.4809}
##TT##{"t":"gen","evals":176064,"sec":20996.1,"gen":916,"fit":0.8132,"fDef":0.9073,"fPB":0.9636,"fPush":0.8714,"fSelf":0.491,"best":0.834,"min":0.4119}
##TT##{"t":"gen","evals":176256,"sec":21017,"gen":917,"fit":0.8034,"fDef":0.9154,"fPB":0.9333,"fPush":0.8845,"fSelf":0.4777,"best":0.834,"min":0.4169}
##TT##{"t":"gen","evals":176448,"sec":21039.3,"gen":918,"fit":0.8095,"fDef":0.9247,"fPB":0.9362,"fPush":0.8586,"fSelf":0.5022,"best":0.834,"min":0.4697}
##TT##{"t":"gen","evals":176640,"sec":21062,"gen":919,"fit":0.8089,"fDef":0.9199,"fPB":0.9514,"fPush":0.8787,"fSelf":0.474,"best":0.834,"min":0.4792}
##TT##{"t":"gen","evals":176832,"sec":21084.2,"gen":920,"fit":0.8127,"fDef":0.9042,"fPB":0.9533,"fPush":0.8951,"fSelf":0.4932,"best":0.834,"min":0.3368}
gen 920  top.fit=0.8127 (vsDef=0.904 vsPB=0.953 vsPush=0.895 vsSelf=0.493)  best=0.8340  [21084.244s]
##TT##{"t":"gen","evals":177024,"sec":21106.5,"gen":921,"fit":0.8054,"fDef":0.8786,"fPB":0.9602,"fPush":0.8626,"fSelf":0.4992,"best":0.834,"min":0.4672}
##TT##{"t":"gen","evals":177216,"sec":21128.1,"gen":922,"fit":0.8095,"fDef":0.9362,"fPB":0.9379,"fPush":0.8652,"fSelf":0.485,"best":0.834,"min":0.338}
##TT##{"t":"gen","evals":177408,"sec":21150.1,"gen":923,"fit":0.8183,"fDef":0.9168,"fPB":0.9463,"fPush":0.8859,"fSelf":0.5159,"best":0.834,"min":0.4308}
##TT##{"t":"gen","evals":177600,"sec":21172.4,"gen":924,"fit":0.8073,"fDef":0.897,"fPB":0.9349,"fPush":0.8601,"fSelf":0.5223,"best":0.834,"min":0.4603}
##TT##{"t":"gen","evals":177792,"sec":21194.4,"gen":925,"fit":0.8157,"fDef":0.9299,"fPB":0.9602,"fPush":0.8774,"fSelf":0.4795,"best":0.834,"min":0.485}
##TT##{"t":"gen","evals":177984,"sec":21216,"gen":926,"fit":0.8114,"fDef":0.9183,"fPB":0.9532,"fPush":0.8601,"fSelf":0.493,"best":0.834,"min":0.4781}
##TT##{"t":"gen","evals":178176,"sec":21237.3,"gen":927,"fit":0.8175,"fDef":0.9135,"fPB":0.9565,"fPush":0.8935,"fSelf":0.4986,"best":0.834,"min":0.3359}
##TT##{"t":"gen","evals":178368,"sec":21259.5,"gen":928,"fit":0.8032,"fDef":0.9329,"fPB":0.9232,"fPush":0.8602,"fSelf":0.4859,"best":0.834,"min":0.4292}
##TT##{"t":"gen","evals":178560,"sec":21282,"gen":929,"fit":0.8041,"fDef":0.9234,"fPB":0.943,"fPush":0.8719,"fSelf":0.4669,"best":0.834,"min":0.5101}
##TT##{"t":"gen","evals":178752,"sec":21305.3,"gen":930,"fit":0.8119,"fDef":0.901,"fPB":0.9548,"fPush":0.8743,"fSelf":0.5022,"best":0.834,"min":0.4645}
gen 930  top.fit=0.8119 (vsDef=0.901 vsPB=0.955 vsPush=0.874 vsSelf=0.502)  best=0.8340  [21305.281s]
##TT##{"t":"gen","evals":178944,"sec":21328.3,"gen":931,"fit":0.808,"fDef":0.9135,"fPB":0.9618,"fPush":0.8948,"fSelf":0.4549,"best":0.834,"min":0.5009}
##TT##{"t":"gen","evals":179136,"sec":21351.4,"gen":932,"fit":0.8022,"fDef":0.9231,"fPB":0.9296,"fPush":0.8642,"fSelf":0.4815,"best":0.834,"min":0.478}
##TT##{"t":"gen","evals":179328,"sec":21373.4,"gen":933,"fit":0.8121,"fDef":0.9215,"fPB":0.9397,"fPush":0.8642,"fSelf":0.5079,"best":0.834,"min":0.5061}
##TT##{"t":"gen","evals":179520,"sec":21395.1,"gen":934,"fit":0.804,"fDef":0.9248,"fPB":0.9332,"fPush":0.86,"fSelf":0.4841,"best":0.834,"min":0.3848}
##TT##{"t":"gen","evals":179712,"sec":21416.6,"gen":935,"fit":0.8111,"fDef":0.9362,"fPB":0.943,"fPush":0.8859,"fSelf":0.4732,"best":0.834,"min":0.5023}
##TT##{"t":"gen","evals":179904,"sec":21438.7,"gen":936,"fit":0.8077,"fDef":0.9264,"fPB":0.9329,"fPush":0.8819,"fSelf":0.4855,"best":0.834,"min":0.5017}
##TT##{"t":"gen","evals":180096,"sec":21460.9,"gen":937,"fit":0.8107,"fDef":0.9074,"fPB":0.9347,"fPush":0.8746,"fSelf":0.5176,"best":0.834,"min":0.463}
##TT##{"t":"gen","evals":180288,"sec":21482.4,"gen":938,"fit":0.8109,"fDef":0.9249,"fPB":0.9329,"fPush":0.8656,"fSelf":0.5078,"best":0.834,"min":0.4716}
##TT##{"t":"gen","evals":180480,"sec":21503.7,"gen":939,"fit":0.802,"fDef":0.9248,"fPB":0.9498,"fPush":0.8449,"fSelf":0.4627,"best":0.834,"min":0.4767}
##TT##{"t":"gen","evals":180672,"sec":21525.2,"gen":940,"fit":0.8067,"fDef":0.9103,"fPB":0.9498,"fPush":0.8836,"fSelf":0.4746,"best":0.834,"min":0.4134}
gen 940  top.fit=0.8067 (vsDef=0.910 vsPB=0.950 vsPush=0.884 vsSelf=0.475)  best=0.8340  [21525.241s]
##TT##{"t":"gen","evals":180864,"sec":21546.6,"gen":941,"fit":0.8045,"fDef":0.906,"fPB":0.9514,"fPush":0.8586,"fSelf":0.482,"best":0.834,"min":0.5089}
##TT##{"t":"gen","evals":181056,"sec":21567.9,"gen":942,"fit":0.8105,"fDef":0.9296,"fPB":0.9345,"fPush":0.8771,"fSelf":0.4934,"best":0.834,"min":0.4517}
##TT##{"t":"gen","evals":181248,"sec":21589.5,"gen":943,"fit":0.8169,"fDef":0.9183,"fPB":0.9548,"fPush":0.8805,"fSelf":0.5008,"best":0.834,"min":0.3988}
##TT##{"t":"gen","evals":181440,"sec":21610.8,"gen":944,"fit":0.8029,"fDef":0.894,"fPB":0.9367,"fPush":0.8675,"fSelf":0.5021,"best":0.834,"min":0.5108}
##TT##{"t":"gen","evals":181632,"sec":21631.9,"gen":945,"fit":0.8068,"fDef":0.9314,"fPB":0.9395,"fPush":0.8685,"fSelf":0.4754,"best":0.834,"min":0.4843}
##TT##{"t":"gen","evals":181824,"sec":21652.8,"gen":946,"fit":0.8042,"fDef":0.9011,"fPB":0.9462,"fPush":0.8452,"fSelf":0.4996,"best":0.834,"min":0.4437}
##TT##{"t":"gen","evals":182016,"sec":21674.5,"gen":947,"fit":0.8078,"fDef":0.9445,"fPB":0.9119,"fPush":0.883,"fSelf":0.4944,"best":0.834,"min":0.3651}
##TT##{"t":"gen","evals":182208,"sec":21695.2,"gen":948,"fit":0.8107,"fDef":0.92,"fPB":0.9463,"fPush":0.87,"fSelf":0.4922,"best":0.834,"min":0.4364}
##TT##{"t":"gen","evals":182400,"sec":21716.5,"gen":949,"fit":0.8083,"fDef":0.9248,"fPB":0.9369,"fPush":0.8844,"fSelf":0.4826,"best":0.834,"min":0.5126}
##TT##{"t":"gen","evals":182592,"sec":21737.7,"gen":950,"fit":0.8106,"fDef":0.9042,"fPB":0.9445,"fPush":0.8776,"fSelf":0.5058,"best":0.834,"min":0.3601}
gen 950  top.fit=0.8106 (vsDef=0.904 vsPB=0.945 vsPush=0.878 vsSelf=0.506)  best=0.8340  [21737.694s]
##TT##{"t":"gen","evals":182784,"sec":21759.2,"gen":951,"fit":0.8091,"fDef":0.9183,"fPB":0.9446,"fPush":0.8558,"fSelf":0.4977,"best":0.834,"min":0.3829}
##TT##{"t":"gen","evals":182976,"sec":21779.7,"gen":952,"fit":0.8037,"fDef":0.9075,"fPB":0.9618,"fPush":0.8656,"fSelf":0.4599,"best":0.834,"min":0.6807}
##TT##{"t":"gen","evals":183168,"sec":21800.9,"gen":953,"fit":0.8078,"fDef":0.9215,"fPB":0.9447,"fPush":0.8573,"fSelf":0.4882,"best":0.834,"min":0.6363}
##TT##{"t":"gen","evals":183360,"sec":21822.9,"gen":954,"fit":0.8082,"fDef":0.9249,"fPB":0.9412,"fPush":0.8599,"fSelf":0.4897,"best":0.834,"min":0.5136}
##TT##{"t":"gen","evals":183552,"sec":21844.2,"gen":955,"fit":0.8047,"fDef":0.911,"fPB":0.9345,"fPush":0.876,"fSelf":0.4901,"best":0.834,"min":0.5798}
##TT##{"t":"gen","evals":183744,"sec":21865.6,"gen":956,"fit":0.8209,"fDef":0.9215,"fPB":0.9412,"fPush":0.8777,"fSelf":0.5324,"best":0.834,"min":0.4354}
##TT##{"t":"gen","evals":183936,"sec":21886.9,"gen":957,"fit":0.8049,"fDef":0.8996,"fPB":0.9363,"fPush":0.8815,"fSelf":0.4973,"best":0.834,"min":0.5642}
##TT##{"t":"gen","evals":184128,"sec":21908.5,"gen":958,"fit":0.8112,"fDef":0.9248,"fPB":0.9382,"fPush":0.8576,"fSelf":0.5064,"best":0.834,"min":0.422}
##TT##{"t":"gen","evals":184320,"sec":21929.4,"gen":959,"fit":0.8116,"fDef":0.8967,"fPB":0.9395,"fPush":0.8934,"fSelf":0.515,"best":0.834,"min":0.4308}
##TT##{"t":"gen","evals":184512,"sec":21950.9,"gen":960,"fit":0.8045,"fDef":0.9026,"fPB":0.9395,"fPush":0.8587,"fSelf":0.5007,"best":0.834,"min":0.6017}
gen 960  top.fit=0.8045 (vsDef=0.903 vsPB=0.940 vsPush=0.859 vsSelf=0.501)  best=0.8340  [21950.926s]
##TT##{"t":"gen","evals":184704,"sec":21973.1,"gen":961,"fit":0.8114,"fDef":0.9303,"fPB":0.9445,"fPush":0.8772,"fSelf":0.4831,"best":0.834,"min":0.4555}
##TT##{"t":"gen","evals":184896,"sec":21994.3,"gen":962,"fit":0.8075,"fDef":0.9088,"fPB":0.933,"fPush":0.8862,"fSelf":0.4997,"best":0.834,"min":0.3781}
##TT##{"t":"gen","evals":185088,"sec":22015.5,"gen":963,"fit":0.8023,"fDef":0.92,"fPB":0.9379,"fPush":0.8547,"fSelf":0.4792,"best":0.834,"min":0.4297}
##TT##{"t":"gen","evals":185280,"sec":22036.6,"gen":964,"fit":0.8144,"fDef":0.9183,"fPB":0.9462,"fPush":0.8659,"fSelf":0.5105,"best":0.834,"min":0.327}
##TT##{"t":"gen","evals":185472,"sec":22058,"gen":965,"fit":0.8054,"fDef":0.8998,"fPB":0.9448,"fPush":0.8548,"fSelf":0.5022,"best":0.834,"min":0.4468}
##TT##{"t":"gen","evals":185664,"sec":22079.9,"gen":966,"fit":0.8106,"fDef":0.9121,"fPB":0.9395,"fPush":0.8846,"fSelf":0.5005,"best":0.834,"min":0.5358}
##TT##{"t":"gen","evals":185856,"sec":22101.8,"gen":967,"fit":0.8096,"fDef":0.8982,"fPB":0.9515,"fPush":0.8859,"fSelf":0.4942,"best":0.834,"min":0.513}
##TT##{"t":"gen","evals":186048,"sec":22123,"gen":968,"fit":0.8106,"fDef":0.8998,"fPB":0.9584,"fPush":0.8531,"fSelf":0.5052,"best":0.834,"min":0.517}
##TT##{"t":"gen","evals":186240,"sec":22143.9,"gen":969,"fit":0.8043,"fDef":0.9168,"fPB":0.9432,"fPush":0.873,"fSelf":0.473,"best":0.834,"min":0.5558}
##TT##{"t":"gen","evals":186432,"sec":22165.1,"gen":970,"fit":0.805,"fDef":0.9026,"fPB":0.9515,"fPush":0.8614,"fSelf":0.4856,"best":0.834,"min":0.426}
gen 970  top.fit=0.8050 (vsDef=0.903 vsPB=0.952 vsPush=0.861 vsSelf=0.486)  best=0.8340  [22165.095s]
##TT##{"t":"gen","evals":186624,"sec":22186.6,"gen":971,"fit":0.8195,"fDef":0.9217,"fPB":0.9396,"fPush":0.882,"fSelf":0.5266,"best":0.834,"min":0.5252}
##TT##{"t":"gen","evals":186816,"sec":22208,"gen":972,"fit":0.8028,"fDef":0.9042,"fPB":0.9429,"fPush":0.8517,"fSelf":0.492,"best":0.834,"min":0.5817}
##TT##{"t":"gen","evals":187008,"sec":22229.3,"gen":973,"fit":0.807,"fDef":0.9136,"fPB":0.9395,"fPush":0.8572,"fSelf":0.5001,"best":0.834,"min":0.5505}
##TT##{"t":"gen","evals":187200,"sec":22250.2,"gen":974,"fit":0.8085,"fDef":0.9263,"fPB":0.9312,"fPush":0.8758,"fSelf":0.4941,"best":0.834,"min":0.5106}
##TT##{"t":"gen","evals":187392,"sec":22271.7,"gen":975,"fit":0.8145,"fDef":0.9282,"fPB":0.9414,"fPush":0.86,"fSelf":0.5105,"best":0.834,"min":0.4301}
##TT##{"t":"gen","evals":187584,"sec":22293,"gen":976,"fit":0.8096,"fDef":0.9231,"fPB":0.9329,"fPush":0.8889,"fSelf":0.4922,"best":0.834,"min":0.5991}
##TT##{"t":"gen","evals":187776,"sec":22314.2,"gen":977,"fit":0.8121,"fDef":0.9183,"fPB":0.9463,"fPush":0.8714,"fSelf":0.4986,"best":0.834,"min":0.4064}
##TT##{"t":"gen","evals":187968,"sec":22335,"gen":978,"fit":0.8078,"fDef":0.9216,"fPB":0.9497,"fPush":0.8745,"fSelf":0.4726,"best":0.834,"min":0.5019}
##TT##{"t":"gen","evals":188160,"sec":22356.8,"gen":979,"fit":0.8146,"fDef":0.9263,"fPB":0.9486,"fPush":0.8845,"fSelf":0.49,"best":0.834,"min":0.4526}
##TT##{"t":"gen","evals":188352,"sec":22378.1,"gen":980,"fit":0.8083,"fDef":0.9183,"fPB":0.9412,"fPush":0.8786,"fSelf":0.4865,"best":0.834,"min":0.6223}
gen 980  top.fit=0.8083 (vsDef=0.918 vsPB=0.941 vsPush=0.879 vsSelf=0.487)  best=0.8340  [22378.12s]
##TT##{"t":"gen","evals":188544,"sec":22400.1,"gen":981,"fit":0.8077,"fDef":0.9279,"fPB":0.9369,"fPush":0.8558,"fSelf":0.4927,"best":0.834,"min":0.5169}
##TT##{"t":"gen","evals":188736,"sec":22421,"gen":982,"fit":0.8135,"fDef":0.9231,"fPB":0.9481,"fPush":0.8904,"fSelf":0.4865,"best":0.834,"min":0.4538}
##TT##{"t":"gen","evals":188928,"sec":22442.6,"gen":983,"fit":0.8152,"fDef":0.9264,"fPB":0.9618,"fPush":0.8966,"fSelf":0.4685,"best":0.834,"min":0.3832}
##TT##{"t":"gen","evals":189120,"sec":22463.3,"gen":984,"fit":0.8184,"fDef":0.9183,"fPB":0.9498,"fPush":0.8801,"fSelf":0.5135,"best":0.834,"min":0.4375}
##TT##{"t":"gen","evals":189312,"sec":22483.9,"gen":985,"fit":0.806,"fDef":0.9043,"fPB":0.9531,"fPush":0.8572,"fSelf":0.4879,"best":0.834,"min":0.5239}
##TT##{"t":"gen","evals":189504,"sec":22505.5,"gen":986,"fit":0.8079,"fDef":0.9215,"fPB":0.9332,"fPush":0.883,"fSelf":0.49,"best":0.834,"min":0.3953}
##TT##{"t":"gen","evals":189696,"sec":22526.3,"gen":987,"fit":0.8161,"fDef":0.9167,"fPB":0.9653,"fPush":0.8551,"fSelf":0.4995,"best":0.834,"min":0.4423}
##TT##{"t":"gen","evals":189888,"sec":22547.3,"gen":988,"fit":0.8149,"fDef":0.9233,"fPB":0.9412,"fPush":0.8743,"fSelf":0.5096,"best":0.834,"min":0.4671}
##TT##{"t":"gen","evals":190080,"sec":22568.7,"gen":989,"fit":0.8155,"fDef":0.9362,"fPB":0.9463,"fPush":0.8685,"fSelf":0.4951,"best":0.834,"min":0.3994}
##TT##{"t":"gen","evals":190272,"sec":22590.7,"gen":990,"fit":0.8119,"fDef":0.9184,"fPB":0.9296,"fPush":0.8656,"fSelf":0.5228,"best":0.834,"min":0.5073}
gen 990  top.fit=0.8119 (vsDef=0.918 vsPB=0.930 vsPush=0.866 vsSelf=0.523)  best=0.8340  [22590.734s]
##TT##{"t":"gen","evals":190464,"sec":22612.7,"gen":991,"fit":0.8084,"fDef":0.9136,"fPB":0.9296,"fPush":0.8889,"fSelf":0.5012,"best":0.834,"min":0.4594}
##TT##{"t":"gen","evals":190656,"sec":22634.1,"gen":992,"fit":0.8117,"fDef":0.9057,"fPB":0.9464,"fPush":0.8519,"fSelf":0.52,"best":0.834,"min":0.5844}
##TT##{"t":"gen","evals":190848,"sec":22655.3,"gen":993,"fit":0.8186,"fDef":0.9073,"fPB":0.9549,"fPush":0.8564,"fSelf":0.5313,"best":0.834,"min":0.5492}
##TT##{"t":"gen","evals":191040,"sec":22675.8,"gen":994,"fit":0.8047,"fDef":0.9264,"fPB":0.9329,"fPush":0.8728,"fSelf":0.4788,"best":0.834,"min":0.5544}
##TT##{"t":"gen","evals":191232,"sec":22696.8,"gen":995,"fit":0.8108,"fDef":0.8949,"fPB":0.9429,"fPush":0.8727,"fSelf":0.5205,"best":0.834,"min":0.5028}
##TT##{"t":"gen","evals":191424,"sec":22718.2,"gen":996,"fit":0.8152,"fDef":0.9072,"fPB":0.9365,"fPush":0.8921,"fSelf":0.5233,"best":0.834,"min":0.4874}
##TT##{"t":"gen","evals":191616,"sec":22739.6,"gen":997,"fit":0.8155,"fDef":0.9168,"fPB":0.955,"fPush":0.8684,"fSelf":0.5033,"best":0.834,"min":0.4164}
##TT##{"t":"gen","evals":191808,"sec":22761.2,"gen":998,"fit":0.8147,"fDef":0.9263,"fPB":0.9248,"fPush":0.8713,"fSelf":0.5287,"best":0.834,"min":0.4815}
##TT##{"t":"gen","evals":192000,"sec":22782.3,"gen":999,"fit":0.8024,"fDef":0.8966,"fPB":0.9413,"fPush":0.8585,"fSelf":0.4962,"best":0.834,"min":0.6272}
gen 999  top.fit=0.8024 (vsDef=0.897 vsPB=0.941 vsPush=0.859 vsSelf=0.496)  best=0.8340  [22782.35s]

=== 独立最终验证（4 种子 × 40 局均值）===
新策略 vs 默认        ：91.7%   （旧=78.6%）
新策略 vs 加强玩家模型：92.7%   （旧=97.1%）
新策略 vs 旧地狱策略  ：87.4%（>50% = 明显更强）
旧地狱策略 vs 默认    ：78.6%
已写 tools/train-hell-candidate.json（候选向量，可用 --from 续训/复评）
##TT##{"t":"phase","phase":"verify","msg":"独立最终验证完成"}
##TT##{"t":"verify","vsDefault":0.9168,"vsDefaultOld":0.7857,"vsPlayer":0.9272,"vsPlayerOld":0.9709,"vsOldHell":0.8738,"fitness":0.834,"bestGen":794,"evals":192000,"sec":22789.2}
已写 tools/train-hell-curve.json

⚠ 新策略未能稳定击败旧地狱策略，不覆盖 learned-policy.js（保留 旧）。
##TT##{"t":"done","mode":"selfplay-continue","fitness":0.834,"adopted":false,"noWrite":false,"sec":22789.2}
