地狱 AI 续训 · gens=1000 games=24 pop=24 seed=20260913 workers=24
续训起点(当前地狱策略)：2.99,0.00,3.20,0.69,10.00,0.68,0.38,0.82,0.95,0.27,0.10,0.68,0.32,0.10,1.00,1.00,1.00,1.00,1.00,1.00,1.00,1.00,1.00,1.00,0.24,0.70,1.00,1.44,1.00,1.00,0.07,0.04,0.04,0.00,0.00,0.74,1.00,1.22,0.50,0.62,0.00,7.00
##TT##{"t":"phase","phase":"train","msg":"地狱 AI 续训开始 gens=1000 pop=24 games=24 workers=24"}
##TT##{"t":"gen","evals":192,"sec":23.2,"gen":0,"fit":0.7635,"fDef":0.7882,"fPB":0.976,"fPush":0.7016,"fSelf":0.4941,"best":0.7635,"min":0.2564}
gen   0  top.fit=0.7635 (vsDef=0.788 vsPB=0.976 vsPush=0.702 vsSelf=0.494)  best=0.7635(续训)   [23.212s]
##TT##{"t":"gen","evals":384,"sec":46.9,"gen":1,"fit":0.7666,"fDef":0.7788,"fPB":0.9814,"fPush":0.6972,"fSelf":0.5107,"best":0.7666,"min":0.4504}
##TT##{"t":"gen","evals":576,"sec":70.5,"gen":2,"fit":0.774,"fDef":0.7908,"fPB":0.9707,"fPush":0.6564,"fSelf":0.5633,"best":0.774,"min":0.4536}
##TT##{"t":"gen","evals":768,"sec":93.5,"gen":3,"fit":0.7683,"fDef":0.8063,"fPB":0.9514,"fPush":0.6723,"fSelf":0.5425,"best":0.774,"min":0.4673}
##TT##{"t":"gen","evals":960,"sec":116.6,"gen":4,"fit":0.7907,"fDef":0.8237,"fPB":0.9814,"fPush":0.6942,"fSelf":0.5601,"best":0.7907,"min":0.5087}
##TT##{"t":"gen","evals":1152,"sec":138.4,"gen":5,"fit":0.7746,"fDef":0.8112,"fPB":0.9925,"fPush":0.7055,"fSelf":0.4905,"best":0.7907,"min":0.4312}
##TT##{"t":"gen","evals":1344,"sec":160.8,"gen":6,"fit":0.7833,"fDef":0.8395,"fPB":0.9815,"fPush":0.6704,"fSelf":0.5285,"best":0.7907,"min":0.533}
##TT##{"t":"gen","evals":1536,"sec":182.8,"gen":7,"fit":0.7814,"fDef":0.824,"fPB":0.9888,"fPush":0.6846,"fSelf":0.5198,"best":0.7907,"min":0.4538}
##TT##{"t":"gen","evals":1728,"sec":205.8,"gen":8,"fit":0.7968,"fDef":0.8368,"fPB":0.9906,"fPush":0.7226,"fSelf":0.5434,"best":0.7968,"min":0.4782}
##TT##{"t":"gen","evals":1920,"sec":229,"gen":9,"fit":0.7838,"fDef":0.8012,"fPB":0.9833,"fPush":0.753,"fSelf":0.5222,"best":0.7968,"min":0.4722}
##TT##{"t":"gen","evals":2112,"sec":252.4,"gen":10,"fit":0.7808,"fDef":0.8345,"fPB":0.9814,"fPush":0.7067,"fSelf":0.5046,"best":0.7968,"min":0.5381}
gen  10  top.fit=0.7808 (vsDef=0.834 vsPB=0.981 vsPush=0.707 vsSelf=0.505)  best=0.7968  [252.352s]
##TT##{"t":"gen","evals":2304,"sec":276.2,"gen":11,"fit":0.7846,"fDef":0.825,"fPB":0.9851,"fPush":0.7248,"fSelf":0.5143,"best":0.7968,"min":0.4501}
##TT##{"t":"gen","evals":2496,"sec":300.4,"gen":12,"fit":0.7858,"fDef":0.8349,"fPB":0.9671,"fPush":0.7215,"fSelf":0.5342,"best":0.7968,"min":0.5577}
##TT##{"t":"gen","evals":2688,"sec":324.4,"gen":13,"fit":0.7866,"fDef":0.8237,"fPB":0.9725,"fPush":0.7334,"fSelf":0.5351,"best":0.7968,"min":0.5179}
##TT##{"t":"gen","evals":2880,"sec":348,"gen":14,"fit":0.787,"fDef":0.8137,"fPB":0.901,"fPush":0.7073,"fSelf":0.6541,"best":0.7968,"min":0.5338}
##TT##{"t":"gen","evals":3072,"sec":371.2,"gen":15,"fit":0.7811,"fDef":0.807,"fPB":0.895,"fPush":0.7004,"fSelf":0.6497,"best":0.7968,"min":0.4942}
##TT##{"t":"gen","evals":3264,"sec":394.7,"gen":16,"fit":0.801,"fDef":0.8518,"fPB":0.9778,"fPush":0.7591,"fSelf":0.5416,"best":0.801,"min":0.5652}
##TT##{"t":"gen","evals":3456,"sec":418.2,"gen":17,"fit":0.794,"fDef":0.8462,"fPB":0.9742,"fPush":0.7634,"fSelf":0.5225,"best":0.801,"min":0.4819}
##TT##{"t":"gen","evals":3648,"sec":442.2,"gen":18,"fit":0.7853,"fDef":0.8422,"fPB":0.9906,"fPush":0.7376,"fSelf":0.4856,"best":0.801,"min":0.4687}
##TT##{"t":"gen","evals":3840,"sec":465.4,"gen":19,"fit":0.7902,"fDef":0.8214,"fPB":0.9041,"fPush":0.7814,"fSelf":0.6149,"best":0.801,"min":0.5165}
##TT##{"t":"gen","evals":4032,"sec":488.9,"gen":20,"fit":0.7888,"fDef":0.8489,"fPB":0.9851,"fPush":0.6926,"fSelf":0.5238,"best":0.801,"min":0.5501}
gen  20  top.fit=0.7888 (vsDef=0.849 vsPB=0.985 vsPush=0.693 vsSelf=0.524)  best=0.8010  [488.891s]
##TT##{"t":"gen","evals":4224,"sec":512.4,"gen":21,"fit":0.7837,"fDef":0.86,"fPB":0.9548,"fPush":0.7186,"fSelf":0.5185,"best":0.801,"min":0.4754}
##TT##{"t":"gen","evals":4416,"sec":535.4,"gen":22,"fit":0.7863,"fDef":0.8615,"fPB":0.8893,"fPush":0.7723,"fSelf":0.584,"best":0.801,"min":0.5105}
##TT##{"t":"gen","evals":4608,"sec":558.4,"gen":23,"fit":0.7955,"fDef":0.8332,"fPB":0.9532,"fPush":0.7619,"fSelf":0.5696,"best":0.801,"min":0.4821}
##TT##{"t":"gen","evals":4800,"sec":580.3,"gen":24,"fit":0.7973,"fDef":0.8424,"fPB":0.9688,"fPush":0.7182,"fSelf":0.5706,"best":0.801,"min":0.5388}
##TT##{"t":"gen","evals":4992,"sec":602,"gen":25,"fit":0.8309,"fDef":0.849,"fPB":0.9653,"fPush":0.7622,"fSelf":0.674,"best":0.8309,"min":0.411}
##TT##{"t":"gen","evals":5184,"sec":623.9,"gen":26,"fit":0.8163,"fDef":0.883,"fPB":0.9531,"fPush":0.7952,"fSelf":0.5821,"best":0.8309,"min":0.5035}
##TT##{"t":"gen","evals":5376,"sec":645.9,"gen":27,"fit":0.8037,"fDef":0.8889,"fPB":0.9247,"fPush":0.7916,"fSelf":0.5667,"best":0.8309,"min":0.4084}
##TT##{"t":"gen","evals":5568,"sec":668,"gen":28,"fit":0.8038,"fDef":0.8525,"fPB":0.9447,"fPush":0.7952,"fSelf":0.5755,"best":0.8309,"min":0.5772}
##TT##{"t":"gen","evals":5760,"sec":690.6,"gen":29,"fit":0.8327,"fDef":0.8995,"fPB":0.9548,"fPush":0.8217,"fSelf":0.6123,"best":0.8327,"min":0.5489}
##TT##{"t":"gen","evals":5952,"sec":712.6,"gen":30,"fit":0.7938,"fDef":0.8728,"fPB":0.9429,"fPush":0.8372,"fSelf":0.4964,"best":0.8327,"min":0.4397}
gen  30  top.fit=0.7938 (vsDef=0.873 vsPB=0.943 vsPush=0.837 vsSelf=0.496)  best=0.8327  [712.582s]
##TT##{"t":"gen","evals":6144,"sec":734.2,"gen":31,"fit":0.7929,"fDef":0.8824,"fPB":0.9462,"fPush":0.8317,"fSelf":0.482,"best":0.8327,"min":0.4191}
##TT##{"t":"gen","evals":6336,"sec":755.4,"gen":32,"fit":0.8098,"fDef":0.8728,"fPB":0.9566,"fPush":0.8413,"fSelf":0.5378,"best":0.8327,"min":0.5216}
##TT##{"t":"gen","evals":6528,"sec":776.6,"gen":33,"fit":0.8057,"fDef":0.8969,"fPB":0.9395,"fPush":0.7957,"fSelf":0.5447,"best":0.8327,"min":0.4209}
##TT##{"t":"gen","evals":6720,"sec":798.4,"gen":34,"fit":0.8149,"fDef":0.8923,"fPB":0.9531,"fPush":0.8199,"fSelf":0.5542,"best":0.8327,"min":0.5176}
##TT##{"t":"gen","evals":6912,"sec":819.2,"gen":35,"fit":0.8076,"fDef":0.9011,"fPB":0.9516,"fPush":0.819,"fSelf":0.5197,"best":0.8327,"min":0.5527}
##TT##{"t":"gen","evals":7104,"sec":840.1,"gen":36,"fit":0.808,"fDef":0.8965,"fPB":0.9531,"fPush":0.8054,"fSelf":0.5311,"best":0.8327,"min":0.4784}
##TT##{"t":"gen","evals":7296,"sec":861.4,"gen":37,"fit":0.8061,"fDef":0.9026,"fPB":0.9412,"fPush":0.7759,"fSelf":0.5494,"best":0.8327,"min":0.4462}
##TT##{"t":"gen","evals":7488,"sec":882.3,"gen":38,"fit":0.8115,"fDef":0.9002,"fPB":0.948,"fPush":0.8317,"fSelf":0.5334,"best":0.8327,"min":0.5277}
##TT##{"t":"gen","evals":7680,"sec":903.8,"gen":39,"fit":0.8108,"fDef":0.9088,"fPB":0.943,"fPush":0.804,"fSelf":0.5437,"best":0.8327,"min":0.4465}
##TT##{"t":"gen","evals":7872,"sec":925.2,"gen":40,"fit":0.8158,"fDef":0.8919,"fPB":0.9672,"fPush":0.8025,"fSelf":0.5488,"best":0.8327,"min":0.4139}
gen  40  top.fit=0.8158 (vsDef=0.892 vsPB=0.967 vsPush=0.802 vsSelf=0.549)  best=0.8327  [925.237s]
##TT##{"t":"gen","evals":8064,"sec":946.3,"gen":41,"fit":0.8178,"fDef":0.928,"fPB":0.9742,"fPush":0.8395,"fSelf":0.4916,"best":0.8327,"min":0.4436}
##TT##{"t":"gen","evals":8256,"sec":967.9,"gen":42,"fit":0.8244,"fDef":0.9026,"fPB":0.9463,"fPush":0.8604,"fSelf":0.5675,"best":0.8327,"min":0.4497}
##TT##{"t":"gen","evals":8448,"sec":989.7,"gen":43,"fit":0.8166,"fDef":0.8997,"fPB":0.9446,"fPush":0.8516,"fSelf":0.5473,"best":0.8327,"min":0.5626}
##TT##{"t":"gen","evals":8640,"sec":1010.7,"gen":44,"fit":0.8115,"fDef":0.8981,"fPB":0.9706,"fPush":0.8265,"fSelf":0.5087,"best":0.8327,"min":0.467}
##TT##{"t":"gen","evals":8832,"sec":1032.5,"gen":45,"fit":0.8218,"fDef":0.9041,"fPB":0.9583,"fPush":0.824,"fSelf":0.5597,"best":0.8327,"min":0.5755}
##TT##{"t":"gen","evals":9024,"sec":1054.3,"gen":46,"fit":0.8151,"fDef":0.9072,"fPB":0.9498,"fPush":0.8111,"fSelf":0.549,"best":0.8327,"min":0.5465}
##TT##{"t":"gen","evals":9216,"sec":1076.1,"gen":47,"fit":0.8277,"fDef":0.9103,"fPB":0.9635,"fPush":0.828,"fSelf":0.5674,"best":0.8327,"min":0.5192}
##TT##{"t":"gen","evals":9408,"sec":1098,"gen":48,"fit":0.8231,"fDef":0.9139,"fPB":0.9688,"fPush":0.8361,"fSelf":0.5347,"best":0.8327,"min":0.4506}
##TT##{"t":"gen","evals":9600,"sec":1119.9,"gen":49,"fit":0.8287,"fDef":0.9109,"fPB":0.9514,"fPush":0.8226,"fSelf":0.5894,"best":0.8327,"min":0.5343}
##TT##{"t":"gen","evals":9792,"sec":1141.4,"gen":50,"fit":0.8236,"fDef":0.9045,"fPB":0.9549,"fPush":0.8435,"fSelf":0.5603,"best":0.8327,"min":0.5565}
gen  50  top.fit=0.8236 (vsDef=0.904 vsPB=0.955 vsPush=0.844 vsSelf=0.560)  best=0.8327  [1141.365s]
##TT##{"t":"gen","evals":9984,"sec":1163.8,"gen":51,"fit":0.8161,"fDef":0.8919,"fPB":0.9445,"fPush":0.8168,"fSelf":0.5719,"best":0.8327,"min":0.4616}
##TT##{"t":"gen","evals":10176,"sec":1185.7,"gen":52,"fit":0.825,"fDef":0.9154,"fPB":0.9534,"fPush":0.8341,"fSelf":0.5618,"best":0.8327,"min":0.4408}
##TT##{"t":"gen","evals":10368,"sec":1207.4,"gen":53,"fit":0.823,"fDef":0.8981,"fPB":0.9706,"fPush":0.8408,"fSelf":0.5452,"best":0.8327,"min":0.5945}
##TT##{"t":"gen","evals":10560,"sec":1230.9,"gen":54,"fit":0.8234,"fDef":0.9026,"fPB":0.9365,"fPush":0.826,"fSelf":0.5951,"best":0.8327,"min":0.585}
##TT##{"t":"gen","evals":10752,"sec":1252.3,"gen":55,"fit":0.8176,"fDef":0.901,"fPB":0.9281,"fPush":0.8344,"fSelf":0.5805,"best":0.8327,"min":0.4982}
##TT##{"t":"gen","evals":10944,"sec":1274,"gen":56,"fit":0.8288,"fDef":0.9249,"fPB":0.9465,"fPush":0.8503,"fSelf":0.567,"best":0.8327,"min":0.4236}
##TT##{"t":"gen","evals":11136,"sec":1295.7,"gen":57,"fit":0.8367,"fDef":0.9026,"fPB":0.9345,"fPush":0.8673,"fSelf":0.6265,"best":0.8367,"min":0.5089}
##TT##{"t":"gen","evals":11328,"sec":1318.2,"gen":58,"fit":0.8072,"fDef":0.9183,"fPB":0.9395,"fPush":0.8518,"fSelf":0.4992,"best":0.8367,"min":0.59}
##TT##{"t":"gen","evals":11520,"sec":1340.3,"gen":59,"fit":0.8082,"fDef":0.898,"fPB":0.9413,"fPush":0.8601,"fSelf":0.5164,"best":0.8367,"min":0.474}
##TT##{"t":"gen","evals":11712,"sec":1362.5,"gen":60,"fit":0.8046,"fDef":0.9015,"fPB":0.9414,"fPush":0.8657,"fSelf":0.496,"best":0.8367,"min":0.5571}
gen  60  top.fit=0.8046 (vsDef=0.902 vsPB=0.941 vsPush=0.866 vsSelf=0.496)  best=0.8367  [1362.478s]
##TT##{"t":"gen","evals":11904,"sec":1385,"gen":61,"fit":0.8086,"fDef":0.9013,"fPB":0.9395,"fPush":0.8502,"fSelf":0.5224,"best":0.8367,"min":0.5667}
##TT##{"t":"gen","evals":12096,"sec":1407.6,"gen":62,"fit":0.8054,"fDef":0.9152,"fPB":0.9396,"fPush":0.8545,"fSelf":0.4938,"best":0.8367,"min":0.4892}
##TT##{"t":"gen","evals":12288,"sec":1431.2,"gen":63,"fit":0.8019,"fDef":0.8934,"fPB":0.9263,"fPush":0.8718,"fSelf":0.5102,"best":0.8367,"min":0.4657}
##TT##{"t":"gen","evals":12480,"sec":1454.2,"gen":64,"fit":0.8132,"fDef":0.9231,"fPB":0.9601,"fPush":0.86,"fSelf":0.486,"best":0.8367,"min":0.4201}
##TT##{"t":"gen","evals":12672,"sec":1476.6,"gen":65,"fit":0.8051,"fDef":0.8729,"fPB":0.9548,"fPush":0.8628,"fSelf":0.5105,"best":0.8367,"min":0.4726}
##TT##{"t":"gen","evals":12864,"sec":1498.7,"gen":66,"fit":0.8082,"fDef":0.9151,"fPB":0.9329,"fPush":0.8459,"fSelf":0.5177,"best":0.8367,"min":0.5532}
##TT##{"t":"gen","evals":13056,"sec":1522,"gen":67,"fit":0.8076,"fDef":0.8874,"fPB":0.9379,"fPush":0.8503,"fSelf":0.5343,"best":0.8367,"min":0.4843}
##TT##{"t":"gen","evals":13248,"sec":1544.8,"gen":68,"fit":0.7994,"fDef":0.8818,"fPB":0.9467,"fPush":0.8546,"fSelf":0.4946,"best":0.8367,"min":0.4234}
##TT##{"t":"gen","evals":13440,"sec":1568.3,"gen":69,"fit":0.8156,"fDef":0.9019,"fPB":0.9463,"fPush":0.88,"fSelf":0.5236,"best":0.8367,"min":0.4295}
##TT##{"t":"gen","evals":13632,"sec":1591.5,"gen":70,"fit":0.7996,"fDef":0.9057,"fPB":0.9233,"fPush":0.8199,"fSelf":0.5207,"best":0.8367,"min":0.542}
gen  70  top.fit=0.7996 (vsDef=0.906 vsPB=0.923 vsPush=0.820 vsSelf=0.521)  best=0.8367  [1591.516s]
##TT##{"t":"gen","evals":13824,"sec":1615.1,"gen":71,"fit":0.801,"fDef":0.9096,"fPB":0.9329,"fPush":0.8477,"fSelf":0.4949,"best":0.8367,"min":0.4504}
##TT##{"t":"gen","evals":14016,"sec":1638.2,"gen":72,"fit":0.8106,"fDef":0.8859,"fPB":0.9514,"fPush":0.845,"fSelf":0.5324,"best":0.8367,"min":0.3139}
##TT##{"t":"gen","evals":14208,"sec":1661.1,"gen":73,"fit":0.8084,"fDef":0.9045,"fPB":0.9498,"fPush":0.8819,"fSelf":0.4877,"best":0.8367,"min":0.4886}
##TT##{"t":"gen","evals":14400,"sec":1684.4,"gen":74,"fit":0.806,"fDef":0.9183,"fPB":0.9514,"fPush":0.8476,"fSelf":0.4814,"best":0.8367,"min":0.421}
##TT##{"t":"gen","evals":14592,"sec":1707.2,"gen":75,"fit":0.8086,"fDef":0.9168,"fPB":0.9446,"fPush":0.8517,"fSelf":0.4995,"best":0.8367,"min":0.388}
##TT##{"t":"gen","evals":14784,"sec":1729.8,"gen":76,"fit":0.8068,"fDef":0.9026,"fPB":0.9395,"fPush":0.849,"fSelf":0.5147,"best":0.8367,"min":0.5359}
##TT##{"t":"gen","evals":14976,"sec":1752.3,"gen":77,"fit":0.8036,"fDef":0.8985,"fPB":0.9448,"fPush":0.8614,"fSelf":0.4931,"best":0.8367,"min":0.562}
##TT##{"t":"gen","evals":15168,"sec":1774.4,"gen":78,"fit":0.8015,"fDef":0.8919,"fPB":0.9397,"fPush":0.8599,"fSelf":0.4989,"best":0.8367,"min":0.5466}
##TT##{"t":"gen","evals":15360,"sec":1797.3,"gen":79,"fit":0.8037,"fDef":0.9121,"fPB":0.9312,"fPush":0.8544,"fSelf":0.5011,"best":0.8367,"min":0.4757}
##TT##{"t":"gen","evals":15552,"sec":1819.9,"gen":80,"fit":0.8115,"fDef":0.9057,"fPB":0.9412,"fPush":0.8318,"fSelf":0.5367,"best":0.8367,"min":0.5226}
gen  80  top.fit=0.8115 (vsDef=0.906 vsPB=0.941 vsPush=0.832 vsSelf=0.537)  best=0.8367  [1819.905s]
##TT##{"t":"gen","evals":15744,"sec":1842.1,"gen":81,"fit":0.8047,"fDef":0.9041,"fPB":0.928,"fPush":0.8476,"fSelf":0.521,"best":0.8367,"min":0.4812}
##TT##{"t":"gen","evals":15936,"sec":1864.6,"gen":82,"fit":0.8018,"fDef":0.9013,"fPB":0.9412,"fPush":0.8478,"fSelf":0.4953,"best":0.8367,"min":0.5317}
##TT##{"t":"gen","evals":16128,"sec":1887.1,"gen":83,"fit":0.8056,"fDef":0.8921,"fPB":0.9446,"fPush":0.8564,"fSelf":0.51,"best":0.8367,"min":0.4998}
##TT##{"t":"gen","evals":16320,"sec":1909.5,"gen":84,"fit":0.8099,"fDef":0.9413,"fPB":0.9463,"fPush":0.8844,"fSelf":0.46,"best":0.8367,"min":0.4671}
##TT##{"t":"gen","evals":16512,"sec":1931.6,"gen":85,"fit":0.812,"fDef":0.9151,"fPB":0.9362,"fPush":0.8671,"fSelf":0.517,"best":0.8367,"min":0.5415}
##TT##{"t":"gen","evals":16704,"sec":1953.4,"gen":86,"fit":0.8061,"fDef":0.9088,"fPB":0.9395,"fPush":0.8427,"fSelf":0.5092,"best":0.8367,"min":0.4598}
##TT##{"t":"gen","evals":16896,"sec":1975.6,"gen":87,"fit":0.8159,"fDef":0.9136,"fPB":0.9481,"fPush":0.8742,"fSelf":0.514,"best":0.8367,"min":0.5136}
##TT##{"t":"gen","evals":17088,"sec":1997.8,"gen":88,"fit":0.8065,"fDef":0.9092,"fPB":0.9301,"fPush":0.8614,"fSelf":0.5126,"best":0.8367,"min":0.4868}
##TT##{"t":"gen","evals":17280,"sec":2020.1,"gen":89,"fit":0.8014,"fDef":0.9186,"fPB":0.9463,"fPush":0.8657,"fSelf":0.46,"best":0.8367,"min":0.4605}
##TT##{"t":"gen","evals":17472,"sec":2042.1,"gen":90,"fit":0.8061,"fDef":0.9247,"fPB":0.9362,"fPush":0.8252,"fSelf":0.5071,"best":0.8367,"min":0.4743}
gen  90  top.fit=0.8061 (vsDef=0.925 vsPB=0.936 vsPush=0.825 vsSelf=0.507)  best=0.8367  [2042.092s]
##TT##{"t":"gen","evals":17664,"sec":2064.6,"gen":91,"fit":0.8015,"fDef":0.9313,"fPB":0.928,"fPush":0.886,"fSelf":0.4609,"best":0.8367,"min":0.4721}
##TT##{"t":"gen","evals":17856,"sec":2086.3,"gen":92,"fit":0.8013,"fDef":0.9121,"fPB":0.9448,"fPush":0.8571,"fSelf":0.4727,"best":0.8367,"min":0.5101}
##TT##{"t":"gen","evals":18048,"sec":2109,"gen":93,"fit":0.7948,"fDef":0.911,"fPB":0.92,"fPush":0.8573,"fSelf":0.4813,"best":0.8367,"min":0.5301}
##TT##{"t":"gen","evals":18240,"sec":2131.7,"gen":94,"fit":0.8003,"fDef":0.9017,"fPB":0.9312,"fPush":0.8536,"fSelf":0.4991,"best":0.8367,"min":0.5032}
##TT##{"t":"gen","evals":18432,"sec":2154.6,"gen":95,"fit":0.8065,"fDef":0.9089,"fPB":0.9429,"fPush":0.8627,"fSelf":0.4953,"best":0.8367,"min":0.5123}
##TT##{"t":"gen","evals":18624,"sec":2177.5,"gen":96,"fit":0.8046,"fDef":0.9105,"fPB":0.9498,"fPush":0.8544,"fSelf":0.482,"best":0.8367,"min":0.4952}
##TT##{"t":"gen","evals":18816,"sec":2200.4,"gen":97,"fit":0.8034,"fDef":0.9088,"fPB":0.9413,"fPush":0.8587,"fSelf":0.4879,"best":0.8367,"min":0.5461}
##TT##{"t":"gen","evals":19008,"sec":2222.4,"gen":98,"fit":0.8046,"fDef":0.9395,"fPB":0.9329,"fPush":0.867,"fSelf":0.4685,"best":0.8367,"min":0.5446}
##TT##{"t":"gen","evals":19200,"sec":2245.2,"gen":99,"fit":0.8025,"fDef":0.8875,"fPB":0.9445,"fPush":0.8489,"fSelf":0.5068,"best":0.8367,"min":0.5401}
##TT##{"t":"gen","evals":19392,"sec":2267.2,"gen":100,"fit":0.8012,"fDef":0.9104,"fPB":0.9215,"fPush":0.886,"fSelf":0.4891,"best":0.8367,"min":0.4904}
gen 100  top.fit=0.8012 (vsDef=0.910 vsPB=0.921 vsPush=0.886 vsSelf=0.489)  best=0.8367  [2267.179s]
##TT##{"t":"gen","evals":19584,"sec":2289.8,"gen":101,"fit":0.7972,"fDef":0.901,"fPB":0.9417,"fPush":0.869,"fSelf":0.4656,"best":0.8367,"min":0.3971}
##TT##{"t":"gen","evals":19776,"sec":2312.4,"gen":102,"fit":0.8054,"fDef":0.933,"fPB":0.9264,"fPush":0.8847,"fSelf":0.4769,"best":0.8367,"min":0.448}
##TT##{"t":"gen","evals":19968,"sec":2335.6,"gen":103,"fit":0.7934,"fDef":0.9072,"fPB":0.9183,"fPush":0.8394,"fSelf":0.4914,"best":0.8367,"min":0.4769}
##TT##{"t":"gen","evals":20160,"sec":2358.6,"gen":104,"fit":0.7955,"fDef":0.9171,"fPB":0.9121,"fPush":0.8601,"fSelf":0.4867,"best":0.8367,"min":0.3889}
##TT##{"t":"gen","evals":20352,"sec":2380.8,"gen":105,"fit":0.8014,"fDef":0.9059,"fPB":0.9281,"fPush":0.8422,"fSelf":0.5093,"best":0.8367,"min":0.3898}
##TT##{"t":"gen","evals":20544,"sec":2403.2,"gen":106,"fit":0.8032,"fDef":0.8905,"fPB":0.9345,"fPush":0.876,"fSelf":0.5048,"best":0.8367,"min":0.3245}
##TT##{"t":"gen","evals":20736,"sec":2425.9,"gen":107,"fit":0.8029,"fDef":0.9045,"fPB":0.9514,"fPush":0.8192,"fSelf":0.4983,"best":0.8367,"min":0.4879}
##TT##{"t":"gen","evals":20928,"sec":2448.3,"gen":108,"fit":0.8112,"fDef":0.9168,"fPB":0.9348,"fPush":0.8699,"fSelf":0.5127,"best":0.8367,"min":0.4779}
##TT##{"t":"gen","evals":21120,"sec":2471.1,"gen":109,"fit":0.8126,"fDef":0.9264,"fPB":0.9432,"fPush":0.8586,"fSelf":0.5034,"best":0.8367,"min":0.4807}
##TT##{"t":"gen","evals":21312,"sec":2493.5,"gen":110,"fit":0.8054,"fDef":0.87,"fPB":0.9583,"fPush":0.8368,"fSelf":0.524,"best":0.8367,"min":0.5108}
gen 110  top.fit=0.8054 (vsDef=0.870 vsPB=0.958 vsPush=0.837 vsSelf=0.524)  best=0.8367  [2493.501s]
##TT##{"t":"gen","evals":21504,"sec":2515.9,"gen":111,"fit":0.8026,"fDef":0.903,"fPB":0.9263,"fPush":0.8341,"fSelf":0.5233,"best":0.8367,"min":0.5341}
##TT##{"t":"gen","evals":21696,"sec":2537.4,"gen":112,"fit":0.8082,"fDef":0.8859,"fPB":0.943,"fPush":0.8345,"fSelf":0.5402,"best":0.8367,"min":0.6084}
##TT##{"t":"gen","evals":21888,"sec":2559.4,"gen":113,"fit":0.8054,"fDef":0.8859,"fPB":0.9381,"fPush":0.8516,"fSelf":0.5263,"best":0.8367,"min":0.4796}
##TT##{"t":"gen","evals":22080,"sec":2581.6,"gen":114,"fit":0.8009,"fDef":0.895,"fPB":0.948,"fPush":0.8643,"fSelf":0.4805,"best":0.8367,"min":0.3348}
##TT##{"t":"gen","evals":22272,"sec":2604.4,"gen":115,"fit":0.8067,"fDef":0.9247,"fPB":0.9618,"fPush":0.8559,"fSelf":0.4594,"best":0.8367,"min":0.3877}
##TT##{"t":"gen","evals":22464,"sec":2627.2,"gen":116,"fit":0.8019,"fDef":0.9121,"fPB":0.9532,"fPush":0.8577,"fSelf":0.4639,"best":0.8367,"min":0.4829}
##TT##{"t":"gen","evals":22656,"sec":2650.2,"gen":117,"fit":0.8065,"fDef":0.9121,"fPB":0.9364,"fPush":0.8586,"fSelf":0.503,"best":0.8367,"min":0.4449}
##TT##{"t":"gen","evals":22848,"sec":2673.8,"gen":118,"fit":0.803,"fDef":0.8965,"fPB":0.9653,"fPush":0.8435,"fSelf":0.4756,"best":0.8367,"min":0.5268}
##TT##{"t":"gen","evals":23040,"sec":2696.3,"gen":119,"fit":0.8018,"fDef":0.9199,"fPB":0.9345,"fPush":0.8463,"fSelf":0.4861,"best":0.8367,"min":0.337}
##TT##{"t":"gen","evals":23232,"sec":2719.3,"gen":120,"fit":0.8097,"fDef":0.883,"fPB":0.938,"fPush":0.8178,"fSelf":0.5643,"best":0.8367,"min":0.4877}
gen 120  top.fit=0.8097 (vsDef=0.883 vsPB=0.938 vsPush=0.818 vsSelf=0.564)  best=0.8367  [2719.257s]
##TT##{"t":"gen","evals":23424,"sec":2742.2,"gen":121,"fit":0.8058,"fDef":0.8995,"fPB":0.9462,"fPush":0.8686,"fSelf":0.4946,"best":0.8367,"min":0.5066}
##TT##{"t":"gen","evals":23616,"sec":2765.3,"gen":122,"fit":0.8102,"fDef":0.9121,"fPB":0.9637,"fPush":0.8507,"fSelf":0.4858,"best":0.8367,"min":0.4175}
##TT##{"t":"gen","evals":23808,"sec":2789.2,"gen":123,"fit":0.8041,"fDef":0.9026,"fPB":0.9399,"fPush":0.8589,"fSelf":0.4984,"best":0.8367,"min":0.5173}
##TT##{"t":"gen","evals":24000,"sec":2812.8,"gen":124,"fit":0.8124,"fDef":0.8789,"fPB":0.9445,"fPush":0.8629,"fSelf":0.5458,"best":0.8367,"min":0.5213}
##TT##{"t":"gen","evals":24192,"sec":2836.1,"gen":125,"fit":0.8086,"fDef":0.8719,"fPB":0.928,"fPush":0.8435,"fSelf":0.5705,"best":0.8367,"min":0.3714}
##TT##{"t":"gen","evals":24384,"sec":2859.4,"gen":126,"fit":0.8221,"fDef":0.895,"fPB":0.9635,"fPush":0.8415,"fSelf":0.554,"best":0.8367,"min":0.5562}
##TT##{"t":"gen","evals":24576,"sec":2882.9,"gen":127,"fit":0.8071,"fDef":0.8952,"fPB":0.9345,"fPush":0.8331,"fSelf":0.5384,"best":0.8367,"min":0.448}
##TT##{"t":"gen","evals":24768,"sec":2906.3,"gen":128,"fit":0.8072,"fDef":0.8966,"fPB":0.9514,"fPush":0.8368,"fSelf":0.513,"best":0.8367,"min":0.4492}
##TT##{"t":"gen","evals":24960,"sec":2929.6,"gen":129,"fit":0.8085,"fDef":0.9028,"fPB":0.9057,"fPush":0.8469,"fSelf":0.5664,"best":0.8367,"min":0.4354}
##TT##{"t":"gen","evals":25152,"sec":2952.4,"gen":130,"fit":0.8097,"fDef":0.8949,"fPB":0.9514,"fPush":0.8463,"fSelf":0.5193,"best":0.8367,"min":0.4726}
gen 130  top.fit=0.8097 (vsDef=0.895 vsPB=0.951 vsPush=0.846 vsSelf=0.519)  best=0.8367  [2952.408s]
##TT##{"t":"gen","evals":25344,"sec":2975.7,"gen":131,"fit":0.807,"fDef":0.8893,"fPB":0.9463,"fPush":0.867,"fSelf":0.5101,"best":0.8367,"min":0.4836}
##TT##{"t":"gen","evals":25536,"sec":2999.1,"gen":132,"fit":0.8205,"fDef":0.8874,"fPB":0.9462,"fPush":0.8671,"fSelf":0.5639,"best":0.8367,"min":0.4327}
##TT##{"t":"gen","evals":25728,"sec":3022.2,"gen":133,"fit":0.8148,"fDef":0.9168,"fPB":0.9413,"fPush":0.8656,"fSelf":0.5202,"best":0.8367,"min":0.5278}
##TT##{"t":"gen","evals":25920,"sec":3045.3,"gen":134,"fit":0.8215,"fDef":0.9264,"fPB":0.9565,"fPush":0.8602,"fSelf":0.5194,"best":0.8367,"min":0.4301}
##TT##{"t":"gen","evals":26112,"sec":3068.5,"gen":135,"fit":0.8142,"fDef":0.9199,"fPB":0.9412,"fPush":0.8714,"fSelf":0.5118,"best":0.8367,"min":0.4322}
##TT##{"t":"gen","evals":26304,"sec":3091.5,"gen":136,"fit":0.8151,"fDef":0.9004,"fPB":0.9362,"fPush":0.851,"fSelf":0.5519,"best":0.8367,"min":0.4841}
##TT##{"t":"gen","evals":26496,"sec":3113.3,"gen":137,"fit":0.8171,"fDef":0.9026,"fPB":0.9447,"fPush":0.8516,"fSelf":0.5463,"best":0.8367,"min":0.644}
##TT##{"t":"gen","evals":26688,"sec":3136.5,"gen":138,"fit":0.8129,"fDef":0.9104,"fPB":0.9445,"fPush":0.8577,"fSelf":0.5192,"best":0.8367,"min":0.4667}
##TT##{"t":"gen","evals":26880,"sec":3159.6,"gen":139,"fit":0.8099,"fDef":0.8996,"fPB":0.9567,"fPush":0.8397,"fSelf":0.5121,"best":0.8367,"min":0.4248}
##TT##{"t":"gen","evals":27072,"sec":3182.8,"gen":140,"fit":0.825,"fDef":0.9297,"fPB":0.9583,"fPush":0.8642,"fSelf":0.5249,"best":0.8367,"min":0.4593}
gen 140  top.fit=0.8250 (vsDef=0.930 vsPB=0.958 vsPush=0.864 vsSelf=0.525)  best=0.8367  [3182.838s]
##TT##{"t":"gen","evals":27264,"sec":3205.5,"gen":141,"fit":0.8246,"fDef":0.9288,"fPB":0.9479,"fPush":0.8776,"fSelf":0.5306,"best":0.8367,"min":0.4957}
##TT##{"t":"gen","evals":27456,"sec":3228.9,"gen":142,"fit":0.8288,"fDef":0.9184,"fPB":0.9412,"fPush":0.8834,"fSelf":0.5627,"best":0.8367,"min":0.5276}
##TT##{"t":"gen","evals":27648,"sec":3251.6,"gen":143,"fit":0.8096,"fDef":0.9043,"fPB":0.9379,"fPush":0.8573,"fSelf":0.5216,"best":0.8367,"min":0.5254}
##TT##{"t":"gen","evals":27840,"sec":3274.5,"gen":144,"fit":0.8177,"fDef":0.9151,"fPB":0.9395,"fPush":0.8449,"fSelf":0.5466,"best":0.8367,"min":0.5352}
##TT##{"t":"gen","evals":28032,"sec":3297.5,"gen":145,"fit":0.8143,"fDef":0.9264,"fPB":0.9497,"fPush":0.8548,"fSelf":0.5036,"best":0.8367,"min":0.4513}
##TT##{"t":"gen","evals":28224,"sec":3321.6,"gen":146,"fit":0.8274,"fDef":0.9183,"fPB":0.9346,"fPush":0.9104,"fSelf":0.5517,"best":0.8367,"min":0.3856}
##TT##{"t":"gen","evals":28416,"sec":3344.4,"gen":147,"fit":0.8242,"fDef":0.9041,"fPB":0.9514,"fPush":0.8729,"fSelf":0.5517,"best":0.8367,"min":0.5213}
##TT##{"t":"gen","evals":28608,"sec":3366.9,"gen":148,"fit":0.815,"fDef":0.9151,"fPB":0.9514,"fPush":0.8412,"fSelf":0.5225,"best":0.8367,"min":0.5336}
##TT##{"t":"gen","evals":28800,"sec":3389.3,"gen":149,"fit":0.8281,"fDef":0.912,"fPB":0.9496,"fPush":0.883,"fSelf":0.5559,"best":0.8367,"min":0.5796}
##TT##{"t":"gen","evals":28992,"sec":3412,"gen":150,"fit":0.82,"fDef":0.9011,"fPB":0.9395,"fPush":0.8631,"fSelf":0.5594,"best":0.8367,"min":0.4958}
gen 150  top.fit=0.8200 (vsDef=0.901 vsPB=0.940 vsPush=0.863 vsSelf=0.559)  best=0.8367  [3411.97s]
##TT##{"t":"gen","evals":29184,"sec":3434.1,"gen":151,"fit":0.8198,"fDef":0.9185,"fPB":0.9566,"fPush":0.849,"fSelf":0.5264,"best":0.8367,"min":0.4485}
##TT##{"t":"gen","evals":29376,"sec":3456.8,"gen":152,"fit":0.8159,"fDef":0.9248,"fPB":0.9445,"fPush":0.8785,"fSelf":0.5051,"best":0.8367,"min":0.4929}
##TT##{"t":"gen","evals":29568,"sec":3480.1,"gen":153,"fit":0.8169,"fDef":0.928,"fPB":0.9533,"fPush":0.8772,"fSelf":0.495,"best":0.8367,"min":0.4806}
##TT##{"t":"gen","evals":29760,"sec":3502.8,"gen":154,"fit":0.8198,"fDef":0.9014,"fPB":0.9618,"fPush":0.8815,"fSelf":0.5194,"best":0.8367,"min":0.4591}
##TT##{"t":"gen","evals":29952,"sec":3525.4,"gen":155,"fit":0.813,"fDef":0.9026,"fPB":0.9462,"fPush":0.8756,"fSelf":0.5153,"best":0.8367,"min":0.531}
##TT##{"t":"gen","evals":30144,"sec":3548.5,"gen":156,"fit":0.8239,"fDef":0.9168,"fPB":0.9519,"fPush":0.8465,"fSelf":0.5515,"best":0.8367,"min":0.4665}
##TT##{"t":"gen","evals":30336,"sec":3571.4,"gen":157,"fit":0.8238,"fDef":0.9231,"fPB":0.9395,"fPush":0.8585,"fSelf":0.5543,"best":0.8367,"min":0.4376}
##TT##{"t":"gen","evals":30528,"sec":3594,"gen":158,"fit":0.8102,"fDef":0.8874,"fPB":0.9345,"fPush":0.8504,"fSelf":0.5488,"best":0.8367,"min":0.5947}
##TT##{"t":"gen","evals":30720,"sec":3617.4,"gen":159,"fit":0.8191,"fDef":0.8924,"fPB":0.9618,"fPush":0.8728,"fSelf":0.5302,"best":0.8367,"min":0.4564}
##TT##{"t":"gen","evals":30912,"sec":3640.3,"gen":160,"fit":0.8231,"fDef":0.9232,"fPB":0.9498,"fPush":0.8844,"fSelf":0.5243,"best":0.8367,"min":0.5051}
gen 160  top.fit=0.8231 (vsDef=0.923 vsPB=0.950 vsPush=0.884 vsSelf=0.524)  best=0.8367  [3640.255s]
##TT##{"t":"gen","evals":31104,"sec":3663.7,"gen":161,"fit":0.8215,"fDef":0.9168,"fPB":0.9497,"fPush":0.8773,"fSelf":0.5285,"best":0.8367,"min":0.4831}
##TT##{"t":"gen","evals":31296,"sec":3686.7,"gen":162,"fit":0.815,"fDef":0.8904,"fPB":0.9378,"fPush":0.8859,"fSelf":0.5408,"best":0.8367,"min":0.5061}
##TT##{"t":"gen","evals":31488,"sec":3709.2,"gen":163,"fit":0.8244,"fDef":0.9168,"fPB":0.9479,"fPush":0.9011,"fSelf":0.5293,"best":0.8367,"min":0.5194}
##TT##{"t":"gen","evals":31680,"sec":3732.4,"gen":164,"fit":0.8239,"fDef":0.9088,"fPB":0.9566,"fPush":0.8451,"fSelf":0.5541,"best":0.8367,"min":0.4606}
##TT##{"t":"gen","evals":31872,"sec":3755.9,"gen":165,"fit":0.8151,"fDef":0.9122,"fPB":0.933,"fPush":0.8573,"fSelf":0.5412,"best":0.8367,"min":0.4002}
##TT##{"t":"gen","evals":32064,"sec":3778.9,"gen":166,"fit":0.8164,"fDef":0.92,"fPB":0.9396,"fPush":0.8771,"fSelf":0.5189,"best":0.8367,"min":0.537}
##TT##{"t":"gen","evals":32256,"sec":3801.4,"gen":167,"fit":0.8166,"fDef":0.9121,"fPB":0.9446,"fPush":0.8699,"fSelf":0.5251,"best":0.8367,"min":0.5587}
##TT##{"t":"gen","evals":32448,"sec":3825,"gen":168,"fit":0.8163,"fDef":0.9122,"fPB":0.9548,"fPush":0.8686,"fSelf":0.511,"best":0.8367,"min":0.5325}
##TT##{"t":"gen","evals":32640,"sec":3848.8,"gen":169,"fit":0.8251,"fDef":0.9183,"fPB":0.9566,"fPush":0.8703,"fSelf":0.5358,"best":0.8367,"min":0.4875}
##TT##{"t":"gen","evals":32832,"sec":3871.3,"gen":170,"fit":0.8268,"fDef":0.928,"fPB":0.9549,"fPush":0.853,"fSelf":0.5439,"best":0.8367,"min":0.4497}
gen 170  top.fit=0.8268 (vsDef=0.928 vsPB=0.955 vsPush=0.853 vsSelf=0.544)  best=0.8367  [3871.333s]
##TT##{"t":"gen","evals":33024,"sec":3894.7,"gen":171,"fit":0.8169,"fDef":0.9012,"fPB":0.9429,"fPush":0.8448,"fSelf":0.5528,"best":0.8367,"min":0.5584}
##TT##{"t":"gen","evals":33216,"sec":3918.2,"gen":172,"fit":0.823,"fDef":0.9183,"fPB":0.9635,"fPush":0.8398,"fSelf":0.535,"best":0.8367,"min":0.4978}
##TT##{"t":"gen","evals":33408,"sec":3941.2,"gen":173,"fit":0.8175,"fDef":0.9232,"fPB":0.9346,"fPush":0.8786,"fSelf":0.5259,"best":0.8367,"min":0.4879}
##TT##{"t":"gen","evals":33600,"sec":3964.4,"gen":174,"fit":0.8166,"fDef":0.9248,"fPB":0.9531,"fPush":0.8558,"fSelf":0.5087,"best":0.8367,"min":0.5343}
##TT##{"t":"gen","evals":33792,"sec":3987.2,"gen":175,"fit":0.8222,"fDef":0.9171,"fPB":0.9447,"fPush":0.867,"fSelf":0.543,"best":0.8367,"min":0.6051}
##TT##{"t":"gen","evals":33984,"sec":4010.6,"gen":176,"fit":0.8167,"fDef":0.9183,"fPB":0.9345,"fPush":0.8762,"fSelf":0.5291,"best":0.8367,"min":0.4937}
##TT##{"t":"gen","evals":34176,"sec":4033.5,"gen":177,"fit":0.8084,"fDef":0.9217,"fPB":0.9412,"fPush":0.8575,"fSelf":0.495,"best":0.8367,"min":0.4964}
##TT##{"t":"gen","evals":34368,"sec":4056.9,"gen":178,"fit":0.8181,"fDef":0.9026,"fPB":0.9519,"fPush":0.8503,"fSelf":0.5415,"best":0.8367,"min":0.5052}
##TT##{"t":"gen","evals":34560,"sec":4079.9,"gen":179,"fit":0.8161,"fDef":0.9106,"fPB":0.933,"fPush":0.8672,"fSelf":0.5412,"best":0.8367,"min":0.558}
##TT##{"t":"gen","evals":34752,"sec":4102.7,"gen":180,"fit":0.8254,"fDef":0.8949,"fPB":0.9689,"fPush":0.8742,"fSelf":0.5421,"best":0.8367,"min":0.3678}
gen 180  top.fit=0.8254 (vsDef=0.895 vsPB=0.969 vsPush=0.874 vsSelf=0.542)  best=0.8367  [4102.662s]
##TT##{"t":"gen","evals":34944,"sec":4125.5,"gen":181,"fit":0.8187,"fDef":0.9057,"fPB":0.9498,"fPush":0.8875,"fSelf":0.5231,"best":0.8367,"min":0.4897}
##TT##{"t":"gen","evals":35136,"sec":4148.7,"gen":182,"fit":0.813,"fDef":0.9044,"fPB":0.9515,"fPush":0.8381,"fSelf":0.5271,"best":0.8367,"min":0.444}
##TT##{"t":"gen","evals":35328,"sec":4171.7,"gen":183,"fit":0.8204,"fDef":0.9264,"fPB":0.9429,"fPush":0.8716,"fSelf":0.5268,"best":0.8367,"min":0.541}
##TT##{"t":"gen","evals":35520,"sec":4194.4,"gen":184,"fit":0.8182,"fDef":0.9121,"fPB":0.9462,"fPush":0.8632,"fSelf":0.5326,"best":0.8367,"min":0.4801}
##TT##{"t":"gen","evals":35712,"sec":4216.9,"gen":185,"fit":0.8188,"fDef":0.901,"fPB":0.9635,"fPush":0.8671,"fSelf":0.5215,"best":0.8367,"min":0.6025}
##TT##{"t":"gen","evals":35904,"sec":4239.5,"gen":186,"fit":0.819,"fDef":0.9088,"fPB":0.9671,"fPush":0.8801,"fSelf":0.5026,"best":0.8367,"min":0.4719}
##TT##{"t":"gen","evals":36096,"sec":4262.4,"gen":187,"fit":0.8215,"fDef":0.9167,"fPB":0.9282,"fPush":0.8846,"fSelf":0.5529,"best":0.8367,"min":0.4764}
##TT##{"t":"gen","evals":36288,"sec":4285,"gen":188,"fit":0.8218,"fDef":0.9232,"fPB":0.9446,"fPush":0.8826,"fSelf":0.5272,"best":0.8367,"min":0.5816}
##TT##{"t":"gen","evals":36480,"sec":4307.3,"gen":189,"fit":0.8252,"fDef":0.9283,"fPB":0.948,"fPush":0.8845,"fSelf":0.5296,"best":0.8367,"min":0.5428}
##TT##{"t":"gen","evals":36672,"sec":4329.7,"gen":190,"fit":0.8192,"fDef":0.9279,"fPB":0.9618,"fPush":0.8757,"fSelf":0.4934,"best":0.8367,"min":0.5117}
gen 190  top.fit=0.8192 (vsDef=0.928 vsPB=0.962 vsPush=0.876 vsSelf=0.493)  best=0.8367  [4329.663s]
##TT##{"t":"gen","evals":36864,"sec":4352.6,"gen":191,"fit":0.8231,"fDef":0.9313,"fPB":0.9724,"fPush":0.8671,"fSelf":0.4961,"best":0.8367,"min":0.4316}
##TT##{"t":"gen","evals":37056,"sec":4375.5,"gen":192,"fit":0.8141,"fDef":0.9041,"fPB":0.9531,"fPush":0.8304,"fSelf":0.5337,"best":0.8367,"min":0.389}
##TT##{"t":"gen","evals":37248,"sec":4398.6,"gen":193,"fit":0.8245,"fDef":0.9445,"fPB":0.9497,"fPush":0.8533,"fSelf":0.5252,"best":0.8367,"min":0.4878}
##TT##{"t":"gen","evals":37440,"sec":4421,"gen":194,"fit":0.8194,"fDef":0.909,"fPB":0.9379,"fPush":0.892,"fSelf":0.5359,"best":0.8367,"min":0.4059}
##TT##{"t":"gen","evals":37632,"sec":4443.6,"gen":195,"fit":0.8169,"fDef":0.9151,"fPB":0.9514,"fPush":0.8714,"fSelf":0.5132,"best":0.8367,"min":0.395}
##TT##{"t":"gen","evals":37824,"sec":4466.2,"gen":196,"fit":0.8173,"fDef":0.9247,"fPB":0.96,"fPush":0.8687,"fSelf":0.4956,"best":0.8367,"min":0.4107}
##TT##{"t":"gen","evals":38016,"sec":4488.6,"gen":197,"fit":0.8125,"fDef":0.8874,"fPB":0.9465,"fPush":0.8574,"fSelf":0.5382,"best":0.8367,"min":0.37}
##TT##{"t":"gen","evals":38208,"sec":4510.6,"gen":198,"fit":0.8194,"fDef":0.8891,"fPB":0.9413,"fPush":0.8934,"fSelf":0.5505,"best":0.8367,"min":0.4265}
##TT##{"t":"gen","evals":38400,"sec":4533.1,"gen":199,"fit":0.8316,"fDef":0.9104,"fPB":0.9618,"fPush":0.8656,"fSelf":0.5644,"best":0.8367,"min":0.541}
##TT##{"t":"gen","evals":38592,"sec":4555.1,"gen":200,"fit":0.8236,"fDef":0.9313,"fPB":0.9635,"fPush":0.9073,"fSelf":0.4879,"best":0.8367,"min":0.527}
gen 200  top.fit=0.8236 (vsDef=0.931 vsPB=0.964 vsPush=0.907 vsSelf=0.488)  best=0.8367  [4555.08s]
##TT##{"t":"gen","evals":38784,"sec":4576.7,"gen":201,"fit":0.8184,"fDef":0.9446,"fPB":0.9325,"fPush":0.8671,"fSelf":0.517,"best":0.8367,"min":0.6276}
##TT##{"t":"gen","evals":38976,"sec":4598.8,"gen":202,"fit":0.8169,"fDef":0.9107,"fPB":0.9548,"fPush":0.8614,"fSelf":0.5189,"best":0.8367,"min":0.5241}
##TT##{"t":"gen","evals":39168,"sec":4621.6,"gen":203,"fit":0.8164,"fDef":0.9073,"fPB":0.9429,"fPush":0.8642,"fSelf":0.5346,"best":0.8367,"min":0.6856}
##TT##{"t":"gen","evals":39360,"sec":4644.5,"gen":204,"fit":0.8172,"fDef":0.9046,"fPB":0.9635,"fPush":0.8774,"fSelf":0.5061,"best":0.8367,"min":0.5267}
##TT##{"t":"gen","evals":39552,"sec":4667,"gen":205,"fit":0.8142,"fDef":0.9183,"fPB":0.9531,"fPush":0.8505,"fSelf":0.5088,"best":0.8367,"min":0.583}
##TT##{"t":"gen","evals":39744,"sec":4689.4,"gen":206,"fit":0.8221,"fDef":0.898,"fPB":0.9619,"fPush":0.8847,"fSelf":0.5296,"best":0.8367,"min":0.5215}
##TT##{"t":"gen","evals":39936,"sec":4712.3,"gen":207,"fit":0.8231,"fDef":0.9279,"fPB":0.9583,"fPush":0.8615,"fSelf":0.5206,"best":0.8367,"min":0.5519}
##TT##{"t":"gen","evals":40128,"sec":4734.6,"gen":208,"fit":0.8199,"fDef":0.9348,"fPB":0.9601,"fPush":0.8475,"fSelf":0.5071,"best":0.8367,"min":0.4919}
##TT##{"t":"gen","evals":40320,"sec":4756.5,"gen":209,"fit":0.8242,"fDef":0.9313,"fPB":0.9515,"fPush":0.8684,"fSelf":0.527,"best":0.8367,"min":0.4567}
##TT##{"t":"gen","evals":40512,"sec":4779.4,"gen":210,"fit":0.8198,"fDef":0.9105,"fPB":0.9583,"fPush":0.8476,"fSelf":0.5329,"best":0.8367,"min":0.556}
gen 210  top.fit=0.8198 (vsDef=0.911 vsPB=0.958 vsPush=0.848 vsSelf=0.533)  best=0.8367  [4779.365s]
##TT##{"t":"gen","evals":40704,"sec":4802,"gen":211,"fit":0.8109,"fDef":0.9169,"fPB":0.9671,"fPush":0.8503,"fSelf":0.4795,"best":0.8367,"min":0.4927}
##TT##{"t":"gen","evals":40896,"sec":4824.8,"gen":212,"fit":0.8218,"fDef":0.906,"fPB":0.948,"fPush":0.8757,"fSelf":0.5435,"best":0.8367,"min":0.4075}
##TT##{"t":"gen","evals":41088,"sec":4847.5,"gen":213,"fit":0.8221,"fDef":0.9199,"fPB":0.9446,"fPush":0.867,"fSelf":0.54,"best":0.8367,"min":0.5443}
##TT##{"t":"gen","evals":41280,"sec":4869,"gen":214,"fit":0.8236,"fDef":0.9264,"fPB":0.9601,"fPush":0.8574,"fSelf":0.5242,"best":0.8367,"min":0.4509}
##TT##{"t":"gen","evals":41472,"sec":4891.2,"gen":215,"fit":0.821,"fDef":0.9057,"fPB":0.9446,"fPush":0.8489,"fSelf":0.5598,"best":0.8367,"min":0.3984}
##TT##{"t":"gen","evals":41664,"sec":4912.9,"gen":216,"fit":0.8216,"fDef":0.9072,"fPB":0.9449,"fPush":0.8615,"fSelf":0.5531,"best":0.8367,"min":0.5613}
##TT##{"t":"gen","evals":41856,"sec":4935.5,"gen":217,"fit":0.8159,"fDef":0.8934,"fPB":0.9434,"fPush":0.849,"fSelf":0.5536,"best":0.8367,"min":0.4679}
##TT##{"t":"gen","evals":42048,"sec":4957.8,"gen":218,"fit":0.8165,"fDef":0.8996,"fPB":0.9463,"fPush":0.8614,"fSelf":0.5396,"best":0.8367,"min":0.4523}
##TT##{"t":"gen","evals":42240,"sec":4979.9,"gen":219,"fit":0.8148,"fDef":0.9152,"fPB":0.9448,"fPush":0.8672,"fSelf":0.5163,"best":0.8367,"min":0.4539}
##TT##{"t":"gen","evals":42432,"sec":5002,"gen":220,"fit":0.8202,"fDef":0.9263,"fPB":0.9447,"fPush":0.8555,"fSelf":0.5322,"best":0.8367,"min":0.5495}
gen 220  top.fit=0.8202 (vsDef=0.926 vsPB=0.945 vsPush=0.855 vsSelf=0.532)  best=0.8367  [5001.96s]
##TT##{"t":"gen","evals":42624,"sec":5024.4,"gen":221,"fit":0.8244,"fDef":0.9316,"fPB":0.96,"fPush":0.8522,"fSelf":0.525,"best":0.8367,"min":0.4946}
##TT##{"t":"gen","evals":42816,"sec":5046.7,"gen":222,"fit":0.8194,"fDef":0.9072,"fPB":0.9283,"fPush":0.8475,"fSelf":0.574,"best":0.8367,"min":0.4026}
##TT##{"t":"gen","evals":43008,"sec":5068.8,"gen":223,"fit":0.8232,"fDef":0.9263,"fPB":0.9413,"fPush":0.8772,"fSelf":0.5368,"best":0.8367,"min":0.4964}
##TT##{"t":"gen","evals":43200,"sec":5091.3,"gen":224,"fit":0.8228,"fDef":0.938,"fPB":0.9412,"fPush":0.8505,"fSelf":0.5379,"best":0.8367,"min":0.4761}
##TT##{"t":"gen","evals":43392,"sec":5113.5,"gen":225,"fit":0.8197,"fDef":0.9248,"fPB":0.9379,"fPush":0.8544,"fSelf":0.5412,"best":0.8367,"min":0.524}
##TT##{"t":"gen","evals":43584,"sec":5135.8,"gen":226,"fit":0.8264,"fDef":0.9119,"fPB":0.9497,"fPush":0.8728,"fSelf":0.5546,"best":0.8367,"min":0.5112}
##TT##{"t":"gen","evals":43776,"sec":5157.9,"gen":227,"fit":0.8237,"fDef":0.9088,"fPB":0.9618,"fPush":0.9059,"fSelf":0.5138,"best":0.8367,"min":0.3768}
##TT##{"t":"gen","evals":43968,"sec":5179.8,"gen":228,"fit":0.8167,"fDef":0.9044,"fPB":0.9496,"fPush":0.8859,"fSelf":0.518,"best":0.8367,"min":0.5873}
##TT##{"t":"gen","evals":44160,"sec":5201.6,"gen":229,"fit":0.8209,"fDef":0.9281,"fPB":0.9446,"fPush":0.8599,"fSelf":0.5309,"best":0.8367,"min":0.5578}
##TT##{"t":"gen","evals":44352,"sec":5223.9,"gen":230,"fit":0.8264,"fDef":0.8756,"fPB":0.9329,"fPush":0.8772,"fSelf":0.6106,"best":0.8367,"min":0.5073}
gen 230  top.fit=0.8264 (vsDef=0.876 vsPB=0.933 vsPush=0.877 vsSelf=0.611)  best=0.8367  [5223.886s]
##TT##{"t":"gen","evals":44544,"sec":5245.9,"gen":231,"fit":0.8245,"fDef":0.9026,"fPB":0.9446,"fPush":0.8463,"fSelf":0.5777,"best":0.8367,"min":0.492}
##TT##{"t":"gen","evals":44736,"sec":5268.7,"gen":232,"fit":0.8208,"fDef":0.9312,"fPB":0.9548,"fPush":0.8656,"fSelf":0.5109,"best":0.8367,"min":0.4052}
##TT##{"t":"gen","evals":44928,"sec":5290.8,"gen":233,"fit":0.82,"fDef":0.9321,"fPB":0.9463,"fPush":0.845,"fSelf":0.5294,"best":0.8367,"min":0.4118}
##TT##{"t":"gen","evals":45120,"sec":5312.9,"gen":234,"fit":0.8258,"fDef":0.9135,"fPB":0.948,"fPush":0.898,"fSelf":0.5394,"best":0.8367,"min":0.5299}
##TT##{"t":"gen","evals":45312,"sec":5335.2,"gen":235,"fit":0.8183,"fDef":0.9107,"fPB":0.9247,"fPush":0.8845,"fSelf":0.5512,"best":0.8367,"min":0.4445}
##TT##{"t":"gen","evals":45504,"sec":5357.6,"gen":236,"fit":0.8276,"fDef":0.9026,"fPB":0.9413,"fPush":0.8302,"fSelf":0.6025,"best":0.8367,"min":0.4088}
##TT##{"t":"gen","evals":45696,"sec":5380.3,"gen":237,"fit":0.8212,"fDef":0.9215,"fPB":0.9429,"fPush":0.8817,"fSelf":0.529,"best":0.8367,"min":0.4169}
##TT##{"t":"gen","evals":45888,"sec":5402.4,"gen":238,"fit":0.8174,"fDef":0.9088,"fPB":0.9414,"fPush":0.8517,"fSelf":0.5452,"best":0.8367,"min":0.3352}
##TT##{"t":"gen","evals":46080,"sec":5425,"gen":239,"fit":0.8279,"fDef":0.8998,"fPB":0.9463,"fPush":0.8614,"fSelf":0.5833,"best":0.8367,"min":0.3943}
##TT##{"t":"gen","evals":46272,"sec":5447.5,"gen":240,"fit":0.8219,"fDef":0.9187,"fPB":0.9531,"fPush":0.8699,"fSelf":0.5275,"best":0.8367,"min":0.476}
gen 240  top.fit=0.8219 (vsDef=0.919 vsPB=0.953 vsPush=0.870 vsSelf=0.528)  best=0.8367  [5447.487s]
##TT##{"t":"gen","evals":46464,"sec":5470,"gen":241,"fit":0.8214,"fDef":0.8829,"fPB":0.9282,"fPush":0.8688,"fSelf":0.5946,"best":0.8367,"min":0.4497}
##TT##{"t":"gen","evals":46656,"sec":5493.3,"gen":242,"fit":0.824,"fDef":0.9216,"fPB":0.943,"fPush":0.8699,"fSelf":0.546,"best":0.8367,"min":0.4772}
##TT##{"t":"gen","evals":46848,"sec":5515.7,"gen":243,"fit":0.8199,"fDef":0.8949,"fPB":0.9329,"fPush":0.8628,"fSelf":0.5742,"best":0.8367,"min":0.504}
##TT##{"t":"gen","evals":47040,"sec":5538.3,"gen":244,"fit":0.8372,"fDef":0.9266,"fPB":0.9514,"fPush":0.8558,"fSelf":0.5885,"best":0.8372,"min":0.4334}
##TT##{"t":"gen","evals":47232,"sec":5560.1,"gen":245,"fit":0.8048,"fDef":0.9135,"fPB":0.9252,"fPush":0.86,"fSelf":0.5088,"best":0.8372,"min":0.4058}
##TT##{"t":"gen","evals":47424,"sec":5582.3,"gen":246,"fit":0.8081,"fDef":0.9253,"fPB":0.9533,"fPush":0.8544,"fSelf":0.4763,"best":0.8372,"min":0.5112}
##TT##{"t":"gen","evals":47616,"sec":5604.2,"gen":247,"fit":0.8068,"fDef":0.8786,"fPB":0.9429,"fPush":0.8704,"fSelf":0.5229,"best":0.8372,"min":0.4322}
##TT##{"t":"gen","evals":47808,"sec":5626.3,"gen":248,"fit":0.812,"fDef":0.9264,"fPB":0.9583,"fPush":0.8714,"fSelf":0.4743,"best":0.8372,"min":0.4563}
##TT##{"t":"gen","evals":48000,"sec":5648.4,"gen":249,"fit":0.8098,"fDef":0.8924,"fPB":0.9549,"fPush":0.8837,"fSelf":0.4977,"best":0.8372,"min":0.5245}
##TT##{"t":"gen","evals":48192,"sec":5669.4,"gen":250,"fit":0.8083,"fDef":0.9314,"fPB":0.9531,"fPush":0.8658,"fSelf":0.4648,"best":0.8372,"min":0.4655}
gen 250  top.fit=0.8083 (vsDef=0.931 vsPB=0.953 vsPush=0.866 vsSelf=0.465)  best=0.8372  [5669.368s]
##TT##{"t":"gen","evals":48384,"sec":5691.2,"gen":251,"fit":0.8054,"fDef":0.9026,"fPB":0.9566,"fPush":0.88,"fSelf":0.4702,"best":0.8372,"min":0.4111}
##TT##{"t":"gen","evals":48576,"sec":5713,"gen":252,"fit":0.8088,"fDef":0.9063,"fPB":0.948,"fPush":0.8572,"fSelf":0.5033,"best":0.8372,"min":0.4897}
##TT##{"t":"gen","evals":48768,"sec":5734.8,"gen":253,"fit":0.8074,"fDef":0.898,"fPB":0.9515,"fPush":0.8505,"fSelf":0.5054,"best":0.8372,"min":0.5178}
##TT##{"t":"gen","evals":48960,"sec":5757.4,"gen":254,"fit":0.817,"fDef":0.909,"fPB":0.9499,"fPush":0.865,"fSelf":0.5253,"best":0.8372,"min":0.4424}
##TT##{"t":"gen","evals":49152,"sec":5778.6,"gen":255,"fit":0.8126,"fDef":0.9215,"fPB":0.9531,"fPush":0.8642,"fSelf":0.4921,"best":0.8372,"min":0.4456}
##TT##{"t":"gen","evals":49344,"sec":5800.5,"gen":256,"fit":0.8132,"fDef":0.9429,"fPB":0.9479,"fPush":0.8745,"fSelf":0.4744,"best":0.8372,"min":0.4645}
##TT##{"t":"gen","evals":49536,"sec":5822,"gen":257,"fit":0.8085,"fDef":0.9233,"fPB":0.9379,"fPush":0.885,"fSelf":0.4834,"best":0.8372,"min":0.4331}
##TT##{"t":"gen","evals":49728,"sec":5844.7,"gen":258,"fit":0.8015,"fDef":0.8936,"fPB":0.9447,"fPush":0.8924,"fSelf":0.4733,"best":0.8372,"min":0.5374}
##TT##{"t":"gen","evals":49920,"sec":5866.7,"gen":259,"fit":0.8033,"fDef":0.9013,"fPB":0.9183,"fPush":0.8585,"fSelf":0.5251,"best":0.8372,"min":0.4984}
##TT##{"t":"gen","evals":50112,"sec":5888.3,"gen":260,"fit":0.8067,"fDef":0.9074,"fPB":0.96,"fPush":0.8995,"fSelf":0.4557,"best":0.8372,"min":0.4557}
gen 260  top.fit=0.8067 (vsDef=0.907 vsPB=0.960 vsPush=0.899 vsSelf=0.456)  best=0.8372  [5888.281s]
##TT##{"t":"gen","evals":50304,"sec":5910.4,"gen":261,"fit":0.8046,"fDef":0.8996,"fPB":0.9248,"fPush":0.8603,"fSelf":0.5223,"best":0.8372,"min":0.4146}
##TT##{"t":"gen","evals":50496,"sec":5932.1,"gen":262,"fit":0.8066,"fDef":0.9089,"fPB":0.9549,"fPush":0.86,"fSelf":0.4818,"best":0.8372,"min":0.516}
##TT##{"t":"gen","evals":50688,"sec":5954,"gen":263,"fit":0.8096,"fDef":0.9119,"fPB":0.9635,"fPush":0.8771,"fSelf":0.4696,"best":0.8372,"min":0.4325}
##TT##{"t":"gen","evals":50880,"sec":5975.3,"gen":264,"fit":0.8054,"fDef":0.9151,"fPB":0.9465,"fPush":0.8599,"fSelf":0.482,"best":0.8372,"min":0.5098}
##TT##{"t":"gen","evals":51072,"sec":5996.4,"gen":265,"fit":0.8088,"fDef":0.921,"fPB":0.9583,"fPush":0.8544,"fSelf":0.4765,"best":0.8372,"min":0.4534}
##TT##{"t":"gen","evals":51264,"sec":6017.8,"gen":266,"fit":0.8191,"fDef":0.9316,"fPB":0.9583,"fPush":0.8703,"fSelf":0.4972,"best":0.8372,"min":0.4972}
##TT##{"t":"gen","evals":51456,"sec":6039.4,"gen":267,"fit":0.8076,"fDef":0.9167,"fPB":0.9429,"fPush":0.8642,"fSelf":0.4913,"best":0.8372,"min":0.4139}
##TT##{"t":"gen","evals":51648,"sec":6060.7,"gen":268,"fit":0.8083,"fDef":0.9329,"fPB":0.9433,"fPush":0.8544,"fSelf":0.4822,"best":0.8372,"min":0.4517}
##TT##{"t":"gen","evals":51840,"sec":6082.3,"gen":269,"fit":0.818,"fDef":0.9088,"fPB":0.9671,"fPush":0.8756,"fSelf":0.501,"best":0.8372,"min":0.4094}
##TT##{"t":"gen","evals":52032,"sec":6103.6,"gen":270,"fit":0.8126,"fDef":0.9215,"fPB":0.9464,"fPush":0.8787,"fSelf":0.493,"best":0.8372,"min":0.5914}
gen 270  top.fit=0.8126 (vsDef=0.921 vsPB=0.946 vsPush=0.879 vsSelf=0.493)  best=0.8372  [6103.574s]
##TT##{"t":"gen","evals":52224,"sec":6125.3,"gen":271,"fit":0.8134,"fDef":0.9151,"fPB":0.96,"fPush":0.8701,"fSelf":0.4895,"best":0.8372,"min":0.5226}
##TT##{"t":"gen","evals":52416,"sec":6147,"gen":272,"fit":0.8202,"fDef":0.928,"fPB":0.9549,"fPush":0.8844,"fSelf":0.5018,"best":0.8372,"min":0.4311}
##TT##{"t":"gen","evals":52608,"sec":6168.6,"gen":273,"fit":0.8153,"fDef":0.9314,"fPB":0.9566,"fPush":0.8889,"fSelf":0.4748,"best":0.8372,"min":0.4653}
##TT##{"t":"gen","evals":52800,"sec":6189.5,"gen":274,"fit":0.8117,"fDef":0.9057,"fPB":0.9585,"fPush":0.88,"fSelf":0.4889,"best":0.8372,"min":0.6866}
##TT##{"t":"gen","evals":52992,"sec":6210.3,"gen":275,"fit":0.8082,"fDef":0.8874,"fPB":0.9565,"fPush":0.8503,"fSelf":0.5122,"best":0.8372,"min":0.3943}
##TT##{"t":"gen","evals":53184,"sec":6232.4,"gen":276,"fit":0.8075,"fDef":0.9088,"fPB":0.9498,"fPush":0.8756,"fSelf":0.4835,"best":0.8372,"min":0.4556}
##TT##{"t":"gen","evals":53376,"sec":6253.3,"gen":277,"fit":0.8019,"fDef":0.8919,"fPB":0.9378,"fPush":0.8623,"fSelf":0.5014,"best":0.8372,"min":0.5529}
##TT##{"t":"gen","evals":53568,"sec":6274.9,"gen":278,"fit":0.8087,"fDef":0.9075,"fPB":0.948,"fPush":0.88,"fSelf":0.4895,"best":0.8372,"min":0.6079}
##TT##{"t":"gen","evals":53760,"sec":6296.3,"gen":279,"fit":0.8085,"fDef":0.9088,"fPB":0.9381,"fPush":0.8905,"fSelf":0.4946,"best":0.8372,"min":0.4144}
##TT##{"t":"gen","evals":53952,"sec":6318.1,"gen":280,"fit":0.8178,"fDef":0.9215,"fPB":0.9583,"fPush":0.8785,"fSelf":0.4976,"best":0.8372,"min":0.4516}
gen 280  top.fit=0.8178 (vsDef=0.921 vsPB=0.958 vsPush=0.879 vsSelf=0.498)  best=0.8372  [6318.116s]
##TT##{"t":"gen","evals":54144,"sec":6339.4,"gen":281,"fit":0.8021,"fDef":0.9042,"fPB":0.9548,"fPush":0.8544,"fSelf":0.4721,"best":0.8372,"min":0.5206}
##TT##{"t":"gen","evals":54336,"sec":6361.3,"gen":282,"fit":0.8121,"fDef":0.928,"fPB":0.9531,"fPush":0.8604,"fSelf":0.4858,"best":0.8372,"min":0.5112}
##TT##{"t":"gen","evals":54528,"sec":6382.3,"gen":283,"fit":0.8082,"fDef":0.8904,"fPB":0.9345,"fPush":0.8997,"fSelf":0.5114,"best":0.8372,"min":0.5947}
##TT##{"t":"gen","evals":54720,"sec":6403.5,"gen":284,"fit":0.8102,"fDef":0.9216,"fPB":0.9463,"fPush":0.8599,"fSelf":0.4939,"best":0.8372,"min":0.4737}
##TT##{"t":"gen","evals":54912,"sec":6424.5,"gen":285,"fit":0.8121,"fDef":0.9104,"fPB":0.9465,"fPush":0.8949,"fSelf":0.4932,"best":0.8372,"min":0.415}
##TT##{"t":"gen","evals":55104,"sec":6446.4,"gen":286,"fit":0.806,"fDef":0.8995,"fPB":0.96,"fPush":0.8263,"fSelf":0.5001,"best":0.8372,"min":0.4629}
##TT##{"t":"gen","evals":55296,"sec":6468,"gen":287,"fit":0.8133,"fDef":0.9151,"fPB":0.9869,"fPush":0.8845,"fSelf":0.4461,"best":0.8372,"min":0.4924}
##TT##{"t":"gen","evals":55488,"sec":6489.9,"gen":288,"fit":0.8082,"fDef":0.8954,"fPB":0.9585,"fPush":0.8643,"fSelf":0.494,"best":0.8372,"min":0.5267}
##TT##{"t":"gen","evals":55680,"sec":6510.5,"gen":289,"fit":0.811,"fDef":0.9139,"fPB":0.9548,"fPush":0.8603,"fSelf":0.4935,"best":0.8372,"min":0.621}
##TT##{"t":"gen","evals":55872,"sec":6531.5,"gen":290,"fit":0.8076,"fDef":0.9121,"fPB":0.9279,"fPush":0.8801,"fSelf":0.5068,"best":0.8372,"min":0.4573}
gen 290  top.fit=0.8076 (vsDef=0.912 vsPB=0.928 vsPush=0.880 vsSelf=0.507)  best=0.8372  [6531.538s]
##TT##{"t":"gen","evals":56064,"sec":6552.7,"gen":291,"fit":0.8012,"fDef":0.9151,"fPB":0.9925,"fPush":0.8589,"fSelf":0.406,"best":0.8372,"min":0.6609}
##TT##{"t":"gen","evals":56256,"sec":6573.6,"gen":292,"fit":0.8119,"fDef":0.9043,"fPB":0.9548,"fPush":0.8656,"fSelf":0.5039,"best":0.8372,"min":0.5098}
##TT##{"t":"gen","evals":56448,"sec":6594.6,"gen":293,"fit":0.8063,"fDef":0.9136,"fPB":0.9548,"fPush":0.853,"fSelf":0.4796,"best":0.8372,"min":0.5402}
##TT##{"t":"gen","evals":56640,"sec":6616.1,"gen":294,"fit":0.818,"fDef":0.9236,"fPB":0.9429,"fPush":0.8791,"fSelf":0.5162,"best":0.8372,"min":0.4864}
##TT##{"t":"gen","evals":56832,"sec":6636.9,"gen":295,"fit":0.8089,"fDef":0.9218,"fPB":0.9532,"fPush":0.8421,"fSelf":0.4896,"best":0.8372,"min":0.4597}
##TT##{"t":"gen","evals":57024,"sec":6658.1,"gen":296,"fit":0.8118,"fDef":0.912,"fPB":0.9497,"fPush":0.8699,"fSelf":0.4999,"best":0.8372,"min":0.5065}
##TT##{"t":"gen","evals":57216,"sec":6680,"gen":297,"fit":0.8074,"fDef":0.8981,"fPB":0.9531,"fPush":0.8599,"fSelf":0.4977,"best":0.8372,"min":0.4666}
##TT##{"t":"gen","evals":57408,"sec":6701.6,"gen":298,"fit":0.8206,"fDef":0.9248,"fPB":0.9482,"fPush":0.8604,"fSelf":0.5282,"best":0.8372,"min":0.6028}
##TT##{"t":"gen","evals":57600,"sec":6724.5,"gen":299,"fit":0.8066,"fDef":0.9183,"fPB":0.9531,"fPush":0.8385,"fSelf":0.4863,"best":0.8372,"min":0.4046}
##TT##{"t":"gen","evals":57792,"sec":6746.2,"gen":300,"fit":0.8084,"fDef":0.9215,"fPB":0.9378,"fPush":0.8713,"fSelf":0.4923,"best":0.8372,"min":0.4681}
gen 300  top.fit=0.8084 (vsDef=0.921 vsPB=0.938 vsPush=0.871 vsSelf=0.492)  best=0.8372  [6746.192s]
##TT##{"t":"gen","evals":57984,"sec":6767.8,"gen":301,"fit":0.8168,"fDef":0.9119,"fPB":0.9548,"fPush":0.8893,"fSelf":0.5023,"best":0.8372,"min":0.479}
##TT##{"t":"gen","evals":58176,"sec":6790,"gen":302,"fit":0.8031,"fDef":0.9088,"fPB":0.9379,"fPush":0.8787,"fSelf":0.4803,"best":0.8372,"min":0.4543}
##TT##{"t":"gen","evals":58368,"sec":6812,"gen":303,"fit":0.8143,"fDef":0.9105,"fPB":0.9565,"fPush":0.88,"fSelf":0.4968,"best":0.8372,"min":0.5096}
##TT##{"t":"gen","evals":58560,"sec":6832.8,"gen":304,"fit":0.8109,"fDef":0.9281,"fPB":0.9497,"fPush":0.8777,"fSelf":0.4762,"best":0.8372,"min":0.4893}
##TT##{"t":"gen","evals":58752,"sec":6854.9,"gen":305,"fit":0.8139,"fDef":0.9249,"fPB":0.9516,"fPush":0.86,"fSelf":0.4982,"best":0.8372,"min":0.5977}
##TT##{"t":"gen","evals":58944,"sec":6876.7,"gen":306,"fit":0.8123,"fDef":0.9185,"fPB":0.9548,"fPush":0.8758,"fSelf":0.4855,"best":0.8372,"min":0.6581}
##TT##{"t":"gen","evals":59136,"sec":6898.4,"gen":307,"fit":0.809,"fDef":0.9026,"fPB":0.9565,"fPush":0.8804,"fSelf":0.4842,"best":0.8372,"min":0.407}
##TT##{"t":"gen","evals":59328,"sec":6920.6,"gen":308,"fit":0.8074,"fDef":0.9117,"fPB":0.9583,"fPush":0.8742,"fSelf":0.47,"best":0.8372,"min":0.4657}
##TT##{"t":"gen","evals":59520,"sec":6941.5,"gen":309,"fit":0.8033,"fDef":0.9139,"fPB":0.9583,"fPush":0.8632,"fSelf":0.4576,"best":0.8372,"min":0.4129}
##TT##{"t":"gen","evals":59712,"sec":6963,"gen":310,"fit":0.8099,"fDef":0.9183,"fPB":0.9671,"fPush":0.8503,"fSelf":0.474,"best":0.8372,"min":0.4744}
gen 310  top.fit=0.8099 (vsDef=0.918 vsPB=0.967 vsPush=0.850 vsSelf=0.474)  best=0.8372  [6963.008s]
##TT##{"t":"gen","evals":59904,"sec":6984.2,"gen":311,"fit":0.8048,"fDef":0.9233,"fPB":0.9362,"fPush":0.8791,"fSelf":0.4745,"best":0.8372,"min":0.4055}
##TT##{"t":"gen","evals":60096,"sec":7005.5,"gen":312,"fit":0.8052,"fDef":0.9215,"fPB":0.9479,"fPush":0.86,"fSelf":0.4726,"best":0.8372,"min":0.4914}
##TT##{"t":"gen","evals":60288,"sec":7027.8,"gen":313,"fit":0.8072,"fDef":0.9104,"fPB":0.9532,"fPush":0.8685,"fSelf":0.48,"best":0.8372,"min":0.5129}
##TT##{"t":"gen","evals":60480,"sec":7049.2,"gen":314,"fit":0.8058,"fDef":0.9042,"fPB":0.9279,"fPush":0.8315,"fSelf":0.5337,"best":0.8372,"min":0.3783}
##TT##{"t":"gen","evals":60672,"sec":7069.8,"gen":315,"fit":0.8102,"fDef":0.9174,"fPB":0.9565,"fPush":0.8822,"fSelf":0.473,"best":0.8372,"min":0.4823}
##TT##{"t":"gen","evals":60864,"sec":7091.2,"gen":316,"fit":0.8053,"fDef":0.9088,"fPB":0.9566,"fPush":0.862,"fSelf":0.4732,"best":0.8372,"min":0.484}
##TT##{"t":"gen","evals":61056,"sec":7112.3,"gen":317,"fit":0.8034,"fDef":0.9153,"fPB":0.9618,"fPush":0.8602,"fSelf":0.454,"best":0.8372,"min":0.4742}
##TT##{"t":"gen","evals":61248,"sec":7134.3,"gen":318,"fit":0.8151,"fDef":0.9248,"fPB":0.9548,"fPush":0.8921,"fSelf":0.4814,"best":0.8372,"min":0.4954}
##TT##{"t":"gen","evals":61440,"sec":7155.4,"gen":319,"fit":0.8054,"fDef":0.9231,"fPB":0.9379,"fPush":0.8686,"fSelf":0.4805,"best":0.8372,"min":0.4517}
##TT##{"t":"gen","evals":61632,"sec":7177.4,"gen":320,"fit":0.8154,"fDef":0.9215,"fPB":0.9618,"fPush":0.8658,"fSelf":0.4906,"best":0.8372,"min":0.4958}
gen 320  top.fit=0.8154 (vsDef=0.922 vsPB=0.962 vsPush=0.866 vsSelf=0.491)  best=0.8372  [7177.403s]
##TT##{"t":"gen","evals":61824,"sec":7198.5,"gen":321,"fit":0.8152,"fDef":0.9167,"fPB":0.9548,"fPush":0.8699,"fSelf":0.5015,"best":0.8372,"min":0.4387}
##TT##{"t":"gen","evals":62016,"sec":7221.4,"gen":322,"fit":0.8057,"fDef":0.9136,"fPB":0.9514,"fPush":0.8715,"fSelf":0.4719,"best":0.8372,"min":0.4624}
##TT##{"t":"gen","evals":62208,"sec":7242.6,"gen":323,"fit":0.8034,"fDef":0.9183,"fPB":0.9514,"fPush":0.8544,"fSelf":0.4677,"best":0.8372,"min":0.4481}
##TT##{"t":"gen","evals":62400,"sec":7263.2,"gen":324,"fit":0.8036,"fDef":0.909,"fPB":0.9583,"fPush":0.863,"fSelf":0.464,"best":0.8372,"min":0.5887}
##TT##{"t":"gen","evals":62592,"sec":7284.4,"gen":325,"fit":0.8111,"fDef":0.9088,"fPB":0.9514,"fPush":0.8685,"fSelf":0.4989,"best":0.8372,"min":0.5738}
##TT##{"t":"gen","evals":62784,"sec":7306,"gen":326,"fit":0.8118,"fDef":0.9135,"fPB":0.9653,"fPush":0.8721,"fSelf":0.477,"best":0.8372,"min":0.6367}
##TT##{"t":"gen","evals":62976,"sec":7327.5,"gen":327,"fit":0.8119,"fDef":0.9172,"fPB":0.9532,"fPush":0.8727,"fSelf":0.489,"best":0.8372,"min":0.5508}
##TT##{"t":"gen","evals":63168,"sec":7348.6,"gen":328,"fit":0.8147,"fDef":0.8935,"fPB":0.9708,"fPush":0.8859,"fSelf":0.4935,"best":0.8372,"min":0.5617}
##TT##{"t":"gen","evals":63360,"sec":7369.3,"gen":329,"fit":0.8152,"fDef":0.9314,"fPB":0.9548,"fPush":0.8714,"fSelf":0.4863,"best":0.8372,"min":0.6658}
##TT##{"t":"gen","evals":63552,"sec":7390.7,"gen":330,"fit":0.8114,"fDef":0.9199,"fPB":0.9479,"fPush":0.883,"fSelf":0.486,"best":0.8372,"min":0.539}
gen 330  top.fit=0.8114 (vsDef=0.920 vsPB=0.948 vsPush=0.883 vsSelf=0.486)  best=0.8372  [7390.713s]
##TT##{"t":"gen","evals":63744,"sec":7411.6,"gen":331,"fit":0.8135,"fDef":0.9199,"fPB":0.967,"fPush":0.8889,"fSelf":0.4658,"best":0.8372,"min":0.4958}
##TT##{"t":"gen","evals":63936,"sec":7432.1,"gen":332,"fit":0.8117,"fDef":0.9073,"fPB":0.969,"fPush":0.8757,"fSelf":0.4762,"best":0.8372,"min":0.489}
##TT##{"t":"gen","evals":64128,"sec":7452.8,"gen":333,"fit":0.8076,"fDef":0.9057,"fPB":0.948,"fPush":0.8688,"fSelf":0.4931,"best":0.8372,"min":0.4006}
##TT##{"t":"gen","evals":64320,"sec":7473.9,"gen":334,"fit":0.8099,"fDef":0.928,"fPB":0.9462,"fPush":0.8685,"fSelf":0.482,"best":0.8372,"min":0.5018}
##TT##{"t":"gen","evals":64512,"sec":7495.5,"gen":335,"fit":0.8182,"fDef":0.9121,"fPB":0.9688,"fPush":0.8727,"fSelf":0.498,"best":0.8372,"min":0.6019}
##TT##{"t":"gen","evals":64704,"sec":7517,"gen":336,"fit":0.8153,"fDef":0.9264,"fPB":0.9514,"fPush":0.8631,"fSelf":0.5005,"best":0.8372,"min":0.4704}
##TT##{"t":"gen","evals":64896,"sec":7538,"gen":337,"fit":0.8097,"fDef":0.9395,"fPB":0.9724,"fPush":0.854,"fSelf":0.4435,"best":0.8372,"min":0.5176}
##TT##{"t":"gen","evals":65088,"sec":7559.2,"gen":338,"fit":0.8022,"fDef":0.9104,"fPB":0.9463,"fPush":0.8685,"fSelf":0.4698,"best":0.8372,"min":0.3989}
##TT##{"t":"gen","evals":65280,"sec":7580.8,"gen":339,"fit":0.8106,"fDef":0.9263,"fPB":0.9635,"fPush":0.867,"fSelf":0.4644,"best":0.8372,"min":0.5578}
##TT##{"t":"gen","evals":65472,"sec":7601.3,"gen":340,"fit":0.8194,"fDef":0.9332,"fPB":0.9445,"fPush":0.8643,"fSelf":0.5179,"best":0.8372,"min":0.4764}
gen 340  top.fit=0.8194 (vsDef=0.933 vsPB=0.945 vsPush=0.864 vsSelf=0.518)  best=0.8372  [7601.348s]
##TT##{"t":"gen","evals":65664,"sec":7622.9,"gen":341,"fit":0.8104,"fDef":0.895,"fPB":0.967,"fPush":0.891,"fSelf":0.4775,"best":0.8372,"min":0.5005}
##TT##{"t":"gen","evals":65856,"sec":7644.7,"gen":342,"fit":0.8157,"fDef":0.9183,"fPB":0.9583,"fPush":0.8817,"fSelf":0.491,"best":0.8372,"min":0.4922}
##TT##{"t":"gen","evals":66048,"sec":7665.8,"gen":343,"fit":0.8094,"fDef":0.9281,"fPB":0.943,"fPush":0.8774,"fSelf":0.4795,"best":0.8372,"min":0.4243}
##TT##{"t":"gen","evals":66240,"sec":7686.7,"gen":344,"fit":0.8092,"fDef":0.9057,"fPB":0.9531,"fPush":0.8816,"fSelf":0.4854,"best":0.8372,"min":0.4296}
##TT##{"t":"gen","evals":66432,"sec":7708.1,"gen":345,"fit":0.799,"fDef":0.8936,"fPB":0.943,"fPush":0.853,"fSelf":0.4871,"best":0.8372,"min":0.5184}
##TT##{"t":"gen","evals":66624,"sec":7729.5,"gen":346,"fit":0.8092,"fDef":0.9199,"fPB":0.943,"fPush":0.8889,"fSelf":0.4805,"best":0.8372,"min":0.4985}
##TT##{"t":"gen","evals":66816,"sec":7751.1,"gen":347,"fit":0.7965,"fDef":0.9058,"fPB":0.9329,"fPush":0.883,"fSelf":0.4623,"best":0.8372,"min":0.4607}
##TT##{"t":"gen","evals":67008,"sec":7772.7,"gen":348,"fit":0.8037,"fDef":0.8919,"fPB":0.9467,"fPush":0.8628,"fSelf":0.4966,"best":0.8372,"min":0.4973}
##TT##{"t":"gen","evals":67200,"sec":7793.8,"gen":349,"fit":0.8015,"fDef":0.895,"fPB":0.943,"fPush":0.8817,"fSelf":0.48,"best":0.8372,"min":0.5107}
##TT##{"t":"gen","evals":67392,"sec":7815,"gen":350,"fit":0.8036,"fDef":0.9127,"fPB":0.9532,"fPush":0.8599,"fSelf":0.4685,"best":0.8372,"min":0.4058}
gen 350  top.fit=0.8036 (vsDef=0.913 vsPB=0.953 vsPush=0.860 vsSelf=0.468)  best=0.8372  [7814.964s]
##TT##{"t":"gen","evals":67584,"sec":7835.7,"gen":351,"fit":0.8026,"fDef":0.8951,"fPB":0.9395,"fPush":0.8547,"fSelf":0.5029,"best":0.8372,"min":0.5358}
##TT##{"t":"gen","evals":67776,"sec":7857.4,"gen":352,"fit":0.8061,"fDef":0.9042,"fPB":0.9566,"fPush":0.883,"fSelf":0.4699,"best":0.8372,"min":0.4604}
##TT##{"t":"gen","evals":67968,"sec":7879.1,"gen":353,"fit":0.818,"fDef":0.9347,"fPB":0.9601,"fPush":0.8699,"fSelf":0.4877,"best":0.8372,"min":0.5575}
##TT##{"t":"gen","evals":68160,"sec":7900.6,"gen":354,"fit":0.8094,"fDef":0.9172,"fPB":0.948,"fPush":0.8614,"fSelf":0.4922,"best":0.8372,"min":0.4376}
##TT##{"t":"gen","evals":68352,"sec":7922.2,"gen":355,"fit":0.8249,"fDef":0.9199,"fPB":0.9653,"fPush":0.8657,"fSelf":0.5244,"best":0.8372,"min":0.5469}
##TT##{"t":"gen","evals":68544,"sec":7943.5,"gen":356,"fit":0.8065,"fDef":0.9121,"fPB":0.9497,"fPush":0.8772,"fSelf":0.4755,"best":0.8372,"min":0.4902}
##TT##{"t":"gen","evals":68736,"sec":7964.7,"gen":357,"fit":0.8169,"fDef":0.9073,"fPB":0.9671,"fPush":0.8614,"fSelf":0.5062,"best":0.8372,"min":0.5539}
##TT##{"t":"gen","evals":68928,"sec":7986.2,"gen":358,"fit":0.8075,"fDef":0.9199,"fPB":0.9566,"fPush":0.8456,"fSelf":0.4797,"best":0.8372,"min":0.5015}
##TT##{"t":"gen","evals":69120,"sec":8007.8,"gen":359,"fit":0.8022,"fDef":0.8921,"fPB":0.9565,"fPush":0.867,"fSelf":0.4755,"best":0.8372,"min":0.4878}
##TT##{"t":"gen","evals":69312,"sec":8030,"gen":360,"fit":0.813,"fDef":0.9104,"fPB":0.9329,"fPush":0.8742,"fSelf":0.526,"best":0.8372,"min":0.503}
gen 360  top.fit=0.8130 (vsDef=0.910 vsPB=0.933 vsPush=0.874 vsSelf=0.526)  best=0.8372  [8030.004s]
##TT##{"t":"gen","evals":69504,"sec":8050.9,"gen":361,"fit":0.8109,"fDef":0.9121,"fPB":0.9618,"fPush":0.8801,"fSelf":0.4749,"best":0.8372,"min":0.4524}
##TT##{"t":"gen","evals":69696,"sec":8072.4,"gen":362,"fit":0.8143,"fDef":0.9296,"fPB":0.9429,"fPush":0.8832,"fSelf":0.4937,"best":0.8372,"min":0.4651}
##TT##{"t":"gen","evals":69888,"sec":8094.1,"gen":363,"fit":0.8092,"fDef":0.9313,"fPB":0.948,"fPush":0.8815,"fSelf":0.4667,"best":0.8372,"min":0.4524}
##TT##{"t":"gen","evals":70080,"sec":8115.5,"gen":364,"fit":0.8174,"fDef":0.9219,"fPB":0.9549,"fPush":0.8965,"fSelf":0.4906,"best":0.8372,"min":0.4415}
##TT##{"t":"gen","evals":70272,"sec":8136.3,"gen":365,"fit":0.8123,"fDef":0.9013,"fPB":0.967,"fPush":0.889,"fSelf":0.4797,"best":0.8372,"min":0.5474}
##TT##{"t":"gen","evals":70464,"sec":8157.4,"gen":366,"fit":0.8127,"fDef":0.9215,"fPB":0.9706,"fPush":0.8819,"fSelf":0.4602,"best":0.8372,"min":0.4463}
##TT##{"t":"gen","evals":70656,"sec":8179,"gen":367,"fit":0.8198,"fDef":0.9107,"fPB":0.9565,"fPush":0.8819,"fSelf":0.5166,"best":0.8372,"min":0.4297}
##TT##{"t":"gen","evals":70848,"sec":8201.3,"gen":368,"fit":0.8092,"fDef":0.9072,"fPB":0.9548,"fPush":0.8559,"fSelf":0.4955,"best":0.8372,"min":0.4758}
##TT##{"t":"gen","evals":71040,"sec":8222.9,"gen":369,"fit":0.7954,"fDef":0.9043,"fPB":0.9548,"fPush":0.8438,"fSelf":0.4519,"best":0.8372,"min":0.4413}
##TT##{"t":"gen","evals":71232,"sec":8244.4,"gen":370,"fit":0.8113,"fDef":0.9011,"fPB":0.9583,"fPush":0.8771,"fSelf":0.4939,"best":0.8372,"min":0.3226}
gen 370  top.fit=0.8113 (vsDef=0.901 vsPB=0.958 vsPush=0.877 vsSelf=0.494)  best=0.8372  [8244.378s]
##TT##{"t":"gen","evals":71424,"sec":8264.9,"gen":371,"fit":0.8168,"fDef":0.9167,"fPB":0.9483,"fPush":0.8786,"fSelf":0.5117,"best":0.8372,"min":0.4682}
##TT##{"t":"gen","evals":71616,"sec":8285.6,"gen":372,"fit":0.8115,"fDef":0.9152,"fPB":0.9531,"fPush":0.8757,"fSelf":0.4881,"best":0.8372,"min":0.4789}
##TT##{"t":"gen","evals":71808,"sec":8307.4,"gen":373,"fit":0.8094,"fDef":0.9119,"fPB":0.9395,"fPush":0.8831,"fSelf":0.497,"best":0.8372,"min":0.4898}
##TT##{"t":"gen","evals":72000,"sec":8329,"gen":374,"fit":0.8162,"fDef":0.9265,"fPB":0.96,"fPush":0.8673,"fSelf":0.4904,"best":0.8372,"min":0.4464}
##TT##{"t":"gen","evals":72192,"sec":8350.2,"gen":375,"fit":0.8118,"fDef":0.9171,"fPB":0.9566,"fPush":0.8713,"fSelf":0.485,"best":0.8372,"min":0.5269}
##TT##{"t":"gen","evals":72384,"sec":8371.8,"gen":376,"fit":0.8011,"fDef":0.9059,"fPB":0.9296,"fPush":0.8642,"fSelf":0.4944,"best":0.8372,"min":0.4419}
##TT##{"t":"gen","evals":72576,"sec":8393.1,"gen":377,"fit":0.816,"fDef":0.9043,"fPB":0.9671,"fPush":0.863,"fSelf":0.5049,"best":0.8372,"min":0.6117}
##TT##{"t":"gen","evals":72768,"sec":8414.8,"gen":378,"fit":0.8047,"fDef":0.9247,"fPB":0.9332,"fPush":0.873,"fSelf":0.48,"best":0.8372,"min":0.4325}
##TT##{"t":"gen","evals":72960,"sec":8436.4,"gen":379,"fit":0.8154,"fDef":0.9249,"fPB":0.9635,"fPush":0.8757,"fSelf":0.4796,"best":0.8372,"min":0.3984}
##TT##{"t":"gen","evals":73152,"sec":8457.8,"gen":380,"fit":0.8179,"fDef":0.933,"fPB":0.9583,"fPush":0.8437,"fSelf":0.5051,"best":0.8372,"min":0.4572}
gen 380  top.fit=0.8179 (vsDef=0.933 vsPB=0.958 vsPush=0.844 vsSelf=0.505)  best=0.8372  [8457.843s]
##TT##{"t":"gen","evals":73344,"sec":8479.1,"gen":381,"fit":0.8111,"fDef":0.9184,"fPB":0.9531,"fPush":0.8758,"fSelf":0.4832,"best":0.8372,"min":0.4705}
##TT##{"t":"gen","evals":73536,"sec":8500.2,"gen":382,"fit":0.8066,"fDef":0.9012,"fPB":0.9548,"fPush":0.8662,"fSelf":0.486,"best":0.8372,"min":0.4273}
##TT##{"t":"gen","evals":73728,"sec":8521,"gen":383,"fit":0.798,"fDef":0.8996,"fPB":0.9413,"fPush":0.8648,"fSelf":0.4729,"best":0.8372,"min":0.4756}
##TT##{"t":"gen","evals":73920,"sec":8542.5,"gen":384,"fit":0.8042,"fDef":0.8935,"fPB":0.9447,"fPush":0.8354,"fSelf":0.5144,"best":0.8372,"min":0.4785}
##TT##{"t":"gen","evals":74112,"sec":8563.1,"gen":385,"fit":0.8143,"fDef":0.9315,"fPB":0.9362,"fPush":0.8921,"fSelf":0.4956,"best":0.8372,"min":0.4488}
##TT##{"t":"gen","evals":74304,"sec":8585,"gen":386,"fit":0.8135,"fDef":0.9212,"fPB":0.9533,"fPush":0.8476,"fSelf":0.5046,"best":0.8372,"min":0.5354}
##TT##{"t":"gen","evals":74496,"sec":8606.3,"gen":387,"fit":0.8116,"fDef":0.8996,"fPB":0.9602,"fPush":0.8759,"fSelf":0.4945,"best":0.8372,"min":0.4951}
##TT##{"t":"gen","evals":74688,"sec":8627.5,"gen":388,"fit":0.804,"fDef":0.8889,"fPB":0.943,"fPush":0.8622,"fSelf":0.5061,"best":0.8372,"min":0.5072}
##TT##{"t":"gen","evals":74880,"sec":8649.1,"gen":389,"fit":0.8046,"fDef":0.8949,"fPB":0.9515,"fPush":0.8642,"fSelf":0.4899,"best":0.8372,"min":0.4911}
##TT##{"t":"gen","evals":75072,"sec":8670.4,"gen":390,"fit":0.8029,"fDef":0.9153,"fPB":0.9432,"fPush":0.8659,"fSelf":0.473,"best":0.8372,"min":0.4838}
gen 390  top.fit=0.8029 (vsDef=0.915 vsPB=0.943 vsPush=0.866 vsSelf=0.473)  best=0.8372  [8670.384s]
##TT##{"t":"gen","evals":75264,"sec":8690.9,"gen":391,"fit":0.8075,"fDef":0.9234,"fPB":0.9395,"fPush":0.8787,"fSelf":0.4807,"best":0.8372,"min":0.5576}
##TT##{"t":"gen","evals":75456,"sec":8713.1,"gen":392,"fit":0.8072,"fDef":0.8951,"fPB":0.9479,"fPush":0.8714,"fSelf":0.5007,"best":0.8372,"min":0.4768}
##TT##{"t":"gen","evals":75648,"sec":8734.6,"gen":393,"fit":0.8068,"fDef":0.9187,"fPB":0.9346,"fPush":0.8642,"fSelf":0.4967,"best":0.8372,"min":0.4334}
##TT##{"t":"gen","evals":75840,"sec":8756.4,"gen":394,"fit":0.8066,"fDef":0.9231,"fPB":0.9462,"fPush":0.8617,"fSelf":0.4777,"best":0.8372,"min":0.5705}
##TT##{"t":"gen","evals":76032,"sec":8777.4,"gen":395,"fit":0.8073,"fDef":0.9247,"fPB":0.9565,"fPush":0.8476,"fSelf":0.4732,"best":0.8372,"min":0.6179}
##TT##{"t":"gen","evals":76224,"sec":8798.9,"gen":396,"fit":0.8159,"fDef":0.9279,"fPB":0.9445,"fPush":0.8616,"fSelf":0.5112,"best":0.8372,"min":0.5842}
##TT##{"t":"gen","evals":76416,"sec":8821,"gen":397,"fit":0.8079,"fDef":0.9072,"fPB":0.9498,"fPush":0.8572,"fSelf":0.4967,"best":0.8372,"min":0.5315}
##TT##{"t":"gen","evals":76608,"sec":8842.2,"gen":398,"fit":0.8067,"fDef":0.9231,"fPB":0.9379,"fPush":0.8435,"fSelf":0.4989,"best":0.8372,"min":0.5737}
##TT##{"t":"gen","evals":76800,"sec":8863.4,"gen":399,"fit":0.813,"fDef":0.9135,"fPB":0.9515,"fPush":0.8815,"fSelf":0.4945,"best":0.8372,"min":0.3975}
##TT##{"t":"gen","evals":76992,"sec":8884.7,"gen":400,"fit":0.8076,"fDef":0.9137,"fPB":0.928,"fPush":0.8686,"fSelf":0.5115,"best":0.8372,"min":0.5427}
gen 400  top.fit=0.8076 (vsDef=0.914 vsPB=0.928 vsPush=0.869 vsSelf=0.511)  best=0.8372  [8884.734s]
##TT##{"t":"gen","evals":77184,"sec":8906.5,"gen":401,"fit":0.8067,"fDef":0.928,"fPB":0.9395,"fPush":0.8516,"fSelf":0.4877,"best":0.8372,"min":0.4753}
##TT##{"t":"gen","evals":77376,"sec":8928.1,"gen":402,"fit":0.8191,"fDef":0.9185,"fPB":0.9635,"fPush":0.8699,"fSelf":0.5037,"best":0.8372,"min":0.613}
##TT##{"t":"gen","evals":77568,"sec":8950.1,"gen":403,"fit":0.8029,"fDef":0.8995,"fPB":0.9496,"fPush":0.8454,"fSelf":0.4915,"best":0.8372,"min":0.3925}
##TT##{"t":"gen","evals":77760,"sec":8971.8,"gen":404,"fit":0.7994,"fDef":0.9026,"fPB":0.9345,"fPush":0.8498,"fSelf":0.4924,"best":0.8372,"min":0.4428}
##TT##{"t":"gen","evals":77952,"sec":8993.5,"gen":405,"fit":0.8115,"fDef":0.9199,"fPB":0.9548,"fPush":0.8749,"fSelf":0.4816,"best":0.8372,"min":0.4414}
##TT##{"t":"gen","evals":78144,"sec":9015.4,"gen":406,"fit":0.8037,"fDef":0.8859,"fPB":0.9496,"fPush":0.8771,"fSelf":0.4912,"best":0.8372,"min":0.5812}
##TT##{"t":"gen","evals":78336,"sec":9037,"gen":407,"fit":0.8127,"fDef":0.9104,"fPB":0.9497,"fPush":0.8607,"fSelf":0.51,"best":0.8372,"min":0.4761}
##TT##{"t":"gen","evals":78528,"sec":9058.3,"gen":408,"fit":0.8174,"fDef":0.9264,"fPB":0.9601,"fPush":0.8516,"fSelf":0.5036,"best":0.8372,"min":0.4738}
##TT##{"t":"gen","evals":78720,"sec":9080.1,"gen":409,"fit":0.8021,"fDef":0.9091,"fPB":0.9549,"fPush":0.8421,"fSelf":0.4738,"best":0.8372,"min":0.4697}
##TT##{"t":"gen","evals":78912,"sec":9101.5,"gen":410,"fit":0.8055,"fDef":0.9091,"fPB":0.9549,"fPush":0.8575,"fSelf":0.4785,"best":0.8372,"min":0.4645}
gen 410  top.fit=0.8055 (vsDef=0.909 vsPB=0.955 vsPush=0.857 vsSelf=0.478)  best=0.8372  [9101.535s]
##TT##{"t":"gen","evals":79104,"sec":9123.1,"gen":411,"fit":0.8025,"fDef":0.8997,"fPB":0.9583,"fPush":0.867,"fSelf":0.4669,"best":0.8372,"min":0.3777}
##TT##{"t":"gen","evals":79296,"sec":9145,"gen":412,"fit":0.8133,"fDef":0.9167,"fPB":0.96,"fPush":0.8478,"fSelf":0.4996,"best":0.8372,"min":0.5119}
##TT##{"t":"gen","evals":79488,"sec":9166.2,"gen":413,"fit":0.8132,"fDef":0.9167,"fPB":0.9514,"fPush":0.8785,"fSelf":0.494,"best":0.8372,"min":0.433}
##TT##{"t":"gen","evals":79680,"sec":9187.8,"gen":414,"fit":0.8035,"fDef":0.9027,"fPB":0.9548,"fPush":0.8462,"fSelf":0.4836,"best":0.8372,"min":0.4665}
##TT##{"t":"gen","evals":79872,"sec":9209.1,"gen":415,"fit":0.8061,"fDef":0.9041,"fPB":0.9479,"fPush":0.8517,"fSelf":0.4981,"best":0.8372,"min":0.4838}
##TT##{"t":"gen","evals":80064,"sec":9231,"gen":416,"fit":0.8081,"fDef":0.8966,"fPB":0.9618,"fPush":0.8727,"fSelf":0.4837,"best":0.8372,"min":0.5968}
##TT##{"t":"gen","evals":80256,"sec":9253.4,"gen":417,"fit":0.8097,"fDef":0.9264,"fPB":0.9379,"fPush":0.8616,"fSelf":0.4975,"best":0.8372,"min":0.4458}
##TT##{"t":"gen","evals":80448,"sec":9274.8,"gen":418,"fit":0.8037,"fDef":0.9167,"fPB":0.9549,"fPush":0.8614,"fSelf":0.4621,"best":0.8372,"min":0.4979}
##TT##{"t":"gen","evals":80640,"sec":9296.2,"gen":419,"fit":0.8136,"fDef":0.9247,"fPB":0.9638,"fPush":0.8642,"fSelf":0.4786,"best":0.8372,"min":0.5852}
##TT##{"t":"gen","evals":80832,"sec":9318.5,"gen":420,"fit":0.8066,"fDef":0.8861,"fPB":0.9688,"fPush":0.869,"fSelf":0.4814,"best":0.8372,"min":0.4987}
gen 420  top.fit=0.8066 (vsDef=0.886 vsPB=0.969 vsPush=0.869 vsSelf=0.481)  best=0.8372  [9318.471s]
##TT##{"t":"gen","evals":81024,"sec":9340.2,"gen":421,"fit":0.808,"fDef":0.9135,"fPB":0.948,"fPush":0.8716,"fSelf":0.4853,"best":0.8372,"min":0.4576}
##TT##{"t":"gen","evals":81216,"sec":9362.3,"gen":422,"fit":0.8107,"fDef":0.912,"fPB":0.9496,"fPush":0.8891,"fSelf":0.4853,"best":0.8372,"min":0.4851}
##TT##{"t":"gen","evals":81408,"sec":9384.7,"gen":423,"fit":0.8031,"fDef":0.892,"fPB":0.9514,"fPush":0.8756,"fSelf":0.481,"best":0.8372,"min":0.4245}
##TT##{"t":"gen","evals":81600,"sec":9407,"gen":424,"fit":0.8109,"fDef":0.9028,"fPB":0.9671,"fPush":0.8465,"fSelf":0.4956,"best":0.8372,"min":0.4476}
##TT##{"t":"gen","evals":81792,"sec":9428.3,"gen":425,"fit":0.8112,"fDef":0.9076,"fPB":0.9583,"fPush":0.8756,"fSelf":0.4879,"best":0.8372,"min":0.5696}
##TT##{"t":"gen","evals":81984,"sec":9449.6,"gen":426,"fit":0.8061,"fDef":0.9233,"fPB":0.9463,"fPush":0.8844,"fSelf":0.4634,"best":0.8372,"min":0.5564}
##TT##{"t":"gen","evals":82176,"sec":9470.6,"gen":427,"fit":0.8073,"fDef":0.9104,"fPB":0.9566,"fPush":0.8601,"fSelf":0.4806,"best":0.8372,"min":0.4866}
##TT##{"t":"gen","evals":82368,"sec":9491.5,"gen":428,"fit":0.8056,"fDef":0.909,"fPB":0.9446,"fPush":0.8687,"fSelf":0.4865,"best":0.8372,"min":0.5693}
##TT##{"t":"gen","evals":82560,"sec":9512.6,"gen":429,"fit":0.8083,"fDef":0.9121,"fPB":0.9369,"fPush":0.8684,"fSelf":0.5041,"best":0.8372,"min":0.641}
##TT##{"t":"gen","evals":82752,"sec":9533.9,"gen":430,"fit":0.8075,"fDef":0.8981,"fPB":0.9498,"fPush":0.8802,"fSelf":0.4917,"best":0.8372,"min":0.5362}
gen 430  top.fit=0.8075 (vsDef=0.898 vsPB=0.950 vsPush=0.880 vsSelf=0.492)  best=0.8372  [9533.852s]
##TT##{"t":"gen","evals":82944,"sec":9554.5,"gen":431,"fit":0.8067,"fDef":0.9122,"fPB":0.9395,"fPush":0.8934,"fSelf":0.4809,"best":0.8372,"min":0.485}
##TT##{"t":"gen","evals":83136,"sec":9575.5,"gen":432,"fit":0.8112,"fDef":0.8999,"fPB":0.9479,"fPush":0.8728,"fSelf":0.5105,"best":0.8372,"min":0.5057}
##TT##{"t":"gen","evals":83328,"sec":9596.8,"gen":433,"fit":0.8075,"fDef":0.9199,"fPB":0.9447,"fPush":0.8476,"fSelf":0.4941,"best":0.8372,"min":0.4916}
##TT##{"t":"gen","evals":83520,"sec":9618.2,"gen":434,"fit":0.801,"fDef":0.9109,"fPB":0.9347,"fPush":0.8615,"fSelf":0.4839,"best":0.8372,"min":0.4439}
##TT##{"t":"gen","evals":83712,"sec":9639.6,"gen":435,"fit":0.8092,"fDef":0.8908,"fPB":0.96,"fPush":0.8674,"fSelf":0.4991,"best":0.8372,"min":0.5896}
##TT##{"t":"gen","evals":83904,"sec":9661.1,"gen":436,"fit":0.8041,"fDef":0.9105,"fPB":0.9362,"fPush":0.8413,"fSelf":0.5048,"best":0.8372,"min":0.4645}
##TT##{"t":"gen","evals":84096,"sec":9682.5,"gen":437,"fit":0.8049,"fDef":0.9057,"fPB":0.9483,"fPush":0.8522,"fSelf":0.4911,"best":0.8372,"min":0.5295}
##TT##{"t":"gen","evals":84288,"sec":9703.8,"gen":438,"fit":0.812,"fDef":0.9015,"fPB":0.9618,"fPush":0.8645,"fSelf":0.4984,"best":0.8372,"min":0.4342}
##TT##{"t":"gen","evals":84480,"sec":9725.1,"gen":439,"fit":0.8104,"fDef":0.9026,"fPB":0.9724,"fPush":0.8727,"fSelf":0.473,"best":0.8372,"min":0.4803}
##TT##{"t":"gen","evals":84672,"sec":9746.5,"gen":440,"fit":0.811,"fDef":0.9088,"fPB":0.9499,"fPush":0.8727,"fSelf":0.4982,"best":0.8372,"min":0.4613}
gen 440  top.fit=0.8110 (vsDef=0.909 vsPB=0.950 vsPush=0.873 vsSelf=0.498)  best=0.8372  [9746.479s]
##TT##{"t":"gen","evals":84864,"sec":9767.8,"gen":441,"fit":0.8137,"fDef":0.9199,"fPB":0.9429,"fPush":0.867,"fSelf":0.51,"best":0.8372,"min":0.5703}
##TT##{"t":"gen","evals":85056,"sec":9788.9,"gen":442,"fit":0.8095,"fDef":0.9057,"fPB":0.9462,"fPush":0.8801,"fSelf":0.4966,"best":0.8372,"min":0.415}
##TT##{"t":"gen","evals":85248,"sec":9809.4,"gen":443,"fit":0.8079,"fDef":0.9012,"fPB":0.9446,"fPush":0.8685,"fSelf":0.5032,"best":0.8372,"min":0.5256}
##TT##{"t":"gen","evals":85440,"sec":9830.8,"gen":444,"fit":0.8047,"fDef":0.9167,"fPB":0.9446,"fPush":0.8632,"fSelf":0.4782,"best":0.8372,"min":0.4766}
##TT##{"t":"gen","evals":85632,"sec":9851.8,"gen":445,"fit":0.8048,"fDef":0.8969,"fPB":0.9429,"fPush":0.8728,"fSelf":0.4956,"best":0.8372,"min":0.3918}
##TT##{"t":"gen","evals":85824,"sec":9872.5,"gen":446,"fit":0.7988,"fDef":0.9185,"fPB":0.9362,"fPush":0.87,"fSelf":0.4611,"best":0.8372,"min":0.5168}
##TT##{"t":"gen","evals":86016,"sec":9893.9,"gen":447,"fit":0.8109,"fDef":0.9137,"fPB":0.9602,"fPush":0.8632,"fSelf":0.4847,"best":0.8372,"min":0.4745}
##TT##{"t":"gen","evals":86208,"sec":9914.4,"gen":448,"fit":0.8049,"fDef":0.9058,"fPB":0.9619,"fPush":0.8729,"fSelf":0.4622,"best":0.8372,"min":0.5976}
##TT##{"t":"gen","evals":86400,"sec":9936.2,"gen":449,"fit":0.8096,"fDef":0.9129,"fPB":0.9548,"fPush":0.8844,"fSelf":0.4761,"best":0.8372,"min":0.4441}
##TT##{"t":"gen","evals":86592,"sec":9957,"gen":450,"fit":0.805,"fDef":0.9088,"fPB":0.9565,"fPush":0.8699,"fSelf":0.468,"best":0.8372,"min":0.4985}
gen 450  top.fit=0.8050 (vsDef=0.909 vsPB=0.957 vsPush=0.870 vsSelf=0.468)  best=0.8372  [9957.037s]
##TT##{"t":"gen","evals":86784,"sec":9978.2,"gen":451,"fit":0.7983,"fDef":0.9104,"fPB":0.9264,"fPush":0.8772,"fSelf":0.4763,"best":0.8372,"min":0.4957}
##TT##{"t":"gen","evals":86976,"sec":9999.5,"gen":452,"fit":0.8144,"fDef":0.9119,"fPB":0.9548,"fPush":0.8615,"fSelf":0.5078,"best":0.8372,"min":0.3838}
##TT##{"t":"gen","evals":87168,"sec":10020.7,"gen":453,"fit":0.8014,"fDef":0.883,"fPB":0.9362,"fPush":0.8502,"fSelf":0.5175,"best":0.8372,"min":0.6282}
##TT##{"t":"gen","evals":87360,"sec":10042,"gen":454,"fit":0.8109,"fDef":0.9088,"fPB":0.9531,"fPush":0.8393,"fSelf":0.5119,"best":0.8372,"min":0.5019}
##TT##{"t":"gen","evals":87552,"sec":10063.3,"gen":455,"fit":0.817,"fDef":0.9088,"fPB":0.9498,"fPush":0.8792,"fSelf":0.518,"best":0.8372,"min":0.4479}
##TT##{"t":"gen","evals":87744,"sec":10084.4,"gen":456,"fit":0.8083,"fDef":0.9011,"fPB":0.967,"fPush":0.8714,"fSelf":0.474,"best":0.8372,"min":0.484}
##TT##{"t":"gen","evals":87936,"sec":10105.3,"gen":457,"fit":0.807,"fDef":0.9282,"fPB":0.9248,"fPush":0.8757,"fSelf":0.495,"best":0.8372,"min":0.519}
##TT##{"t":"gen","evals":88128,"sec":10126.3,"gen":458,"fit":0.8102,"fDef":0.9059,"fPB":0.9497,"fPush":0.8904,"fSelf":0.4892,"best":0.8372,"min":0.5375}
##TT##{"t":"gen","evals":88320,"sec":10148.1,"gen":459,"fit":0.8031,"fDef":0.9088,"fPB":0.9497,"fPush":0.8699,"fSelf":0.4698,"best":0.8372,"min":0.3906}
##TT##{"t":"gen","evals":88512,"sec":10169,"gen":460,"fit":0.8006,"fDef":0.9183,"fPB":0.9135,"fPush":0.8489,"fSelf":0.5091,"best":0.8372,"min":0.4964}
gen 460  top.fit=0.8006 (vsDef=0.918 vsPB=0.914 vsPush=0.849 vsSelf=0.509)  best=0.8372  [10168.968s]
##TT##{"t":"gen","evals":88704,"sec":10190.4,"gen":461,"fit":0.8133,"fDef":0.9167,"fPB":0.9602,"fPush":0.8713,"fSelf":0.4866,"best":0.8372,"min":0.429}
##TT##{"t":"gen","evals":88896,"sec":10211.2,"gen":462,"fit":0.8061,"fDef":0.9121,"fPB":0.9549,"fPush":0.8545,"fSelf":0.4794,"best":0.8372,"min":0.4363}
##TT##{"t":"gen","evals":89088,"sec":10233.2,"gen":463,"fit":0.8038,"fDef":0.9058,"fPB":0.9445,"fPush":0.8816,"fSelf":0.4758,"best":0.8372,"min":0.3984}
##TT##{"t":"gen","evals":89280,"sec":10254.2,"gen":464,"fit":0.8139,"fDef":0.9247,"fPB":0.9413,"fPush":0.8934,"fSelf":0.4938,"best":0.8372,"min":0.4027}
##TT##{"t":"gen","evals":89472,"sec":10275.7,"gen":465,"fit":0.8056,"fDef":0.9167,"fPB":0.948,"fPush":0.8614,"fSelf":0.4783,"best":0.8372,"min":0.4099}
##TT##{"t":"gen","evals":89664,"sec":10297.2,"gen":466,"fit":0.8087,"fDef":0.895,"fPB":0.9412,"fPush":0.8964,"fSelf":0.5018,"best":0.8372,"min":0.5431}
##TT##{"t":"gen","evals":89856,"sec":10318.1,"gen":467,"fit":0.8068,"fDef":0.8937,"fPB":0.9568,"fPush":0.862,"fSelf":0.4938,"best":0.8372,"min":0.6026}
##TT##{"t":"gen","evals":90048,"sec":10339.6,"gen":468,"fit":0.8092,"fDef":0.9057,"fPB":0.9412,"fPush":0.873,"fSelf":0.5056,"best":0.8372,"min":0.4809}
##TT##{"t":"gen","evals":90240,"sec":10361.6,"gen":469,"fit":0.805,"fDef":0.9312,"fPB":0.9502,"fPush":0.8436,"fSelf":0.4682,"best":0.8372,"min":0.4889}
##TT##{"t":"gen","evals":90432,"sec":10382.7,"gen":470,"fit":0.8102,"fDef":0.933,"fPB":0.9462,"fPush":0.8771,"fSelf":0.4733,"best":0.8372,"min":0.58}
gen 470  top.fit=0.8102 (vsDef=0.933 vsPB=0.946 vsPush=0.877 vsSelf=0.473)  best=0.8372  [10382.688s]
##TT##{"t":"gen","evals":90624,"sec":10403.9,"gen":471,"fit":0.8088,"fDef":0.9263,"fPB":0.9463,"fPush":0.8453,"fSelf":0.4918,"best":0.8372,"min":0.4647}
##TT##{"t":"gen","evals":90816,"sec":10425.1,"gen":472,"fit":0.8118,"fDef":0.9135,"fPB":0.948,"fPush":0.8663,"fSelf":0.5025,"best":0.8372,"min":0.5508}
##TT##{"t":"gen","evals":91008,"sec":10446,"gen":473,"fit":0.8154,"fDef":0.9199,"fPB":0.9498,"fPush":0.8819,"fSelf":0.4993,"best":0.8372,"min":0.518}
##TT##{"t":"gen","evals":91200,"sec":10467.4,"gen":474,"fit":0.809,"fDef":0.9151,"fPB":0.9497,"fPush":0.8934,"fSelf":0.4734,"best":0.8372,"min":0.3682}
##TT##{"t":"gen","evals":91392,"sec":10489.7,"gen":475,"fit":0.8094,"fDef":0.8965,"fPB":0.9483,"fPush":0.906,"fSelf":0.4885,"best":0.8372,"min":0.4849}
##TT##{"t":"gen","evals":91584,"sec":10511.7,"gen":476,"fit":0.8212,"fDef":0.9057,"fPB":0.9397,"fPush":0.8671,"fSelf":0.5571,"best":0.8372,"min":0.6043}
##TT##{"t":"gen","evals":91776,"sec":10534.4,"gen":477,"fit":0.8094,"fDef":0.8908,"fPB":0.9531,"fPush":0.8573,"fSelf":0.5144,"best":0.8372,"min":0.4684}
##TT##{"t":"gen","evals":91968,"sec":10556.9,"gen":478,"fit":0.8075,"fDef":0.9042,"fPB":0.9565,"fPush":0.8785,"fSelf":0.4777,"best":0.8372,"min":0.5021}
##TT##{"t":"gen","evals":92160,"sec":10578.6,"gen":479,"fit":0.8179,"fDef":0.9011,"fPB":0.9653,"fPush":0.8572,"fSelf":0.5207,"best":0.8372,"min":0.4706}
##TT##{"t":"gen","evals":92352,"sec":10600,"gen":480,"fit":0.805,"fDef":0.9167,"fPB":0.9514,"fPush":0.8574,"fSelf":0.4737,"best":0.8372,"min":0.4545}
gen 480  top.fit=0.8050 (vsDef=0.917 vsPB=0.951 vsPush=0.857 vsSelf=0.474)  best=0.8372  [10600.011s]
##TT##{"t":"gen","evals":92544,"sec":10621.7,"gen":481,"fit":0.8112,"fDef":0.9185,"fPB":0.9583,"fPush":0.8476,"fSelf":0.4919,"best":0.8372,"min":0.4711}
##TT##{"t":"gen","evals":92736,"sec":10643.3,"gen":482,"fit":0.8103,"fDef":0.8925,"fPB":0.9583,"fPush":0.8771,"fSelf":0.4985,"best":0.8372,"min":0.5584}
##TT##{"t":"gen","evals":92928,"sec":10664.8,"gen":483,"fit":0.8042,"fDef":0.9088,"fPB":0.9395,"fPush":0.829,"fSelf":0.509,"best":0.8372,"min":0.4761}
##TT##{"t":"gen","evals":93120,"sec":10685.9,"gen":484,"fit":0.8144,"fDef":0.9249,"fPB":0.9497,"fPush":0.88,"fSelf":0.4917,"best":0.8372,"min":0.4135}
##TT##{"t":"gen","evals":93312,"sec":10707.5,"gen":485,"fit":0.8201,"fDef":0.8995,"fPB":0.9531,"fPush":0.8756,"fSelf":0.537,"best":0.8372,"min":0.6067}
##TT##{"t":"gen","evals":93504,"sec":10729.5,"gen":486,"fit":0.8062,"fDef":0.9154,"fPB":0.9429,"fPush":0.8435,"fSelf":0.4983,"best":0.8372,"min":0.3511}
##TT##{"t":"gen","evals":93696,"sec":10751.6,"gen":487,"fit":0.8087,"fDef":0.9199,"fPB":0.9378,"fPush":0.8859,"fSelf":0.4871,"best":0.8372,"min":0.5786}
##TT##{"t":"gen","evals":93888,"sec":10773.7,"gen":488,"fit":0.8076,"fDef":0.8899,"fPB":0.9412,"fPush":0.8558,"fSelf":0.5247,"best":0.8372,"min":0.3997}
##TT##{"t":"gen","evals":94080,"sec":10795.4,"gen":489,"fit":0.8153,"fDef":0.9057,"fPB":0.9619,"fPush":0.88,"fSelf":0.4982,"best":0.8372,"min":0.3805}
##TT##{"t":"gen","evals":94272,"sec":10816.6,"gen":490,"fit":0.8038,"fDef":0.8889,"fPB":0.9462,"fPush":0.84,"fSelf":0.5128,"best":0.8372,"min":0.529}
gen 490  top.fit=0.8038 (vsDef=0.889 vsPB=0.946 vsPush=0.840 vsSelf=0.513)  best=0.8372  [10816.643s]
##TT##{"t":"gen","evals":94464,"sec":10837.6,"gen":491,"fit":0.8104,"fDef":0.9012,"fPB":0.9395,"fPush":0.8603,"fSelf":0.524,"best":0.8372,"min":0.6009}
##TT##{"t":"gen","evals":94656,"sec":10859.6,"gen":492,"fit":0.8062,"fDef":0.903,"fPB":0.9483,"fPush":0.86,"fSelf":0.4946,"best":0.8372,"min":0.4757}
##TT##{"t":"gen","evals":94848,"sec":10881.4,"gen":493,"fit":0.809,"fDef":0.9217,"fPB":0.9347,"fPush":0.883,"fSelf":0.4923,"best":0.8372,"min":0.4366}
##TT##{"t":"gen","evals":95040,"sec":10902.8,"gen":494,"fit":0.8162,"fDef":0.9167,"fPB":0.9549,"fPush":0.8533,"fSelf":0.5143,"best":0.8372,"min":0.4508}
##TT##{"t":"gen","evals":95232,"sec":10924.6,"gen":495,"fit":0.8128,"fDef":0.9186,"fPB":0.967,"fPush":0.8623,"fSelf":0.4788,"best":0.8372,"min":0.5078}
##TT##{"t":"gen","evals":95424,"sec":10946.2,"gen":496,"fit":0.8111,"fDef":0.9088,"fPB":0.9462,"fPush":0.873,"fSelf":0.5033,"best":0.8372,"min":0.6698}
##TT##{"t":"gen","evals":95616,"sec":10969,"gen":497,"fit":0.8072,"fDef":0.895,"fPB":0.9618,"fPush":0.8786,"fSelf":0.4791,"best":0.8372,"min":0.6084}
##TT##{"t":"gen","evals":95808,"sec":10991.1,"gen":498,"fit":0.8107,"fDef":0.9168,"fPB":0.96,"fPush":0.8718,"fSelf":0.4763,"best":0.8372,"min":0.3564}
##TT##{"t":"gen","evals":96000,"sec":11013.8,"gen":499,"fit":0.8062,"fDef":0.9135,"fPB":0.9415,"fPush":0.8949,"fSelf":0.4742,"best":0.8372,"min":0.4638}
##TT##{"t":"gen","evals":96192,"sec":11036.6,"gen":500,"fit":0.8118,"fDef":0.9124,"fPB":0.9635,"fPush":0.8729,"fSelf":0.4801,"best":0.8372,"min":0.4426}
gen 500  top.fit=0.8118 (vsDef=0.912 vsPB=0.964 vsPush=0.873 vsSelf=0.480)  best=0.8372  [11036.599s]
##TT##{"t":"gen","evals":96384,"sec":11058.8,"gen":501,"fit":0.8042,"fDef":0.8985,"fPB":0.955,"fPush":0.8615,"fSelf":0.4819,"best":0.8372,"min":0.4968}
##TT##{"t":"gen","evals":96576,"sec":11081.5,"gen":502,"fit":0.8029,"fDef":0.9088,"fPB":0.9583,"fPush":0.8633,"fSelf":0.4614,"best":0.8372,"min":0.4595}
##TT##{"t":"gen","evals":96768,"sec":11104.8,"gen":503,"fit":0.8018,"fDef":0.8874,"fPB":0.9531,"fPush":0.8874,"fSelf":0.4722,"best":0.8372,"min":0.4649}
##TT##{"t":"gen","evals":96960,"sec":11127.5,"gen":504,"fit":0.8075,"fDef":0.9282,"fPB":0.9445,"fPush":0.859,"fSelf":0.4797,"best":0.8372,"min":0.4765}
##TT##{"t":"gen","evals":97152,"sec":11149.1,"gen":505,"fit":0.8099,"fDef":0.9397,"fPB":0.9671,"fPush":0.8728,"fSelf":0.4408,"best":0.8372,"min":0.5471}
##TT##{"t":"gen","evals":97344,"sec":11171.3,"gen":506,"fit":0.8045,"fDef":0.9263,"fPB":0.9497,"fPush":0.8659,"fSelf":0.4597,"best":0.8372,"min":0.4524}
##TT##{"t":"gen","evals":97536,"sec":11194,"gen":507,"fit":0.8059,"fDef":0.9183,"fPB":0.9533,"fPush":0.8756,"fSelf":0.4633,"best":0.8372,"min":0.4699}
##TT##{"t":"gen","evals":97728,"sec":11215.5,"gen":508,"fit":0.8151,"fDef":0.9231,"fPB":0.9653,"fPush":0.883,"fSelf":0.474,"best":0.8372,"min":0.4943}
##TT##{"t":"gen","evals":97920,"sec":11237.4,"gen":509,"fit":0.8059,"fDef":0.9201,"fPB":0.9429,"fPush":0.8742,"fSelf":0.4757,"best":0.8372,"min":0.4746}
##TT##{"t":"gen","evals":98112,"sec":11258.3,"gen":510,"fit":0.8168,"fDef":0.928,"fPB":0.9584,"fPush":0.8548,"fSelf":0.4998,"best":0.8372,"min":0.4302}
gen 510  top.fit=0.8168 (vsDef=0.928 vsPB=0.958 vsPush=0.855 vsSelf=0.500)  best=0.8372  [11258.349s]
##TT##{"t":"gen","evals":98304,"sec":11279.2,"gen":511,"fit":0.812,"fDef":0.9121,"fPB":0.948,"fPush":0.8464,"fSelf":0.5156,"best":0.8372,"min":0.5684}
##TT##{"t":"gen","evals":98496,"sec":11300.5,"gen":512,"fit":0.811,"fDef":0.9299,"fPB":0.9479,"fPush":0.8878,"fSelf":0.4719,"best":0.8372,"min":0.55}
##TT##{"t":"gen","evals":98688,"sec":11322.2,"gen":513,"fit":0.8046,"fDef":0.9138,"fPB":0.9498,"fPush":0.8713,"fSelf":0.4697,"best":0.8372,"min":0.4047}
##TT##{"t":"gen","evals":98880,"sec":11343,"gen":514,"fit":0.8179,"fDef":0.9234,"fPB":0.9618,"fPush":0.8713,"fSelf":0.4956,"best":0.8372,"min":0.5671}
##TT##{"t":"gen","evals":99072,"sec":11365.5,"gen":515,"fit":0.8164,"fDef":0.9248,"fPB":0.9618,"fPush":0.8677,"fSelf":0.4902,"best":0.8372,"min":0.4969}
##TT##{"t":"gen","evals":99264,"sec":11387.2,"gen":516,"fit":0.8131,"fDef":0.9171,"fPB":0.9618,"fPush":0.8844,"fSelf":0.4765,"best":0.8372,"min":0.4106}
##TT##{"t":"gen","evals":99456,"sec":11408.5,"gen":517,"fit":0.8181,"fDef":0.9183,"fPB":0.96,"fPush":0.8714,"fSelf":0.5038,"best":0.8372,"min":0.6004}
##TT##{"t":"gen","evals":99648,"sec":11430.6,"gen":518,"fit":0.8112,"fDef":0.9119,"fPB":0.9549,"fPush":0.8615,"fSelf":0.4953,"best":0.8372,"min":0.4982}
##TT##{"t":"gen","evals":99840,"sec":11452.4,"gen":519,"fit":0.8118,"fDef":0.9199,"fPB":0.9449,"fPush":0.8772,"fSelf":0.4945,"best":0.8372,"min":0.5075}
##TT##{"t":"gen","evals":100032,"sec":11474.6,"gen":520,"fit":0.814,"fDef":0.9238,"fPB":0.9531,"fPush":0.8688,"fSelf":0.4928,"best":0.8372,"min":0.3796}
gen 520  top.fit=0.8140 (vsDef=0.924 vsPB=0.953 vsPush=0.869 vsSelf=0.493)  best=0.8372  [11474.616s]
##TT##{"t":"gen","evals":100224,"sec":11496.6,"gen":521,"fit":0.8079,"fDef":0.9091,"fPB":0.9515,"fPush":0.8742,"fSelf":0.4834,"best":0.8372,"min":0.5402}
##TT##{"t":"gen","evals":100416,"sec":11518.7,"gen":522,"fit":0.8116,"fDef":0.9231,"fPB":0.9532,"fPush":0.8718,"fSelf":0.4828,"best":0.8372,"min":0.479}
##TT##{"t":"gen","evals":100608,"sec":11540.2,"gen":523,"fit":0.813,"fDef":0.9121,"fPB":0.9549,"fPush":0.8786,"fSelf":0.4931,"best":0.8372,"min":0.3451}
##TT##{"t":"gen","evals":100800,"sec":11561.7,"gen":524,"fit":0.8088,"fDef":0.9329,"fPB":0.9618,"fPush":0.8728,"fSelf":0.4503,"best":0.8372,"min":0.4246}
##TT##{"t":"gen","evals":100992,"sec":11583.6,"gen":525,"fit":0.8104,"fDef":0.9296,"fPB":0.9498,"fPush":0.8756,"fSelf":0.4737,"best":0.8372,"min":0.3817}
##TT##{"t":"gen","evals":101184,"sec":11604.5,"gen":526,"fit":0.8056,"fDef":0.8999,"fPB":0.9445,"fPush":0.8762,"fSelf":0.4915,"best":0.8372,"min":0.5773}
##TT##{"t":"gen","evals":101376,"sec":11625.6,"gen":527,"fit":0.8149,"fDef":0.9058,"fPB":0.9565,"fPush":0.8785,"fSelf":0.5045,"best":0.8372,"min":0.6375}
##TT##{"t":"gen","evals":101568,"sec":11646.6,"gen":528,"fit":0.8078,"fDef":0.9041,"fPB":0.9635,"fPush":0.8613,"fSelf":0.4792,"best":0.8372,"min":0.5417}
##TT##{"t":"gen","evals":101760,"sec":11667.7,"gen":529,"fit":0.812,"fDef":0.9168,"fPB":0.9548,"fPush":0.8758,"fSelf":0.4863,"best":0.8372,"min":0.4726}
##TT##{"t":"gen","evals":101952,"sec":11688.3,"gen":530,"fit":0.807,"fDef":0.9058,"fPB":0.9479,"fPush":0.8815,"fSelf":0.4837,"best":0.8372,"min":0.3843}
gen 530  top.fit=0.8070 (vsDef=0.906 vsPB=0.948 vsPush=0.882 vsSelf=0.484)  best=0.8372  [11688.333s]
##TT##{"t":"gen","evals":102144,"sec":11710.2,"gen":531,"fit":0.8168,"fDef":0.9088,"fPB":0.9488,"fPush":0.8771,"fSelf":0.5196,"best":0.8372,"min":0.4933}
##TT##{"t":"gen","evals":102336,"sec":11731.6,"gen":532,"fit":0.811,"fDef":0.9117,"fPB":0.9514,"fPush":0.8786,"fSelf":0.4904,"best":0.8372,"min":0.5596}
##TT##{"t":"gen","evals":102528,"sec":11753,"gen":533,"fit":0.8148,"fDef":0.9282,"fPB":0.9514,"fPush":0.8745,"fSelf":0.4907,"best":0.8372,"min":0.4742}
##TT##{"t":"gen","evals":102720,"sec":11775.2,"gen":534,"fit":0.8189,"fDef":0.9137,"fPB":0.9706,"fPush":0.8774,"fSelf":0.4944,"best":0.8372,"min":0.4179}
##TT##{"t":"gen","evals":102912,"sec":11796.8,"gen":535,"fit":0.8132,"fDef":0.9043,"fPB":0.9395,"fPush":0.8772,"fSelf":0.5226,"best":0.8372,"min":0.3075}
##TT##{"t":"gen","evals":103104,"sec":11818.4,"gen":536,"fit":0.8138,"fDef":0.9263,"fPB":0.9497,"fPush":0.8995,"fSelf":0.4773,"best":0.8372,"min":0.5302}
##TT##{"t":"gen","evals":103296,"sec":11839.7,"gen":537,"fit":0.813,"fDef":0.9215,"fPB":0.9497,"fPush":0.8727,"fSelf":0.4934,"best":0.8372,"min":0.5126}
##TT##{"t":"gen","evals":103488,"sec":11860.5,"gen":538,"fit":0.8144,"fDef":0.9183,"fPB":0.9674,"fPush":0.8672,"fSelf":0.4819,"best":0.8372,"min":0.5875}
##TT##{"t":"gen","evals":103680,"sec":11882.5,"gen":539,"fit":0.8086,"fDef":0.9043,"fPB":0.9412,"fPush":0.883,"fSelf":0.4994,"best":0.8372,"min":0.4836}
##TT##{"t":"gen","evals":103872,"sec":11904.3,"gen":540,"fit":0.8147,"fDef":0.9135,"fPB":0.9689,"fPush":0.8877,"fSelf":0.4748,"best":0.8372,"min":0.5228}
gen 540  top.fit=0.8147 (vsDef=0.914 vsPB=0.969 vsPush=0.888 vsSelf=0.475)  best=0.8372  [11904.292s]
##TT##{"t":"gen","evals":104064,"sec":11926,"gen":541,"fit":0.8124,"fDef":0.9215,"fPB":0.9618,"fPush":0.8689,"fSelf":0.4776,"best":0.8372,"min":0.499}
##TT##{"t":"gen","evals":104256,"sec":11948,"gen":542,"fit":0.8104,"fDef":0.9015,"fPB":0.9635,"fPush":0.8687,"fSelf":0.4877,"best":0.8372,"min":0.4161}
##TT##{"t":"gen","evals":104448,"sec":11969.7,"gen":543,"fit":0.8064,"fDef":0.9059,"fPB":0.9498,"fPush":0.8715,"fSelf":0.4843,"best":0.8372,"min":0.5575}
##TT##{"t":"gen","evals":104640,"sec":11991.1,"gen":544,"fit":0.8104,"fDef":0.9062,"fPB":0.96,"fPush":0.8908,"fSelf":0.4755,"best":0.8372,"min":0.5239}
##TT##{"t":"gen","evals":104832,"sec":12013.5,"gen":545,"fit":0.8094,"fDef":0.9119,"fPB":0.9464,"fPush":0.867,"fSelf":0.4965,"best":0.8372,"min":0.4681}
##TT##{"t":"gen","evals":105024,"sec":12035,"gen":546,"fit":0.8108,"fDef":0.9135,"fPB":0.9516,"fPush":0.8805,"fSelf":0.4864,"best":0.8372,"min":0.4227}
##TT##{"t":"gen","evals":105216,"sec":12057.2,"gen":547,"fit":0.8062,"fDef":0.9103,"fPB":0.9378,"fPush":0.8815,"fSelf":0.4892,"best":0.8372,"min":0.5229}
##TT##{"t":"gen","evals":105408,"sec":12079.1,"gen":548,"fit":0.8172,"fDef":0.9413,"fPB":0.9583,"fPush":0.8558,"fSelf":0.4877,"best":0.8372,"min":0.489}
##TT##{"t":"gen","evals":105600,"sec":12100.9,"gen":549,"fit":0.8161,"fDef":0.909,"fPB":0.9588,"fPush":0.8628,"fSelf":0.5116,"best":0.8372,"min":0.5643}
##TT##{"t":"gen","evals":105792,"sec":12122.7,"gen":550,"fit":0.8106,"fDef":0.9119,"fPB":0.9445,"fPush":0.8734,"fSelf":0.5004,"best":0.8372,"min":0.3995}
gen 550  top.fit=0.8106 (vsDef=0.912 vsPB=0.945 vsPush=0.873 vsSelf=0.500)  best=0.8372  [12122.688s]
##TT##{"t":"gen","evals":105984,"sec":12144.9,"gen":551,"fit":0.8095,"fDef":0.9345,"fPB":0.9566,"fPush":0.8822,"fSelf":0.4529,"best":0.8372,"min":0.4627}
##TT##{"t":"gen","evals":106176,"sec":12166.7,"gen":552,"fit":0.8131,"fDef":0.9215,"fPB":0.9549,"fPush":0.8671,"fSelf":0.49,"best":0.8372,"min":0.5529}
##TT##{"t":"gen","evals":106368,"sec":12188.4,"gen":553,"fit":0.8191,"fDef":0.9096,"fPB":0.9671,"fPush":0.865,"fSelf":0.5104,"best":0.8372,"min":0.5304}
##TT##{"t":"gen","evals":106560,"sec":12210.4,"gen":554,"fit":0.8155,"fDef":0.912,"fPB":0.96,"fPush":0.8727,"fSelf":0.499,"best":0.8372,"min":0.5483}
##TT##{"t":"gen","evals":106752,"sec":12232.4,"gen":555,"fit":0.8133,"fDef":0.9137,"fPB":0.9479,"fPush":0.8728,"fSelf":0.5048,"best":0.8372,"min":0.4297}
##TT##{"t":"gen","evals":106944,"sec":12253.2,"gen":556,"fit":0.8129,"fDef":0.9088,"fPB":0.9688,"fPush":0.8715,"fSelf":0.4815,"best":0.8372,"min":0.3911}
##TT##{"t":"gen","evals":107136,"sec":12275.3,"gen":557,"fit":0.8198,"fDef":0.9184,"fPB":0.9583,"fPush":0.8919,"fSelf":0.5014,"best":0.8372,"min":0.4286}
##TT##{"t":"gen","evals":107328,"sec":12298,"gen":558,"fit":0.8156,"fDef":0.9091,"fPB":0.9601,"fPush":0.8786,"fSelf":0.4991,"best":0.8372,"min":0.4987}
##TT##{"t":"gen","evals":107520,"sec":12319.9,"gen":559,"fit":0.8158,"fDef":0.9264,"fPB":0.9514,"fPush":0.853,"fSelf":0.5078,"best":0.8372,"min":0.5042}
##TT##{"t":"gen","evals":107712,"sec":12341.7,"gen":560,"fit":0.8109,"fDef":0.8934,"fPB":0.955,"fPush":0.8564,"fSelf":0.5153,"best":0.8372,"min":0.3883}
gen 560  top.fit=0.8109 (vsDef=0.893 vsPB=0.955 vsPush=0.856 vsSelf=0.515)  best=0.8372  [12341.735s]
##TT##{"t":"gen","evals":107904,"sec":12362.8,"gen":561,"fit":0.8103,"fDef":0.8995,"fPB":0.9346,"fPush":0.8787,"fSelf":0.5217,"best":0.8372,"min":0.613}
##TT##{"t":"gen","evals":108096,"sec":12384.3,"gen":562,"fit":0.8153,"fDef":0.9091,"fPB":0.9636,"fPush":0.8787,"fSelf":0.4935,"best":0.8372,"min":0.4859}
##TT##{"t":"gen","evals":108288,"sec":12406.7,"gen":563,"fit":0.807,"fDef":0.901,"fPB":0.9498,"fPush":0.8745,"fSelf":0.49,"best":0.8372,"min":0.4695}
##TT##{"t":"gen","evals":108480,"sec":12429.4,"gen":564,"fit":0.8198,"fDef":0.9312,"fPB":0.9497,"fPush":0.853,"fSelf":0.5205,"best":0.8372,"min":0.442}
##TT##{"t":"gen","evals":108672,"sec":12451.1,"gen":565,"fit":0.8252,"fDef":0.9154,"fPB":0.967,"fPush":0.8572,"fSelf":0.5321,"best":0.8372,"min":0.4395}
##TT##{"t":"gen","evals":108864,"sec":12474,"gen":566,"fit":0.7997,"fDef":0.9011,"fPB":0.9264,"fPush":0.8574,"fSelf":0.5016,"best":0.8372,"min":0.5202}
##TT##{"t":"gen","evals":109056,"sec":12495.7,"gen":567,"fit":0.8052,"fDef":0.9057,"fPB":0.9618,"fPush":0.8756,"fSelf":0.4622,"best":0.8372,"min":0.5872}
##TT##{"t":"gen","evals":109248,"sec":12516.3,"gen":568,"fit":0.8055,"fDef":0.9264,"fPB":0.9447,"fPush":0.8733,"fSelf":0.466,"best":0.8372,"min":0.5925}
##TT##{"t":"gen","evals":109440,"sec":12537.3,"gen":569,"fit":0.807,"fDef":0.9064,"fPB":0.948,"fPush":0.8727,"fSelf":0.488,"best":0.8372,"min":0.5132}
##TT##{"t":"gen","evals":109632,"sec":12559.5,"gen":570,"fit":0.81,"fDef":0.9015,"fPB":0.9413,"fPush":0.8585,"fSelf":0.5206,"best":0.8372,"min":0.4386}
gen 570  top.fit=0.8100 (vsDef=0.902 vsPB=0.941 vsPush=0.859 vsSelf=0.521)  best=0.8372  [12559.498s]
##TT##{"t":"gen","evals":109824,"sec":12581.6,"gen":571,"fit":0.8156,"fDef":0.9104,"fPB":0.9618,"fPush":0.8586,"fSelf":0.5066,"best":0.8372,"min":0.3415}
##TT##{"t":"gen","evals":110016,"sec":12603.3,"gen":572,"fit":0.8152,"fDef":0.9026,"fPB":0.9602,"fPush":0.8862,"fSelf":0.4999,"best":0.8372,"min":0.451}
##TT##{"t":"gen","evals":110208,"sec":12625,"gen":573,"fit":0.8189,"fDef":0.9044,"fPB":0.9636,"fPush":0.8785,"fSelf":0.5122,"best":0.8372,"min":0.4764}
##TT##{"t":"gen","evals":110400,"sec":12646.8,"gen":574,"fit":0.8123,"fDef":0.9151,"fPB":0.9497,"fPush":0.8656,"fSelf":0.5011,"best":0.8372,"min":0.4598}
##TT##{"t":"gen","evals":110592,"sec":12668.5,"gen":575,"fit":0.8139,"fDef":0.9187,"fPB":0.9761,"fPush":0.8808,"fSelf":0.4608,"best":0.8372,"min":0.5051}
##TT##{"t":"gen","evals":110784,"sec":12690,"gen":576,"fit":0.814,"fDef":0.9106,"fPB":0.976,"fPush":0.883,"fSelf":0.4684,"best":0.8372,"min":0.5447}
##TT##{"t":"gen","evals":110976,"sec":12711.2,"gen":577,"fit":0.8097,"fDef":0.9169,"fPB":0.9379,"fPush":0.86,"fSelf":0.5078,"best":0.8372,"min":0.4502}
##TT##{"t":"gen","evals":111168,"sec":12732.6,"gen":578,"fit":0.8125,"fDef":0.9247,"fPB":0.9565,"fPush":0.8639,"fSelf":0.4841,"best":0.8372,"min":0.5721}
##TT##{"t":"gen","evals":111360,"sec":12754.9,"gen":579,"fit":0.8127,"fDef":0.9119,"fPB":0.9688,"fPush":0.876,"fSelf":0.4754,"best":0.8372,"min":0.5127}
##TT##{"t":"gen","evals":111552,"sec":12776.4,"gen":580,"fit":0.8213,"fDef":0.9199,"fPB":0.9761,"fPush":0.88,"fSelf":0.4888,"best":0.8372,"min":0.6203}
gen 580  top.fit=0.8213 (vsDef=0.920 vsPB=0.976 vsPush=0.880 vsSelf=0.489)  best=0.8372  [12776.44s]
##TT##{"t":"gen","evals":111744,"sec":12797.7,"gen":581,"fit":0.8051,"fDef":0.9028,"fPB":0.9618,"fPush":0.8602,"fSelf":0.4729,"best":0.8372,"min":0.4744}
##TT##{"t":"gen","evals":111936,"sec":12819.1,"gen":582,"fit":0.8143,"fDef":0.9263,"fPB":0.9635,"fPush":0.8817,"fSelf":0.4707,"best":0.8372,"min":0.489}
##TT##{"t":"gen","evals":112128,"sec":12840.2,"gen":583,"fit":0.8124,"fDef":0.8965,"fPB":0.9635,"fPush":0.8629,"fSelf":0.5035,"best":0.8372,"min":0.4949}
##TT##{"t":"gen","evals":112320,"sec":12861.6,"gen":584,"fit":0.8168,"fDef":0.9429,"fPB":0.9796,"fPush":0.8757,"fSelf":0.4462,"best":0.8372,"min":0.4687}
##TT##{"t":"gen","evals":112512,"sec":12882.6,"gen":585,"fit":0.8071,"fDef":0.9073,"fPB":0.9635,"fPush":0.8585,"fSelf":0.4748,"best":0.8372,"min":0.6079}
##TT##{"t":"gen","evals":112704,"sec":12904.3,"gen":586,"fit":0.8053,"fDef":0.8965,"fPB":0.9725,"fPush":0.86,"fSelf":0.4661,"best":0.8372,"min":0.4952}
##TT##{"t":"gen","evals":112896,"sec":12926,"gen":587,"fit":0.8079,"fDef":0.9046,"fPB":0.9534,"fPush":0.8648,"fSelf":0.4903,"best":0.8372,"min":0.4548}
##TT##{"t":"gen","evals":113088,"sec":12947.6,"gen":588,"fit":0.8096,"fDef":0.9088,"fPB":0.943,"fPush":0.8684,"fSelf":0.5044,"best":0.8372,"min":0.4525}
##TT##{"t":"gen","evals":113280,"sec":12969.6,"gen":589,"fit":0.8143,"fDef":0.9263,"fPB":0.9565,"fPush":0.866,"fSelf":0.4883,"best":0.8372,"min":0.5066}
##TT##{"t":"gen","evals":113472,"sec":12991.8,"gen":590,"fit":0.819,"fDef":0.8998,"fPB":0.9601,"fPush":0.8408,"fSelf":0.5419,"best":0.8372,"min":0.4504}
gen 590  top.fit=0.8190 (vsDef=0.900 vsPB=0.960 vsPush=0.841 vsSelf=0.542)  best=0.8372  [12991.776s]
##TT##{"t":"gen","evals":113664,"sec":13013.2,"gen":591,"fit":0.807,"fDef":0.9088,"fPB":0.9345,"fPush":0.8503,"fSelf":0.515,"best":0.8372,"min":0.5132}
##TT##{"t":"gen","evals":113856,"sec":13035.2,"gen":592,"fit":0.8048,"fDef":0.9275,"fPB":0.96,"fPush":0.8415,"fSelf":0.4595,"best":0.8372,"min":0.3841}
##TT##{"t":"gen","evals":114048,"sec":13057.4,"gen":593,"fit":0.8173,"fDef":0.9058,"fPB":0.9637,"fPush":0.8742,"fSelf":0.5068,"best":0.8372,"min":0.455}
##TT##{"t":"gen","evals":114240,"sec":13079,"gen":594,"fit":0.8142,"fDef":0.9167,"fPB":0.9618,"fPush":0.8686,"fSelf":0.4893,"best":0.8372,"min":0.4502}
##TT##{"t":"gen","evals":114432,"sec":13100.7,"gen":595,"fit":0.8198,"fDef":0.9317,"fPB":0.9778,"fPush":0.8519,"fSelf":0.4842,"best":0.8372,"min":0.4832}
##TT##{"t":"gen","evals":114624,"sec":13122.6,"gen":596,"fit":0.8074,"fDef":0.9104,"fPB":0.9635,"fPush":0.86,"fSelf":0.4719,"best":0.8372,"min":0.5223}
##TT##{"t":"gen","evals":114816,"sec":13143.9,"gen":597,"fit":0.8141,"fDef":0.912,"fPB":0.967,"fPush":0.8699,"fSelf":0.4863,"best":0.8372,"min":0.4204}
##TT##{"t":"gen","evals":115008,"sec":13166,"gen":598,"fit":0.822,"fDef":0.9445,"fPB":0.9548,"fPush":0.8802,"fSelf":0.4945,"best":0.8372,"min":0.5715}
##TT##{"t":"gen","evals":115200,"sec":13187.3,"gen":599,"fit":0.8137,"fDef":0.9028,"fPB":0.967,"fPush":0.8503,"fSelf":0.5043,"best":0.8372,"min":0.6051}
##TT##{"t":"gen","evals":115392,"sec":13209.7,"gen":600,"fit":0.8182,"fDef":0.9267,"fPB":0.9653,"fPush":0.8744,"fSelf":0.487,"best":0.8372,"min":0.4766}
gen 600  top.fit=0.8182 (vsDef=0.927 vsPB=0.965 vsPush=0.874 vsSelf=0.487)  best=0.8372  [13209.66s]
##TT##{"t":"gen","evals":115584,"sec":13231.5,"gen":601,"fit":0.8092,"fDef":0.8981,"fPB":0.9548,"fPush":0.8742,"fSelf":0.495,"best":0.8372,"min":0.437}
##TT##{"t":"gen","evals":115776,"sec":13253.2,"gen":602,"fit":0.8097,"fDef":0.9157,"fPB":0.9635,"fPush":0.8746,"fSelf":0.4677,"best":0.8372,"min":0.5408}
##TT##{"t":"gen","evals":115968,"sec":13275.5,"gen":603,"fit":0.8217,"fDef":0.9155,"fPB":0.96,"fPush":0.8642,"fSelf":0.5241,"best":0.8372,"min":0.3814}
##TT##{"t":"gen","evals":116160,"sec":13297.2,"gen":604,"fit":0.8114,"fDef":0.9215,"fPB":0.9514,"fPush":0.8699,"fSelf":0.4868,"best":0.8372,"min":0.5875}
##TT##{"t":"gen","evals":116352,"sec":13319.2,"gen":605,"fit":0.8115,"fDef":0.9091,"fPB":0.9533,"fPush":0.8534,"fSelf":0.5059,"best":0.8372,"min":0.5185}
##TT##{"t":"gen","evals":116544,"sec":13340.7,"gen":606,"fit":0.8066,"fDef":0.8934,"fPB":0.9583,"fPush":0.8756,"fSelf":0.4843,"best":0.8372,"min":0.4647}
##TT##{"t":"gen","evals":116736,"sec":13362.8,"gen":607,"fit":0.8066,"fDef":0.9026,"fPB":0.9463,"fPush":0.8802,"fSelf":0.4885,"best":0.8372,"min":0.4469}
##TT##{"t":"gen","evals":116928,"sec":13385.2,"gen":608,"fit":0.815,"fDef":0.9151,"fPB":0.9637,"fPush":0.8582,"fSelf":0.4969,"best":0.8372,"min":0.4405}
##TT##{"t":"gen","evals":117120,"sec":13407,"gen":609,"fit":0.8122,"fDef":0.9152,"fPB":0.9601,"fPush":0.8564,"fSelf":0.4922,"best":0.8372,"min":0.3686}
##TT##{"t":"gen","evals":117312,"sec":13428.5,"gen":610,"fit":0.8102,"fDef":0.9057,"fPB":0.9653,"fPush":0.8589,"fSelf":0.4857,"best":0.8372,"min":0.5113}
gen 610  top.fit=0.8102 (vsDef=0.906 vsPB=0.965 vsPush=0.859 vsSelf=0.486)  best=0.8372  [13428.55s]
##TT##{"t":"gen","evals":117504,"sec":13450.7,"gen":611,"fit":0.812,"fDef":0.8906,"fPB":0.9565,"fPush":0.8788,"fSelf":0.5084,"best":0.8372,"min":0.465}
##TT##{"t":"gen","evals":117696,"sec":13472.6,"gen":612,"fit":0.8114,"fDef":0.9042,"fPB":0.9618,"fPush":0.867,"fSelf":0.4922,"best":0.8372,"min":0.4735}
##TT##{"t":"gen","evals":117888,"sec":13494.3,"gen":613,"fit":0.8145,"fDef":0.9125,"fPB":0.9832,"fPush":0.8656,"fSelf":0.4682,"best":0.8372,"min":0.5263}
##TT##{"t":"gen","evals":118080,"sec":13515.1,"gen":614,"fit":0.8171,"fDef":0.9057,"fPB":0.9636,"fPush":0.8889,"fSelf":0.4983,"best":0.8372,"min":0.5333}
##TT##{"t":"gen","evals":118272,"sec":13536.9,"gen":615,"fit":0.8182,"fDef":0.9057,"fPB":0.9688,"fPush":0.8757,"fSelf":0.5029,"best":0.8372,"min":0.5114}
##TT##{"t":"gen","evals":118464,"sec":13559.1,"gen":616,"fit":0.8165,"fDef":0.9152,"fPB":0.9601,"fPush":0.8713,"fSelf":0.5004,"best":0.8372,"min":0.4195}
##TT##{"t":"gen","evals":118656,"sec":13580.6,"gen":617,"fit":0.8132,"fDef":0.8921,"fPB":0.9531,"fPush":0.88,"fSelf":0.5152,"best":0.8372,"min":0.4545}
##TT##{"t":"gen","evals":118848,"sec":13602.4,"gen":618,"fit":0.8121,"fDef":0.8981,"fPB":0.9602,"fPush":0.8692,"fSelf":0.5018,"best":0.8372,"min":0.5582}
##TT##{"t":"gen","evals":119040,"sec":13623.9,"gen":619,"fit":0.8123,"fDef":0.9119,"fPB":0.9464,"fPush":0.8707,"fSelf":0.5057,"best":0.8372,"min":0.4853}
##TT##{"t":"gen","evals":119232,"sec":13645.8,"gen":620,"fit":0.8159,"fDef":0.9284,"fPB":0.9584,"fPush":0.8673,"fSelf":0.4893,"best":0.8372,"min":0.471}
gen 620  top.fit=0.8159 (vsDef=0.928 vsPB=0.958 vsPush=0.867 vsSelf=0.489)  best=0.8372  [13645.791s]
##TT##{"t":"gen","evals":119424,"sec":13668.5,"gen":621,"fit":0.8106,"fDef":0.9264,"fPB":0.9514,"fPush":0.8837,"fSelf":0.4712,"best":0.8372,"min":0.379}
##TT##{"t":"gen","evals":119616,"sec":13689.7,"gen":622,"fit":0.8178,"fDef":0.9089,"fPB":0.9465,"fPush":0.8672,"fSelf":0.5317,"best":0.8372,"min":0.6021}
##TT##{"t":"gen","evals":119808,"sec":13710.7,"gen":623,"fit":0.8087,"fDef":0.9151,"fPB":0.9531,"fPush":0.8788,"fSelf":0.4757,"best":0.8372,"min":0.5296}
##TT##{"t":"gen","evals":120000,"sec":13731.3,"gen":624,"fit":0.8092,"fDef":0.9136,"fPB":0.9514,"fPush":0.8786,"fSelf":0.4815,"best":0.8372,"min":0.5016}
##TT##{"t":"gen","evals":120192,"sec":13751.8,"gen":625,"fit":0.8111,"fDef":0.9012,"fPB":0.9706,"fPush":0.8465,"fSelf":0.4933,"best":0.8372,"min":0.4868}
##TT##{"t":"gen","evals":120384,"sec":13773.1,"gen":626,"fit":0.8053,"fDef":0.9042,"fPB":0.9565,"fPush":0.858,"fSelf":0.4802,"best":0.8372,"min":0.5878}
##TT##{"t":"gen","evals":120576,"sec":13794.1,"gen":627,"fit":0.8095,"fDef":0.9088,"fPB":0.9618,"fPush":0.8699,"fSelf":0.4785,"best":0.8372,"min":0.3614}
##TT##{"t":"gen","evals":120768,"sec":13814.8,"gen":628,"fit":0.8191,"fDef":0.9138,"fPB":0.9618,"fPush":0.8772,"fSelf":0.5066,"best":0.8372,"min":0.5932}
##TT##{"t":"gen","evals":120960,"sec":13836.1,"gen":629,"fit":0.8204,"fDef":0.92,"fPB":0.9706,"fPush":0.8516,"fSelf":0.5074,"best":0.8372,"min":0.5353}
##TT##{"t":"gen","evals":121152,"sec":13857.1,"gen":630,"fit":0.8085,"fDef":0.9028,"fPB":0.9566,"fPush":0.8571,"fSelf":0.4943,"best":0.8372,"min":0.5852}
gen 630  top.fit=0.8085 (vsDef=0.903 vsPB=0.957 vsPush=0.857 vsSelf=0.494)  best=0.8372  [13857.102s]
##TT##{"t":"gen","evals":121344,"sec":13878.3,"gen":631,"fit":0.8063,"fDef":0.9042,"fPB":0.938,"fPush":0.8727,"fSelf":0.5005,"best":0.8372,"min":0.6006}
##TT##{"t":"gen","evals":121536,"sec":13900.1,"gen":632,"fit":0.8225,"fDef":0.9043,"fPB":0.9778,"fPush":0.8875,"fSelf":0.5025,"best":0.8372,"min":0.4812}
##TT##{"t":"gen","evals":121728,"sec":13921.9,"gen":633,"fit":0.8087,"fDef":0.9167,"fPB":0.9653,"fPush":0.8355,"fSelf":0.4816,"best":0.8372,"min":0.6127}
##TT##{"t":"gen","evals":121920,"sec":13943.4,"gen":634,"fit":0.8171,"fDef":0.9135,"fPB":0.9531,"fPush":0.8685,"fSelf":0.515,"best":0.8372,"min":0.4959}
##TT##{"t":"gen","evals":122112,"sec":13964.6,"gen":635,"fit":0.8114,"fDef":0.9231,"fPB":0.9618,"fPush":0.8648,"fSelf":0.4744,"best":0.8372,"min":0.5602}
##TT##{"t":"gen","evals":122304,"sec":13985.7,"gen":636,"fit":0.814,"fDef":0.9135,"fPB":0.9689,"fPush":0.8502,"fSelf":0.4926,"best":0.8372,"min":0.5856}
##TT##{"t":"gen","evals":122496,"sec":14008.1,"gen":637,"fit":0.81,"fDef":0.9059,"fPB":0.9724,"fPush":0.885,"fSelf":0.4615,"best":0.8372,"min":0.4486}
##TT##{"t":"gen","evals":122688,"sec":14029.8,"gen":638,"fit":0.8189,"fDef":0.9199,"fPB":0.9583,"fPush":0.8772,"fSelf":0.5042,"best":0.8372,"min":0.4879}
##TT##{"t":"gen","evals":122880,"sec":14051.7,"gen":639,"fit":0.8186,"fDef":0.9077,"fPB":0.9549,"fPush":0.8789,"fSelf":0.5186,"best":0.8372,"min":0.5293}
##TT##{"t":"gen","evals":123072,"sec":14073.5,"gen":640,"fit":0.8099,"fDef":0.9104,"fPB":0.9479,"fPush":0.8656,"fSelf":0.499,"best":0.8372,"min":0.3854}
gen 640  top.fit=0.8099 (vsDef=0.910 vsPB=0.948 vsPush=0.866 vsSelf=0.499)  best=0.8372  [14073.493s]
##TT##{"t":"gen","evals":123264,"sec":14095,"gen":641,"fit":0.8046,"fDef":0.9121,"fPB":0.96,"fPush":0.8613,"fSelf":0.4631,"best":0.8372,"min":0.5456}
##TT##{"t":"gen","evals":123456,"sec":14116.9,"gen":642,"fit":0.8125,"fDef":0.9042,"fPB":0.9619,"fPush":0.8672,"fSelf":0.4962,"best":0.8372,"min":0.4433}
##TT##{"t":"gen","evals":123648,"sec":14138.2,"gen":643,"fit":0.8146,"fDef":0.9028,"fPB":0.967,"fPush":0.8586,"fSelf":0.5032,"best":0.8372,"min":0.5584}
##TT##{"t":"gen","evals":123840,"sec":14160.3,"gen":644,"fit":0.8089,"fDef":0.9088,"fPB":0.9412,"fPush":0.867,"fSelf":0.5046,"best":0.8372,"min":0.5108}
##TT##{"t":"gen","evals":124032,"sec":14181.5,"gen":645,"fit":0.8172,"fDef":0.9088,"fPB":0.9601,"fPush":0.8701,"fSelf":0.5103,"best":0.8372,"min":0.5489}
##TT##{"t":"gen","evals":124224,"sec":14203.6,"gen":646,"fit":0.8171,"fDef":0.9088,"fPB":0.9706,"fPush":0.8742,"fSelf":0.4939,"best":0.8372,"min":0.4168}
##TT##{"t":"gen","evals":124416,"sec":14225.2,"gen":647,"fit":0.8117,"fDef":0.92,"fPB":0.9498,"fPush":0.851,"fSelf":0.5016,"best":0.8372,"min":0.5222}
##TT##{"t":"gen","evals":124608,"sec":14247.2,"gen":648,"fit":0.8138,"fDef":0.9138,"fPB":0.9653,"fPush":0.8586,"fSelf":0.4916,"best":0.8372,"min":0.5294}
##TT##{"t":"gen","evals":124800,"sec":14269.6,"gen":649,"fit":0.8123,"fDef":0.9121,"fPB":0.9549,"fPush":0.8558,"fSelf":0.5025,"best":0.8372,"min":0.4696}
##TT##{"t":"gen","evals":124992,"sec":14291.1,"gen":650,"fit":0.8215,"fDef":0.9137,"fPB":0.9742,"fPush":0.8771,"fSelf":0.4997,"best":0.8372,"min":0.5635}
gen 650  top.fit=0.8215 (vsDef=0.914 vsPB=0.974 vsPush=0.877 vsSelf=0.500)  best=0.8372  [14291.065s]
##TT##{"t":"gen","evals":125184,"sec":14312.4,"gen":651,"fit":0.8114,"fDef":0.9011,"fPB":0.9742,"fPush":0.8599,"fSelf":0.4829,"best":0.8372,"min":0.5976}
##TT##{"t":"gen","evals":125376,"sec":14334.4,"gen":652,"fit":0.8064,"fDef":0.8935,"fPB":0.9362,"fPush":0.8516,"fSelf":0.525,"best":0.8372,"min":0.5073}
##TT##{"t":"gen","evals":125568,"sec":14355.8,"gen":653,"fit":0.8094,"fDef":0.8995,"fPB":0.9635,"fPush":0.8628,"fSelf":0.4892,"best":0.8372,"min":0.5566}
##TT##{"t":"gen","evals":125760,"sec":14377.8,"gen":654,"fit":0.8127,"fDef":0.9167,"fPB":0.9462,"fPush":0.8729,"fSelf":0.5015,"best":0.8372,"min":0.4714}
##TT##{"t":"gen","evals":125952,"sec":14399.7,"gen":655,"fit":0.8104,"fDef":0.8889,"fPB":0.9534,"fPush":0.8586,"fSelf":0.519,"best":0.8372,"min":0.525}
##TT##{"t":"gen","evals":126144,"sec":14421.6,"gen":656,"fit":0.8065,"fDef":0.9057,"fPB":0.9514,"fPush":0.8614,"fSelf":0.4882,"best":0.8372,"min":0.4495}
##TT##{"t":"gen","evals":126336,"sec":14443.2,"gen":657,"fit":0.8168,"fDef":0.9397,"fPB":0.9618,"fPush":0.8817,"fSelf":0.4693,"best":0.8372,"min":0.5214}
##TT##{"t":"gen","evals":126528,"sec":14465.4,"gen":658,"fit":0.8158,"fDef":0.9155,"fPB":0.9479,"fPush":0.8686,"fSelf":0.5147,"best":0.8372,"min":0.4386}
##TT##{"t":"gen","evals":126720,"sec":14487,"gen":659,"fit":0.8148,"fDef":0.9155,"fPB":0.9635,"fPush":0.87,"fSelf":0.4897,"best":0.8372,"min":0.4279}
##TT##{"t":"gen","evals":126912,"sec":14508.3,"gen":660,"fit":0.8172,"fDef":0.9027,"fPB":0.9635,"fPush":0.8731,"fSelf":0.5103,"best":0.8372,"min":0.421}
gen 660  top.fit=0.8172 (vsDef=0.903 vsPB=0.964 vsPush=0.873 vsSelf=0.510)  best=0.8372  [14508.327s]
##TT##{"t":"gen","evals":127104,"sec":14529.1,"gen":661,"fit":0.8146,"fDef":0.9151,"fPB":0.9565,"fPush":0.8672,"fSelf":0.5001,"best":0.8372,"min":0.5185}
##TT##{"t":"gen","evals":127296,"sec":14550.2,"gen":662,"fit":0.807,"fDef":0.8861,"fPB":0.9548,"fPush":0.9027,"fSelf":0.483,"best":0.8372,"min":0.4101}
##TT##{"t":"gen","evals":127488,"sec":14571,"gen":663,"fit":0.8089,"fDef":0.8875,"fPB":0.9618,"fPush":0.8731,"fSelf":0.4957,"best":0.8372,"min":0.4952}
##TT##{"t":"gen","evals":127680,"sec":14592.9,"gen":664,"fit":0.8087,"fDef":0.9027,"fPB":0.9532,"fPush":0.8692,"fSelf":0.4932,"best":0.8372,"min":0.4405}
##TT##{"t":"gen","evals":127872,"sec":14615.2,"gen":665,"fit":0.8072,"fDef":0.9215,"fPB":0.9636,"fPush":0.8466,"fSelf":0.4674,"best":0.8372,"min":0.4291}
##TT##{"t":"gen","evals":128064,"sec":14636.7,"gen":666,"fit":0.8129,"fDef":0.9088,"fPB":0.976,"fPush":0.8503,"fSelf":0.4838,"best":0.8372,"min":0.5295}
##TT##{"t":"gen","evals":128256,"sec":14658.3,"gen":667,"fit":0.8145,"fDef":0.9312,"fPB":0.955,"fPush":0.8742,"fSelf":0.482,"best":0.8372,"min":0.4749}
##TT##{"t":"gen","evals":128448,"sec":14680.3,"gen":668,"fit":0.8207,"fDef":0.9199,"fPB":0.9635,"fPush":0.8687,"fSelf":0.509,"best":0.8372,"min":0.4137}
##TT##{"t":"gen","evals":128640,"sec":14702.3,"gen":669,"fit":0.8114,"fDef":0.9058,"fPB":0.9761,"fPush":0.8435,"fSelf":0.4845,"best":0.8372,"min":0.5074}
##TT##{"t":"gen","evals":128832,"sec":14724.1,"gen":670,"fit":0.8146,"fDef":0.9042,"fPB":0.9549,"fPush":0.8861,"fSelf":0.5031,"best":0.8372,"min":0.4728}
gen 670  top.fit=0.8146 (vsDef=0.904 vsPB=0.955 vsPush=0.886 vsSelf=0.503)  best=0.8372  [14724.098s]
##TT##{"t":"gen","evals":129024,"sec":14745.8,"gen":671,"fit":0.809,"fDef":0.9106,"fPB":0.9531,"fPush":0.8733,"fSelf":0.4844,"best":0.8372,"min":0.4957}
##TT##{"t":"gen","evals":129216,"sec":14768.1,"gen":672,"fit":0.8059,"fDef":0.9057,"fPB":0.9566,"fPush":0.851,"fSelf":0.4846,"best":0.8372,"min":0.4499}
##TT##{"t":"gen","evals":129408,"sec":14789.7,"gen":673,"fit":0.8111,"fDef":0.9215,"fPB":0.9635,"fPush":0.8742,"fSelf":0.4673,"best":0.8372,"min":0.6812}
##TT##{"t":"gen","evals":129600,"sec":14812,"gen":674,"fit":0.7965,"fDef":0.9088,"fPB":0.9415,"fPush":0.8476,"fSelf":0.4668,"best":0.8372,"min":0.4799}
##TT##{"t":"gen","evals":129792,"sec":14834.2,"gen":675,"fit":0.8087,"fDef":0.9057,"fPB":0.9362,"fPush":0.8572,"fSelf":0.5187,"best":0.8372,"min":0.4623}
##TT##{"t":"gen","evals":129984,"sec":14855.9,"gen":676,"fit":0.8137,"fDef":0.9167,"fPB":0.9514,"fPush":0.88,"fSelf":0.4949,"best":0.8372,"min":0.5549}
##TT##{"t":"gen","evals":130176,"sec":14877.9,"gen":677,"fit":0.8199,"fDef":0.9026,"fPB":0.976,"fPush":0.8792,"fSelf":0.5011,"best":0.8372,"min":0.482}
##TT##{"t":"gen","evals":130368,"sec":14899.7,"gen":678,"fit":0.8112,"fDef":0.9057,"fPB":0.9635,"fPush":0.8786,"fSelf":0.4811,"best":0.8372,"min":0.3937}
##TT##{"t":"gen","evals":130560,"sec":14921.7,"gen":679,"fit":0.8156,"fDef":0.9135,"fPB":0.9583,"fPush":0.8614,"fSelf":0.5063,"best":0.8372,"min":0.5855}
##TT##{"t":"gen","evals":130752,"sec":14943.7,"gen":680,"fit":0.8135,"fDef":0.901,"fPB":0.9742,"fPush":0.8713,"fSelf":0.4847,"best":0.8372,"min":0.4819}
gen 680  top.fit=0.8135 (vsDef=0.901 vsPB=0.974 vsPush=0.871 vsSelf=0.485)  best=0.8372  [14943.655s]
##TT##{"t":"gen","evals":130944,"sec":14965.4,"gen":681,"fit":0.8191,"fDef":0.9119,"fPB":0.9636,"fPush":0.8566,"fSelf":0.5173,"best":0.8372,"min":0.504}
##TT##{"t":"gen","evals":131136,"sec":14987.2,"gen":682,"fit":0.8022,"fDef":0.9057,"fPB":0.9618,"fPush":0.8619,"fSelf":0.458,"best":0.8372,"min":0.5904}
##TT##{"t":"gen","evals":131328,"sec":15009.3,"gen":683,"fit":0.8155,"fDef":0.898,"fPB":0.9706,"fPush":0.8786,"fSelf":0.4961,"best":0.8372,"min":0.5}
##TT##{"t":"gen","evals":131520,"sec":15031.6,"gen":684,"fit":0.817,"fDef":0.9151,"fPB":0.96,"fPush":0.8559,"fSelf":0.511,"best":0.8372,"min":0.4778}
##TT##{"t":"gen","evals":131712,"sec":15053.5,"gen":685,"fit":0.8153,"fDef":0.9088,"fPB":0.948,"fPush":0.8996,"fSelf":0.5028,"best":0.8372,"min":0.5435}
##TT##{"t":"gen","evals":131904,"sec":15075.8,"gen":686,"fit":0.8172,"fDef":0.8964,"fPB":0.9635,"fPush":0.8548,"fSelf":0.5263,"best":0.8372,"min":0.5234}
##TT##{"t":"gen","evals":132096,"sec":15098,"gen":687,"fit":0.8043,"fDef":0.9072,"fPB":0.9498,"fPush":0.88,"fSelf":0.4702,"best":0.8372,"min":0.4478}
##TT##{"t":"gen","evals":132288,"sec":15120.1,"gen":688,"fit":0.8177,"fDef":0.9199,"fPB":0.967,"fPush":0.8742,"fSelf":0.4896,"best":0.8372,"min":0.5458}
##TT##{"t":"gen","evals":132480,"sec":15142.6,"gen":689,"fit":0.8077,"fDef":0.898,"fPB":0.9601,"fPush":0.86,"fSelf":0.4902,"best":0.8372,"min":0.4712}
##TT##{"t":"gen","evals":132672,"sec":15164.6,"gen":690,"fit":0.8022,"fDef":0.9121,"fPB":0.9479,"fPush":0.853,"fSelf":0.4744,"best":0.8372,"min":0.4904}
gen 690  top.fit=0.8022 (vsDef=0.912 vsPB=0.948 vsPush=0.853 vsSelf=0.474)  best=0.8372  [15164.584s]
##TT##{"t":"gen","evals":132864,"sec":15187,"gen":691,"fit":0.8075,"fDef":0.9105,"fPB":0.9618,"fPush":0.8421,"fSelf":0.484,"best":0.8372,"min":0.4797}
##TT##{"t":"gen","evals":133056,"sec":15209,"gen":692,"fit":0.8032,"fDef":0.8859,"fPB":0.9498,"fPush":0.8616,"fSelf":0.4972,"best":0.8372,"min":0.4969}
##TT##{"t":"gen","evals":133248,"sec":15230.6,"gen":693,"fit":0.8117,"fDef":0.9104,"fPB":0.969,"fPush":0.853,"fSelf":0.4852,"best":0.8372,"min":0.4963}
##TT##{"t":"gen","evals":133440,"sec":15252,"gen":694,"fit":0.8055,"fDef":0.9044,"fPB":0.9671,"fPush":0.8619,"fSelf":0.465,"best":0.8372,"min":0.3854}
##TT##{"t":"gen","evals":133632,"sec":15274.1,"gen":695,"fit":0.8056,"fDef":0.9119,"fPB":0.9365,"fPush":0.8642,"fSelf":0.4964,"best":0.8372,"min":0.4769}
##TT##{"t":"gen","evals":133824,"sec":15296,"gen":696,"fit":0.813,"fDef":0.9215,"fPB":0.9583,"fPush":0.8628,"fSelf":0.4878,"best":0.8372,"min":0.3919}
##TT##{"t":"gen","evals":134016,"sec":15317.7,"gen":697,"fit":0.8208,"fDef":0.9199,"fPB":0.9724,"fPush":0.8802,"fSelf":0.4916,"best":0.8372,"min":0.3225}
##TT##{"t":"gen","evals":134208,"sec":15339.1,"gen":698,"fit":0.8035,"fDef":0.898,"fPB":0.9531,"fPush":0.8614,"fSelf":0.4823,"best":0.8372,"min":0.4823}
##TT##{"t":"gen","evals":134400,"sec":15360.5,"gen":699,"fit":0.8188,"fDef":0.9296,"fPB":0.9653,"fPush":0.8743,"fSelf":0.4866,"best":0.8372,"min":0.5069}
##TT##{"t":"gen","evals":134592,"sec":15383.1,"gen":700,"fit":0.8036,"fDef":0.9247,"fPB":0.9429,"fPush":0.8558,"fSelf":0.4723,"best":0.8372,"min":0.5482}
gen 700  top.fit=0.8036 (vsDef=0.925 vsPB=0.943 vsPush=0.856 vsSelf=0.472)  best=0.8372  [15383.133s]
##TT##{"t":"gen","evals":134784,"sec":15405.2,"gen":701,"fit":0.805,"fDef":0.9264,"fPB":0.9531,"fPush":0.8558,"fSelf":0.4627,"best":0.8372,"min":0.4946}
##TT##{"t":"gen","evals":134976,"sec":15427.3,"gen":702,"fit":0.8053,"fDef":0.8844,"fPB":0.9671,"fPush":0.853,"fSelf":0.4889,"best":0.8372,"min":0.6084}
##TT##{"t":"gen","evals":135168,"sec":15448.9,"gen":703,"fit":0.8073,"fDef":0.9121,"fPB":0.9635,"fPush":0.8395,"fSelf":0.4809,"best":0.8372,"min":0.6258}
##TT##{"t":"gen","evals":135360,"sec":15470.3,"gen":704,"fit":0.8161,"fDef":0.9215,"fPB":0.9566,"fPush":0.863,"fSelf":0.5016,"best":0.8372,"min":0.3654}
##TT##{"t":"gen","evals":135552,"sec":15491.8,"gen":705,"fit":0.8122,"fDef":0.9264,"fPB":0.9462,"fPush":0.8468,"fSelf":0.5039,"best":0.8372,"min":0.4908}
##TT##{"t":"gen","evals":135744,"sec":15513.2,"gen":706,"fit":0.8021,"fDef":0.9199,"fPB":0.9636,"fPush":0.886,"fSelf":0.4278,"best":0.8372,"min":0.5648}
##TT##{"t":"gen","evals":135936,"sec":15535.2,"gen":707,"fit":0.7966,"fDef":0.9135,"fPB":0.943,"fPush":0.8544,"fSelf":0.4571,"best":0.8372,"min":0.4389}
##TT##{"t":"gen","evals":136128,"sec":15557.3,"gen":708,"fit":0.8011,"fDef":0.9091,"fPB":0.9296,"fPush":0.8588,"fSelf":0.4941,"best":0.8372,"min":0.4628}
##TT##{"t":"gen","evals":136320,"sec":15579.2,"gen":709,"fit":0.7977,"fDef":0.9088,"fPB":0.9448,"fPush":0.8558,"fSelf":0.4627,"best":0.8372,"min":0.5429}
##TT##{"t":"gen","evals":136512,"sec":15600.7,"gen":710,"fit":0.8106,"fDef":0.9104,"fPB":0.9395,"fPush":0.8654,"fSelf":0.5128,"best":0.8372,"min":0.5607}
gen 710  top.fit=0.8106 (vsDef=0.910 vsPB=0.940 vsPush=0.865 vsSelf=0.513)  best=0.8372  [15600.709s]
##TT##{"t":"gen","evals":136704,"sec":15623,"gen":711,"fit":0.8046,"fDef":0.9234,"fPB":0.9531,"fPush":0.8756,"fSelf":0.4535,"best":0.8372,"min":0.5284}
##TT##{"t":"gen","evals":136896,"sec":15644.6,"gen":712,"fit":0.8019,"fDef":0.8845,"fPB":0.9465,"fPush":0.8489,"fSelf":0.505,"best":0.8372,"min":0.4253}
##TT##{"t":"gen","evals":137088,"sec":15666.5,"gen":713,"fit":0.81,"fDef":0.9297,"fPB":0.9548,"fPush":0.8424,"fSelf":0.4835,"best":0.8372,"min":0.3735}
##TT##{"t":"gen","evals":137280,"sec":15688,"gen":714,"fit":0.8042,"fDef":0.9296,"fPB":0.9514,"fPush":0.8654,"fSelf":0.4535,"best":0.8372,"min":0.4784}
##TT##{"t":"gen","evals":137472,"sec":15710,"gen":715,"fit":0.8093,"fDef":0.9136,"fPB":0.9618,"fPush":0.8421,"fSelf":0.4878,"best":0.8372,"min":0.4556}
##TT##{"t":"gen","evals":137664,"sec":15731.9,"gen":716,"fit":0.8013,"fDef":0.9218,"fPB":0.9531,"fPush":0.861,"fSelf":0.45,"best":0.8372,"min":0.4094}
##TT##{"t":"gen","evals":137856,"sec":15752.8,"gen":717,"fit":0.8091,"fDef":0.9329,"fPB":0.9549,"fPush":0.8558,"fSelf":0.4695,"best":0.8372,"min":0.4632}
##TT##{"t":"gen","evals":138048,"sec":15774.4,"gen":718,"fit":0.8101,"fDef":0.9232,"fPB":0.9514,"fPush":0.8672,"fSelf":0.4818,"best":0.8372,"min":0.4027}
##TT##{"t":"gen","evals":138240,"sec":15796.3,"gen":719,"fit":0.8052,"fDef":0.9231,"fPB":0.9653,"fPush":0.8356,"fSelf":0.4616,"best":0.8372,"min":0.4809}
##TT##{"t":"gen","evals":138432,"sec":15818.1,"gen":720,"fit":0.8056,"fDef":0.9135,"fPB":0.9496,"fPush":0.8785,"fSelf":0.4701,"best":0.8372,"min":0.6057}
gen 720  top.fit=0.8056 (vsDef=0.914 vsPB=0.950 vsPush=0.879 vsSelf=0.470)  best=0.8372  [15818.061s]
##TT##{"t":"gen","evals":138624,"sec":15840,"gen":721,"fit":0.8121,"fDef":0.9266,"fPB":0.9636,"fPush":0.8518,"fSelf":0.4782,"best":0.8372,"min":0.6014}
##TT##{"t":"gen","evals":138816,"sec":15862.4,"gen":722,"fit":0.8117,"fDef":0.9216,"fPB":0.948,"fPush":0.8558,"fSelf":0.4999,"best":0.8372,"min":0.3984}
##TT##{"t":"gen","evals":139008,"sec":15884,"gen":723,"fit":0.8107,"fDef":0.9026,"fPB":0.9462,"fPush":0.8544,"fSelf":0.5179,"best":0.8372,"min":0.4654}
##TT##{"t":"gen","evals":139200,"sec":15905.3,"gen":724,"fit":0.8049,"fDef":0.9151,"fPB":0.9498,"fPush":0.8659,"fSelf":0.4726,"best":0.8372,"min":0.5783}
##TT##{"t":"gen","evals":139392,"sec":15927.8,"gen":725,"fit":0.806,"fDef":0.9299,"fPB":0.9618,"fPush":0.8487,"fSelf":0.4555,"best":0.8372,"min":0.4842}
##TT##{"t":"gen","evals":139584,"sec":15949.7,"gen":726,"fit":0.8031,"fDef":0.9072,"fPB":0.9362,"fPush":0.8435,"fSelf":0.5031,"best":0.8372,"min":0.5067}
##TT##{"t":"gen","evals":139776,"sec":15972.1,"gen":727,"fit":0.8034,"fDef":0.9077,"fPB":0.9167,"fPush":0.8426,"fSelf":0.53,"best":0.8372,"min":0.4517}
##TT##{"t":"gen","evals":139968,"sec":15993.8,"gen":728,"fit":0.8068,"fDef":0.9041,"fPB":0.9445,"fPush":0.8743,"fSelf":0.4928,"best":0.8372,"min":0.4788}
##TT##{"t":"gen","evals":140160,"sec":16016.6,"gen":729,"fit":0.8059,"fDef":0.9105,"fPB":0.9602,"fPush":0.8489,"fSelf":0.4763,"best":0.8372,"min":0.513}
##TT##{"t":"gen","evals":140352,"sec":16038.8,"gen":730,"fit":0.8043,"fDef":0.9199,"fPB":0.9565,"fPush":0.8441,"fSelf":0.4681,"best":0.8372,"min":0.4236}
gen 730  top.fit=0.8043 (vsDef=0.920 vsPB=0.957 vsPush=0.844 vsSelf=0.468)  best=0.8372  [16038.759s]
##TT##{"t":"gen","evals":140544,"sec":16061.2,"gen":731,"fit":0.8125,"fDef":0.9235,"fPB":0.9498,"fPush":0.8532,"fSelf":0.5,"best":0.8372,"min":0.475}
##TT##{"t":"gen","evals":140736,"sec":16083.7,"gen":732,"fit":0.8106,"fDef":0.9104,"fPB":0.9618,"fPush":0.851,"fSelf":0.4916,"best":0.8372,"min":0.4672}
##TT##{"t":"gen","evals":140928,"sec":16106.2,"gen":733,"fit":0.8033,"fDef":0.9063,"fPB":0.9462,"fPush":0.8579,"fSelf":0.4842,"best":0.8372,"min":0.3756}
##TT##{"t":"gen","evals":141120,"sec":16128.2,"gen":734,"fit":0.8083,"fDef":0.9072,"fPB":0.9462,"fPush":0.8503,"fSelf":0.5062,"best":0.8372,"min":0.4771}
##TT##{"t":"gen","evals":141312,"sec":16150.6,"gen":735,"fit":0.8031,"fDef":0.9045,"fPB":0.9412,"fPush":0.8447,"fSelf":0.4987,"best":0.8372,"min":0.4227}
##TT##{"t":"gen","evals":141504,"sec":16173,"gen":736,"fit":0.8138,"fDef":0.9026,"fPB":0.9445,"fPush":0.8889,"fSelf":0.5137,"best":0.8372,"min":0.4691}
##TT##{"t":"gen","evals":141696,"sec":16195.1,"gen":737,"fit":0.8163,"fDef":0.9167,"fPB":0.9565,"fPush":0.8699,"fSelf":0.5035,"best":0.8372,"min":0.492}
##TT##{"t":"gen","evals":141888,"sec":16217,"gen":738,"fit":0.8034,"fDef":0.9026,"fPB":0.9497,"fPush":0.885,"fSelf":0.4692,"best":0.8372,"min":0.5328}
##TT##{"t":"gen","evals":142080,"sec":16239.8,"gen":739,"fit":0.8009,"fDef":0.9041,"fPB":0.9313,"fPush":0.8545,"fSelf":0.4983,"best":0.8372,"min":0.4415}
##TT##{"t":"gen","evals":142272,"sec":16261.1,"gen":740,"fit":0.8042,"fDef":0.9183,"fPB":0.9329,"fPush":0.8626,"fSelf":0.4904,"best":0.8372,"min":0.5118}
gen 740  top.fit=0.8042 (vsDef=0.918 vsPB=0.933 vsPush=0.863 vsSelf=0.490)  best=0.8372  [16261.137s]
##TT##{"t":"gen","evals":142464,"sec":16282.8,"gen":741,"fit":0.7967,"fDef":0.9215,"fPB":0.9497,"fPush":0.8369,"fSelf":0.4501,"best":0.8372,"min":0.3199}
##TT##{"t":"gen","evals":142656,"sec":16304.3,"gen":742,"fit":0.8032,"fDef":0.9091,"fPB":0.9796,"fPush":0.8422,"fSelf":0.4458,"best":0.8372,"min":0.4667}
##TT##{"t":"gen","evals":142848,"sec":16325.7,"gen":743,"fit":0.8086,"fDef":0.9012,"fPB":0.9833,"fPush":0.8699,"fSelf":0.4547,"best":0.8372,"min":0.4378}
##TT##{"t":"gen","evals":143040,"sec":16347.5,"gen":744,"fit":0.8118,"fDef":0.9231,"fPB":0.9463,"fPush":0.8657,"fSelf":0.4957,"best":0.8372,"min":0.5174}
##TT##{"t":"gen","evals":143232,"sec":16368.8,"gen":745,"fit":0.807,"fDef":0.9185,"fPB":0.967,"fPush":0.8368,"fSelf":0.4704,"best":0.8372,"min":0.4791}
##TT##{"t":"gen","evals":143424,"sec":16390.5,"gen":746,"fit":0.8094,"fDef":0.9151,"fPB":0.9724,"fPush":0.852,"fSelf":0.4674,"best":0.8372,"min":0.5182}
##TT##{"t":"gen","evals":143616,"sec":16412,"gen":747,"fit":0.8104,"fDef":0.9252,"fPB":0.948,"fPush":0.8544,"fSelf":0.4921,"best":0.8372,"min":0.4554}
##TT##{"t":"gen","evals":143808,"sec":16434.3,"gen":748,"fit":0.8023,"fDef":0.8923,"fPB":0.9743,"fPush":0.8572,"fSelf":0.4577,"best":0.8372,"min":0.498}
##TT##{"t":"gen","evals":144000,"sec":16455.7,"gen":749,"fit":0.8081,"fDef":0.9041,"fPB":0.9778,"fPush":0.8671,"fSelf":0.4584,"best":0.8372,"min":0.4712}
##TT##{"t":"gen","evals":144192,"sec":16477.3,"gen":750,"fit":0.8096,"fDef":0.9363,"fPB":0.9602,"fPush":0.8919,"fSelf":0.4418,"best":0.8372,"min":0.5261}
gen 750  top.fit=0.8096 (vsDef=0.936 vsPB=0.960 vsPush=0.892 vsSelf=0.442)  best=0.8372  [16477.297s]
##TT##{"t":"gen","evals":144384,"sec":16500.1,"gen":751,"fit":0.8111,"fDef":0.9135,"fPB":0.962,"fPush":0.8413,"fSelf":0.4949,"best":0.8372,"min":0.405}
##TT##{"t":"gen","evals":144576,"sec":16523.3,"gen":752,"fit":0.804,"fDef":0.9216,"fPB":0.9636,"fPush":0.848,"fSelf":0.454,"best":0.8372,"min":0.4658}
##TT##{"t":"gen","evals":144768,"sec":16544.7,"gen":753,"fit":0.8043,"fDef":0.8966,"fPB":0.9725,"fPush":0.862,"fSelf":0.4609,"best":0.8372,"min":0.4256}
##TT##{"t":"gen","evals":144960,"sec":16566.4,"gen":754,"fit":0.8049,"fDef":0.9073,"fPB":0.9671,"fPush":0.883,"fSelf":0.4482,"best":0.8372,"min":0.5099}
##TT##{"t":"gen","evals":145152,"sec":16587.9,"gen":755,"fit":0.807,"fDef":0.9104,"fPB":0.9779,"fPush":0.8906,"fSelf":0.4351,"best":0.8372,"min":0.4385}
##TT##{"t":"gen","evals":145344,"sec":16609.7,"gen":756,"fit":0.8048,"fDef":0.9042,"fPB":0.9742,"fPush":0.8479,"fSelf":0.4607,"best":0.8372,"min":0.4337}
##TT##{"t":"gen","evals":145536,"sec":16631.6,"gen":757,"fit":0.8158,"fDef":0.9183,"fPB":0.9728,"fPush":0.8613,"fSelf":0.4836,"best":0.8372,"min":0.48}
##TT##{"t":"gen","evals":145728,"sec":16653.8,"gen":758,"fit":0.8069,"fDef":0.9135,"fPB":0.9653,"fPush":0.8462,"fSelf":0.4722,"best":0.8372,"min":0.4794}
##TT##{"t":"gen","evals":145920,"sec":16675.6,"gen":759,"fit":0.7969,"fDef":0.9121,"fPB":0.9724,"fPush":0.8368,"fSelf":0.4307,"best":0.8372,"min":0.5045}
##TT##{"t":"gen","evals":146112,"sec":16697.4,"gen":760,"fit":0.8044,"fDef":0.8997,"fPB":0.9653,"fPush":0.8818,"fSelf":0.4572,"best":0.8372,"min":0.4987}
gen 760  top.fit=0.8044 (vsDef=0.900 vsPB=0.965 vsPush=0.882 vsSelf=0.457)  best=0.8372  [16697.425s]
##TT##{"t":"gen","evals":146304,"sec":16718.6,"gen":761,"fit":0.8199,"fDef":0.9362,"fPB":0.9742,"fPush":0.8586,"fSelf":0.4811,"best":0.8372,"min":0.5541}
##TT##{"t":"gen","evals":146496,"sec":16739.9,"gen":762,"fit":0.8036,"fDef":0.9329,"fPB":0.9635,"fPush":0.8544,"fSelf":0.4377,"best":0.8372,"min":0.5702}
##TT##{"t":"gen","evals":146688,"sec":16760.9,"gen":763,"fit":0.8094,"fDef":0.9135,"fPB":0.9706,"fPush":0.8615,"fSelf":0.4664,"best":0.8372,"min":0.5043}
##TT##{"t":"gen","evals":146880,"sec":16782.1,"gen":764,"fit":0.8081,"fDef":0.9135,"fPB":0.9653,"fPush":0.8861,"fSelf":0.455,"best":0.8372,"min":0.3529}
##TT##{"t":"gen","evals":147072,"sec":16803.1,"gen":765,"fit":0.803,"fDef":0.9072,"fPB":0.9706,"fPush":0.8586,"fSelf":0.4496,"best":0.8372,"min":0.4791}
##TT##{"t":"gen","evals":147264,"sec":16824.3,"gen":766,"fit":0.8004,"fDef":0.9057,"fPB":0.9706,"fPush":0.8463,"fSelf":0.4477,"best":0.8372,"min":0.5446}
##TT##{"t":"gen","evals":147456,"sec":16846,"gen":767,"fit":0.8063,"fDef":0.9042,"fPB":0.9548,"fPush":0.8516,"fSelf":0.4898,"best":0.8372,"min":0.5003}
##TT##{"t":"gen","evals":147648,"sec":16867.4,"gen":768,"fit":0.8156,"fDef":0.9232,"fPB":0.9688,"fPush":0.8476,"fSelf":0.4903,"best":0.8372,"min":0.3926}
##TT##{"t":"gen","evals":147840,"sec":16889.3,"gen":769,"fit":0.8109,"fDef":0.9148,"fPB":0.9619,"fPush":0.8618,"fSelf":0.482,"best":0.8372,"min":0.5205}
##TT##{"t":"gen","evals":148032,"sec":16910.5,"gen":770,"fit":0.8145,"fDef":0.9233,"fPB":0.9618,"fPush":0.8802,"fSelf":0.4778,"best":0.8372,"min":0.5146}
gen 770  top.fit=0.8145 (vsDef=0.923 vsPB=0.962 vsPush=0.880 vsSelf=0.478)  best=0.8372  [16910.528s]
##TT##{"t":"gen","evals":148224,"sec":16931.3,"gen":771,"fit":0.8173,"fDef":0.9168,"fPB":0.9618,"fPush":0.8774,"fSelf":0.4965,"best":0.8372,"min":0.5259}
##TT##{"t":"gen","evals":148416,"sec":16952.9,"gen":772,"fit":0.8069,"fDef":0.9028,"fPB":0.9635,"fPush":0.8773,"fSelf":0.4682,"best":0.8372,"min":0.506}
##TT##{"t":"gen","evals":148608,"sec":16974.1,"gen":773,"fit":0.8034,"fDef":0.8998,"fPB":0.9653,"fPush":0.8462,"fSelf":0.4722,"best":0.8372,"min":0.5047}
##TT##{"t":"gen","evals":148800,"sec":16994.8,"gen":774,"fit":0.8098,"fDef":0.9135,"fPB":0.9724,"fPush":0.849,"fSelf":0.4724,"best":0.8372,"min":0.6822}
##TT##{"t":"gen","evals":148992,"sec":17016.3,"gen":775,"fit":0.8012,"fDef":0.9247,"fPB":0.9549,"fPush":0.8201,"fSelf":0.4665,"best":0.8372,"min":0.5504}
##TT##{"t":"gen","evals":149184,"sec":17037.3,"gen":776,"fit":0.8082,"fDef":0.9136,"fPB":0.9548,"fPush":0.8801,"fSelf":0.4725,"best":0.8372,"min":0.5542}
##TT##{"t":"gen","evals":149376,"sec":17058.2,"gen":777,"fit":0.8097,"fDef":0.9073,"fPB":0.9706,"fPush":0.8633,"fSelf":0.4728,"best":0.8372,"min":0.5786}
##TT##{"t":"gen","evals":149568,"sec":17079,"gen":778,"fit":0.8039,"fDef":0.8894,"fPB":0.9688,"fPush":0.845,"fSelf":0.4806,"best":0.8372,"min":0.6315}
##TT##{"t":"gen","evals":149760,"sec":17099.8,"gen":779,"fit":0.8067,"fDef":0.9151,"fPB":0.9584,"fPush":0.8742,"fSelf":0.4634,"best":0.8372,"min":0.5264}
##TT##{"t":"gen","evals":149952,"sec":17120.9,"gen":780,"fit":0.8025,"fDef":0.8874,"fPB":0.9618,"fPush":0.8673,"fSelf":0.4745,"best":0.8372,"min":0.4208}
gen 780  top.fit=0.8025 (vsDef=0.887 vsPB=0.962 vsPush=0.867 vsSelf=0.474)  best=0.8372  [17120.855s]
##TT##{"t":"gen","evals":150144,"sec":17141.8,"gen":781,"fit":0.8091,"fDef":0.9104,"fPB":0.9653,"fPush":0.8848,"fSelf":0.4628,"best":0.8372,"min":0.515}
##TT##{"t":"gen","evals":150336,"sec":17163.3,"gen":782,"fit":0.8014,"fDef":0.8905,"fPB":0.9583,"fPush":0.853,"fSelf":0.4791,"best":0.8372,"min":0.5105}
##TT##{"t":"gen","evals":150528,"sec":17185.4,"gen":783,"fit":0.8097,"fDef":0.9089,"fPB":0.976,"fPush":0.8686,"fSelf":0.4612,"best":0.8372,"min":0.557}
##TT##{"t":"gen","evals":150720,"sec":17207.4,"gen":784,"fit":0.8101,"fDef":0.8906,"fPB":0.9816,"fPush":0.8615,"fSelf":0.4776,"best":0.8372,"min":0.4698}
##TT##{"t":"gen","evals":150912,"sec":17228.2,"gen":785,"fit":0.8088,"fDef":0.9168,"fPB":0.9618,"fPush":0.8396,"fSelf":0.4843,"best":0.8372,"min":0.5151}
##TT##{"t":"gen","evals":151104,"sec":17250.1,"gen":786,"fit":0.8076,"fDef":0.9092,"fPB":0.9583,"fPush":0.8656,"fSelf":0.4776,"best":0.8372,"min":0.5036}
##TT##{"t":"gen","evals":151296,"sec":17271.7,"gen":787,"fit":0.8035,"fDef":0.8952,"fPB":0.9689,"fPush":0.8677,"fSelf":0.4611,"best":0.8372,"min":0.5794}
##TT##{"t":"gen","evals":151488,"sec":17292.9,"gen":788,"fit":0.8084,"fDef":0.928,"fPB":0.9706,"fPush":0.8558,"fSelf":0.4513,"best":0.8372,"min":0.5373}
##TT##{"t":"gen","evals":151680,"sec":17314.2,"gen":789,"fit":0.816,"fDef":0.9231,"fPB":0.9583,"fPush":0.8615,"fSelf":0.4983,"best":0.8372,"min":0.4543}
##TT##{"t":"gen","evals":151872,"sec":17335.1,"gen":790,"fit":0.8167,"fDef":0.9041,"fPB":0.9761,"fPush":0.8601,"fSelf":0.4976,"best":0.8372,"min":0.6059}
gen 790  top.fit=0.8167 (vsDef=0.904 vsPB=0.976 vsPush=0.860 vsSelf=0.498)  best=0.8372  [17335.103s]
##TT##{"t":"gen","evals":152064,"sec":17356.9,"gen":791,"fit":0.8065,"fDef":0.9073,"fPB":0.9796,"fPush":0.8517,"fSelf":0.455,"best":0.8372,"min":0.4665}
##TT##{"t":"gen","evals":152256,"sec":17378.6,"gen":792,"fit":0.8138,"fDef":0.9011,"fPB":0.967,"fPush":0.8575,"fSelf":0.5026,"best":0.8372,"min":0.5229}
##TT##{"t":"gen","evals":152448,"sec":17400.1,"gen":793,"fit":0.8161,"fDef":0.912,"fPB":0.9906,"fPush":0.8642,"fSelf":0.4659,"best":0.8372,"min":0.5837}
##TT##{"t":"gen","evals":152640,"sec":17421.5,"gen":794,"fit":0.8088,"fDef":0.9057,"fPB":0.9583,"fPush":0.8756,"fSelf":0.4806,"best":0.8372,"min":0.6171}
##TT##{"t":"gen","evals":152832,"sec":17442.7,"gen":795,"fit":0.8128,"fDef":0.9088,"fPB":0.9724,"fPush":0.8642,"fSelf":0.4803,"best":0.8372,"min":0.4151}
##TT##{"t":"gen","evals":153024,"sec":17464.4,"gen":796,"fit":0.8103,"fDef":0.8965,"fPB":0.9706,"fPush":0.8391,"fSelf":0.4991,"best":0.8372,"min":0.544}
##TT##{"t":"gen","evals":153216,"sec":17485.9,"gen":797,"fit":0.822,"fDef":0.9183,"fPB":0.9851,"fPush":0.8644,"fSelf":0.4894,"best":0.8372,"min":0.6307}
##TT##{"t":"gen","evals":153408,"sec":17507.2,"gen":798,"fit":0.812,"fDef":0.9296,"fPB":0.9706,"fPush":0.8819,"fSelf":0.4493,"best":0.8372,"min":0.5022}
##TT##{"t":"gen","evals":153600,"sec":17529.1,"gen":799,"fit":0.8112,"fDef":0.9152,"fPB":0.9742,"fPush":0.87,"fSelf":0.4625,"best":0.8372,"min":0.5607}
##TT##{"t":"gen","evals":153792,"sec":17551.2,"gen":800,"fit":0.8105,"fDef":0.9135,"fPB":0.9548,"fPush":0.8964,"fSelf":0.4725,"best":0.8372,"min":0.5123}
gen 800  top.fit=0.8105 (vsDef=0.914 vsPB=0.955 vsPush=0.896 vsSelf=0.472)  best=0.8372  [17551.239s]
##TT##{"t":"gen","evals":153984,"sec":17572.2,"gen":801,"fit":0.8157,"fDef":0.9033,"fPB":0.9888,"fPush":0.8792,"fSelf":0.4676,"best":0.8372,"min":0.5998}
##TT##{"t":"gen","evals":154176,"sec":17593.9,"gen":802,"fit":0.8102,"fDef":0.9119,"fPB":0.9724,"fPush":0.883,"fSelf":0.4571,"best":0.8372,"min":0.4845}
##TT##{"t":"gen","evals":154368,"sec":17615.2,"gen":803,"fit":0.8116,"fDef":0.9231,"fPB":0.9635,"fPush":0.8758,"fSelf":0.467,"best":0.8372,"min":0.5885}
##TT##{"t":"gen","evals":154560,"sec":17636,"gen":804,"fit":0.8178,"fDef":0.9043,"fPB":0.9832,"fPush":0.8831,"fSelf":0.48,"best":0.8372,"min":0.6232}
##TT##{"t":"gen","evals":154752,"sec":17656.1,"gen":805,"fit":0.815,"fDef":0.9167,"fPB":0.9653,"fPush":0.886,"fSelf":0.4783,"best":0.8372,"min":0.5488}
##TT##{"t":"gen","evals":154944,"sec":17677.6,"gen":806,"fit":0.8072,"fDef":0.9137,"fPB":0.9742,"fPush":0.8572,"fSelf":0.4556,"best":0.8372,"min":0.4433}
##TT##{"t":"gen","evals":155136,"sec":17699.1,"gen":807,"fit":0.8096,"fDef":0.9026,"fPB":0.9653,"fPush":0.8729,"fSelf":0.4788,"best":0.8372,"min":0.474}
##TT##{"t":"gen","evals":155328,"sec":17719,"gen":808,"fit":0.8199,"fDef":0.9183,"fPB":0.976,"fPush":0.8586,"fSelf":0.4964,"best":0.8372,"min":0.6746}
##TT##{"t":"gen","evals":155520,"sec":17739.3,"gen":809,"fit":0.8133,"fDef":0.9072,"fPB":0.9742,"fPush":0.8412,"fSelf":0.4941,"best":0.8372,"min":0.525}
##TT##{"t":"gen","evals":155712,"sec":17760.1,"gen":810,"fit":0.8089,"fDef":0.9231,"fPB":0.9688,"fPush":0.8705,"fSelf":0.4523,"best":0.8372,"min":0.5637}
gen 810  top.fit=0.8089 (vsDef=0.923 vsPB=0.969 vsPush=0.871 vsSelf=0.452)  best=0.8372  [17760.117s]
##TT##{"t":"gen","evals":155904,"sec":17780.5,"gen":811,"fit":0.811,"fDef":0.9183,"fPB":0.976,"fPush":0.8656,"fSelf":0.4583,"best":0.8372,"min":0.4781}
##TT##{"t":"gen","evals":156096,"sec":17801.3,"gen":812,"fit":0.8056,"fDef":0.9167,"fPB":0.9618,"fPush":0.8815,"fSelf":0.4495,"best":0.8372,"min":0.5958}
##TT##{"t":"gen","evals":156288,"sec":17821.7,"gen":813,"fit":0.8233,"fDef":0.9146,"fPB":0.9691,"fPush":0.9027,"fSelf":0.4987,"best":0.8372,"min":0.5792}
##TT##{"t":"gen","evals":156480,"sec":17843.2,"gen":814,"fit":0.8075,"fDef":0.8923,"fPB":0.9725,"fPush":0.8632,"fSelf":0.4771,"best":0.8372,"min":0.5168}
##TT##{"t":"gen","evals":156672,"sec":17864.1,"gen":815,"fit":0.8099,"fDef":0.92,"fPB":0.9706,"fPush":0.8663,"fSelf":0.4594,"best":0.8372,"min":0.4191}
##TT##{"t":"gen","evals":156864,"sec":17885,"gen":816,"fit":0.8118,"fDef":0.9167,"fPB":0.9742,"fPush":0.8831,"fSelf":0.4562,"best":0.8372,"min":0.3867}
##TT##{"t":"gen","evals":157056,"sec":17906.5,"gen":817,"fit":0.8051,"fDef":0.9073,"fPB":0.9653,"fPush":0.8544,"fSelf":0.467,"best":0.8372,"min":0.6167}
##TT##{"t":"gen","evals":157248,"sec":17928.6,"gen":818,"fit":0.8185,"fDef":0.9135,"fPB":0.9688,"fPush":0.8395,"fSelf":0.5156,"best":0.8372,"min":0.4823}
##TT##{"t":"gen","evals":157440,"sec":17949.9,"gen":819,"fit":0.8111,"fDef":0.9068,"fPB":0.9653,"fPush":0.8671,"fSelf":0.4838,"best":0.8372,"min":0.4697}
##TT##{"t":"gen","evals":157632,"sec":17971.6,"gen":820,"fit":0.8148,"fDef":0.9073,"fPB":0.9671,"fPush":0.8622,"fSelf":0.4977,"best":0.8372,"min":0.4547}
gen 820  top.fit=0.8148 (vsDef=0.907 vsPB=0.967 vsPush=0.862 vsSelf=0.498)  best=0.8372  [17971.559s]
##TT##{"t":"gen","evals":157824,"sec":17992.6,"gen":821,"fit":0.8164,"fDef":0.9104,"fPB":0.9761,"fPush":0.8701,"fSelf":0.4848,"best":0.8372,"min":0.5788}
##TT##{"t":"gen","evals":158016,"sec":18014.2,"gen":822,"fit":0.8163,"fDef":0.9106,"fPB":0.9781,"fPush":0.8517,"fSelf":0.4913,"best":0.8372,"min":0.5804}
##TT##{"t":"gen","evals":158208,"sec":18036.2,"gen":823,"fit":0.8079,"fDef":0.901,"fPB":0.9706,"fPush":0.8713,"fSelf":0.4677,"best":0.8372,"min":0.493}
##TT##{"t":"gen","evals":158400,"sec":18058.2,"gen":824,"fit":0.8059,"fDef":0.912,"fPB":0.9725,"fPush":0.8703,"fSelf":0.4475,"best":0.8372,"min":0.5058}
##TT##{"t":"gen","evals":158592,"sec":18079.4,"gen":825,"fit":0.8194,"fDef":0.9183,"fPB":0.9706,"fPush":0.8906,"fSelf":0.4846,"best":0.8372,"min":0.4007}
##TT##{"t":"gen","evals":158784,"sec":18100.6,"gen":826,"fit":0.8111,"fDef":0.9052,"fPB":0.9724,"fPush":0.8714,"fSelf":0.4737,"best":0.8372,"min":0.4995}
##TT##{"t":"gen","evals":158976,"sec":18122.2,"gen":827,"fit":0.8167,"fDef":0.9012,"fPB":0.976,"fPush":0.8742,"fSelf":0.4931,"best":0.8372,"min":0.4972}
##TT##{"t":"gen","evals":159168,"sec":18143.4,"gen":828,"fit":0.8097,"fDef":0.9057,"fPB":0.9851,"fPush":0.876,"fSelf":0.4487,"best":0.8372,"min":0.5728}
##TT##{"t":"gen","evals":159360,"sec":18164.7,"gen":829,"fit":0.8061,"fDef":0.9077,"fPB":0.9688,"fPush":0.8742,"fSelf":0.4551,"best":0.8372,"min":0.5188}
##TT##{"t":"gen","evals":159552,"sec":18185.8,"gen":830,"fit":0.8102,"fDef":0.9168,"fPB":0.9706,"fPush":0.8787,"fSelf":0.4571,"best":0.8372,"min":0.4218}
gen 830  top.fit=0.8102 (vsDef=0.917 vsPB=0.971 vsPush=0.879 vsSelf=0.457)  best=0.8372  [18185.833s]
##TT##{"t":"gen","evals":159744,"sec":18207.1,"gen":831,"fit":0.8154,"fDef":0.9041,"fPB":0.9832,"fPush":0.8408,"fSelf":0.4937,"best":0.8372,"min":0.495}
##TT##{"t":"gen","evals":159936,"sec":18228,"gen":832,"fit":0.8183,"fDef":0.9104,"fPB":0.9742,"fPush":0.8859,"fSelf":0.4858,"best":0.8372,"min":0.3983}
##TT##{"t":"gen","evals":160128,"sec":18249.8,"gen":833,"fit":0.8203,"fDef":0.9279,"fPB":0.9708,"fPush":0.8684,"fSelf":0.49,"best":0.8372,"min":0.4707}
##TT##{"t":"gen","evals":160320,"sec":18271.1,"gen":834,"fit":0.8093,"fDef":0.9011,"fPB":0.976,"fPush":0.8964,"fSelf":0.4525,"best":0.8372,"min":0.6054}
##TT##{"t":"gen","evals":160512,"sec":18292.1,"gen":835,"fit":0.8095,"fDef":0.9144,"fPB":0.96,"fPush":0.869,"fSelf":0.4759,"best":0.8372,"min":0.6482}
##TT##{"t":"gen","evals":160704,"sec":18313.1,"gen":836,"fit":0.8039,"fDef":0.9029,"fPB":0.9833,"fPush":0.8481,"fSelf":0.4466,"best":0.8372,"min":0.4763}
##TT##{"t":"gen","evals":160896,"sec":18334.8,"gen":837,"fit":0.8077,"fDef":0.8865,"fPB":0.9724,"fPush":0.88,"fSelf":0.4744,"best":0.8372,"min":0.478}
##TT##{"t":"gen","evals":161088,"sec":18356.6,"gen":838,"fit":0.8092,"fDef":0.9265,"fPB":0.9514,"fPush":0.8559,"fSelf":0.4807,"best":0.8372,"min":0.4254}
##TT##{"t":"gen","evals":161280,"sec":18377,"gen":839,"fit":0.8116,"fDef":0.9135,"fPB":0.967,"fPush":0.9035,"fSelf":0.4569,"best":0.8372,"min":0.5482}
##TT##{"t":"gen","evals":161472,"sec":18398.5,"gen":840,"fit":0.8102,"fDef":0.9088,"fPB":0.976,"fPush":0.8558,"fSelf":0.4702,"best":0.8372,"min":0.4526}
gen 840  top.fit=0.8102 (vsDef=0.909 vsPB=0.976 vsPush=0.856 vsSelf=0.470)  best=0.8372  [18398.498s]
##TT##{"t":"gen","evals":161664,"sec":18419.8,"gen":841,"fit":0.8049,"fDef":0.9088,"fPB":0.976,"fPush":0.8558,"fSelf":0.4498,"best":0.8372,"min":0.5405}
##TT##{"t":"gen","evals":161856,"sec":18441.2,"gen":842,"fit":0.8106,"fDef":0.9057,"fPB":0.9531,"fPush":0.87,"fSelf":0.4971,"best":0.8372,"min":0.5458}
##TT##{"t":"gen","evals":162048,"sec":18462.8,"gen":843,"fit":0.8069,"fDef":0.9313,"fPB":0.967,"fPush":0.8494,"fSelf":0.4501,"best":0.8372,"min":0.4877}
##TT##{"t":"gen","evals":162240,"sec":18485,"gen":844,"fit":0.8151,"fDef":0.9183,"fPB":0.9778,"fPush":0.8727,"fSelf":0.4681,"best":0.8372,"min":0.4788}
##TT##{"t":"gen","evals":162432,"sec":18506.6,"gen":845,"fit":0.8114,"fDef":0.9264,"fPB":0.9761,"fPush":0.8728,"fSelf":0.4479,"best":0.8372,"min":0.4337}
##TT##{"t":"gen","evals":162624,"sec":18528.7,"gen":846,"fit":0.8064,"fDef":0.9183,"fPB":0.9653,"fPush":0.8412,"fSelf":0.4678,"best":0.8372,"min":0.448}
##TT##{"t":"gen","evals":162816,"sec":18550.3,"gen":847,"fit":0.8042,"fDef":0.9153,"fPB":0.9653,"fPush":0.8566,"fSelf":0.4544,"best":0.8372,"min":0.511}
##TT##{"t":"gen","evals":163008,"sec":18572.5,"gen":848,"fit":0.8054,"fDef":0.9232,"fPB":0.9706,"fPush":0.8559,"fSelf":0.4442,"best":0.8372,"min":0.4952}
##TT##{"t":"gen","evals":163200,"sec":18593.8,"gen":849,"fit":0.7973,"fDef":0.9026,"fPB":0.947,"fPush":0.8589,"fSelf":0.463,"best":0.8372,"min":0.5635}
##TT##{"t":"gen","evals":163392,"sec":18616,"gen":850,"fit":0.8042,"fDef":0.9026,"fPB":0.9688,"fPush":0.8699,"fSelf":0.4553,"best":0.8372,"min":0.5374}
gen 850  top.fit=0.8042 (vsDef=0.903 vsPB=0.969 vsPush=0.870 vsSelf=0.455)  best=0.8372  [18615.95s]
##TT##{"t":"gen","evals":163584,"sec":18637.3,"gen":851,"fit":0.8098,"fDef":0.895,"fPB":0.9888,"fPush":0.8536,"fSelf":0.4668,"best":0.8372,"min":0.6151}
##TT##{"t":"gen","evals":163776,"sec":18658.5,"gen":852,"fit":0.8127,"fDef":0.9215,"fPB":0.9742,"fPush":0.8635,"fSelf":0.4655,"best":0.8372,"min":0.5891}
##TT##{"t":"gen","evals":163968,"sec":18679.4,"gen":853,"fit":0.8121,"fDef":0.9315,"fPB":0.9688,"fPush":0.8729,"fSelf":0.4549,"best":0.8372,"min":0.5118}
##TT##{"t":"gen","evals":164160,"sec":18700.6,"gen":854,"fit":0.8059,"fDef":0.9041,"fPB":0.9653,"fPush":0.8685,"fSelf":0.4654,"best":0.8372,"min":0.5015}
##TT##{"t":"gen","evals":164352,"sec":18721.4,"gen":855,"fit":0.8072,"fDef":0.9138,"fPB":0.976,"fPush":0.8438,"fSelf":0.4601,"best":0.8372,"min":0.5161}
##TT##{"t":"gen","evals":164544,"sec":18742.8,"gen":856,"fit":0.8131,"fDef":0.9249,"fPB":0.9671,"fPush":0.8908,"fSelf":0.4579,"best":0.8372,"min":0.5802}
##TT##{"t":"gen","evals":164736,"sec":18763.7,"gen":857,"fit":0.8137,"fDef":0.8908,"fPB":0.9869,"fPush":0.8544,"fSelf":0.4881,"best":0.8372,"min":0.5619}
##TT##{"t":"gen","evals":164928,"sec":18784.6,"gen":858,"fit":0.8053,"fDef":0.9185,"fPB":0.9778,"fPush":0.8671,"fSelf":0.4332,"best":0.8372,"min":0.5837}
##TT##{"t":"gen","evals":165120,"sec":18805.5,"gen":859,"fit":0.8047,"fDef":0.906,"fPB":0.9833,"fPush":0.8589,"fSelf":0.4409,"best":0.8372,"min":0.5548}
##TT##{"t":"gen","evals":165312,"sec":18826.7,"gen":860,"fit":0.8031,"fDef":0.8996,"fPB":0.9742,"fPush":0.853,"fSelf":0.4562,"best":0.8372,"min":0.4753}
gen 860  top.fit=0.8031 (vsDef=0.900 vsPB=0.974 vsPush=0.853 vsSelf=0.456)  best=0.8372  [18826.674s]
##TT##{"t":"gen","evals":165504,"sec":18847.9,"gen":861,"fit":0.8094,"fDef":0.9081,"fPB":0.967,"fPush":0.867,"fSelf":0.4737,"best":0.8372,"min":0.4757}
##TT##{"t":"gen","evals":165696,"sec":18868.9,"gen":862,"fit":0.8107,"fDef":0.9199,"fPB":0.9672,"fPush":0.853,"fSelf":0.474,"best":0.8372,"min":0.4815}
##TT##{"t":"gen","evals":165888,"sec":18889.9,"gen":863,"fit":0.8127,"fDef":0.9171,"fPB":0.9778,"fPush":0.8663,"fSelf":0.4637,"best":0.8372,"min":0.5272}
##TT##{"t":"gen","evals":166080,"sec":18911.6,"gen":864,"fit":0.8154,"fDef":0.9263,"fPB":0.976,"fPush":0.8588,"fSelf":0.4713,"best":0.8372,"min":0.5299}
##TT##{"t":"gen","evals":166272,"sec":18932.1,"gen":865,"fit":0.8044,"fDef":0.9104,"fPB":0.9688,"fPush":0.86,"fSelf":0.4536,"best":0.8372,"min":0.6189}
##TT##{"t":"gen","evals":166464,"sec":18953.6,"gen":866,"fit":0.8104,"fDef":0.9183,"fPB":0.9708,"fPush":0.8713,"fSelf":0.4599,"best":0.8372,"min":0.5423}
##TT##{"t":"gen","evals":166656,"sec":18974.9,"gen":867,"fit":0.8151,"fDef":0.9313,"fPB":0.9796,"fPush":0.8475,"fSelf":0.4661,"best":0.8372,"min":0.3913}
##TT##{"t":"gen","evals":166848,"sec":18996.3,"gen":868,"fit":0.804,"fDef":0.9122,"fPB":0.9618,"fPush":0.86,"fSelf":0.4594,"best":0.8372,"min":0.5547}
##TT##{"t":"gen","evals":167040,"sec":19017.4,"gen":869,"fit":0.8072,"fDef":0.9057,"fPB":0.9796,"fPush":0.8426,"fSelf":0.4642,"best":0.8372,"min":0.4242}
##TT##{"t":"gen","evals":167232,"sec":19039.5,"gen":870,"fit":0.8027,"fDef":0.9168,"fPB":0.96,"fPush":0.8643,"fSelf":0.4496,"best":0.8372,"min":0.5028}
gen 870  top.fit=0.8027 (vsDef=0.917 vsPB=0.960 vsPush=0.864 vsSelf=0.450)  best=0.8372  [19039.495s]
##TT##{"t":"gen","evals":167424,"sec":19061.3,"gen":871,"fit":0.8101,"fDef":0.9199,"fPB":0.9671,"fPush":0.8574,"fSelf":0.4694,"best":0.8372,"min":0.3665}
##TT##{"t":"gen","evals":167616,"sec":19083.2,"gen":872,"fit":0.8064,"fDef":0.9013,"fPB":0.9869,"fPush":0.8544,"fSelf":0.4497,"best":0.8372,"min":0.5098}
##TT##{"t":"gen","evals":167808,"sec":19104.6,"gen":873,"fit":0.8122,"fDef":0.8907,"fPB":0.9851,"fPush":0.8522,"fSelf":0.4861,"best":0.8372,"min":0.4741}
##TT##{"t":"gen","evals":168000,"sec":19125.5,"gen":874,"fit":0.8115,"fDef":0.9104,"fPB":0.9796,"fPush":0.8642,"fSelf":0.4646,"best":0.8372,"min":0.5553}
##TT##{"t":"gen","evals":168192,"sec":19146.8,"gen":875,"fit":0.8074,"fDef":0.9248,"fPB":0.969,"fPush":0.8614,"fSelf":0.4495,"best":0.8372,"min":0.4931}
##TT##{"t":"gen","evals":168384,"sec":19167.8,"gen":876,"fit":0.8086,"fDef":0.9215,"fPB":0.978,"fPush":0.8757,"fSelf":0.4379,"best":0.8372,"min":0.5465}
##TT##{"t":"gen","evals":168576,"sec":19189.2,"gen":877,"fit":0.8061,"fDef":0.9183,"fPB":0.9653,"fPush":0.8602,"fSelf":0.4568,"best":0.8372,"min":0.3846}
##TT##{"t":"gen","evals":168768,"sec":19210.4,"gen":878,"fit":0.8083,"fDef":0.9153,"fPB":0.9724,"fPush":0.8714,"fSelf":0.4527,"best":0.8372,"min":0.5368}
##TT##{"t":"gen","evals":168960,"sec":19232.1,"gen":879,"fit":0.8073,"fDef":0.8923,"fPB":0.9724,"fPush":0.8516,"fSelf":0.4828,"best":0.8372,"min":0.5161}
##TT##{"t":"gen","evals":169152,"sec":19253.2,"gen":880,"fit":0.8049,"fDef":0.8891,"fPB":0.9869,"fPush":0.8819,"fSelf":0.4412,"best":0.8372,"min":0.5164}
gen 880  top.fit=0.8049 (vsDef=0.889 vsPB=0.987 vsPush=0.882 vsSelf=0.441)  best=0.8372  [19253.193s]
##TT##{"t":"gen","evals":169344,"sec":19274.9,"gen":881,"fit":0.8051,"fDef":0.9105,"fPB":0.96,"fPush":0.8751,"fSelf":0.4592,"best":0.8372,"min":0.4932}
##TT##{"t":"gen","evals":169536,"sec":19296.3,"gen":882,"fit":0.807,"fDef":0.9334,"fPB":0.9637,"fPush":0.8642,"fSelf":0.4448,"best":0.8372,"min":0.5791}
##TT##{"t":"gen","evals":169728,"sec":19317.7,"gen":883,"fit":0.8115,"fDef":0.92,"fPB":0.9833,"fPush":0.8627,"fSelf":0.4508,"best":0.8372,"min":0.5922}
##TT##{"t":"gen","evals":169920,"sec":19338.2,"gen":884,"fit":0.8033,"fDef":0.9216,"fPB":0.96,"fPush":0.8642,"fSelf":0.4474,"best":0.8372,"min":0.5726}
##TT##{"t":"gen","evals":170112,"sec":19359.6,"gen":885,"fit":0.8187,"fDef":0.9151,"fPB":0.9761,"fPush":0.898,"fSelf":0.4737,"best":0.8372,"min":0.5665}
##TT##{"t":"gen","evals":170304,"sec":19380.9,"gen":886,"fit":0.8023,"fDef":0.9298,"fPB":0.9725,"fPush":0.8728,"fSelf":0.4143,"best":0.8372,"min":0.5428}
##TT##{"t":"gen","evals":170496,"sec":19401.5,"gen":887,"fit":0.8113,"fDef":0.9232,"fPB":0.9814,"fPush":0.8559,"fSelf":0.4528,"best":0.8372,"min":0.5992}
##TT##{"t":"gen","evals":170688,"sec":19422.5,"gen":888,"fit":0.8047,"fDef":0.9169,"fPB":0.948,"fPush":0.8604,"fSelf":0.475,"best":0.8372,"min":0.5267}
##TT##{"t":"gen","evals":170880,"sec":19443.9,"gen":889,"fit":0.8168,"fDef":0.9312,"fPB":0.9583,"fPush":0.856,"fSelf":0.4962,"best":0.8372,"min":0.5852}
##TT##{"t":"gen","evals":171072,"sec":19466,"gen":890,"fit":0.823,"fDef":0.9121,"fPB":0.9531,"fPush":0.8936,"fSelf":0.5257,"best":0.8372,"min":0.4866}
gen 890  top.fit=0.8230 (vsDef=0.912 vsPB=0.953 vsPush=0.894 vsSelf=0.526)  best=0.8372  [19466.02s]
##TT##{"t":"gen","evals":171264,"sec":19487.8,"gen":891,"fit":0.8157,"fDef":0.9247,"fPB":0.943,"fPush":0.8628,"fSelf":0.5148,"best":0.8372,"min":0.5049}
##TT##{"t":"gen","evals":171456,"sec":19509,"gen":892,"fit":0.8092,"fDef":0.9135,"fPB":0.9312,"fPush":0.8762,"fSelf":0.5091,"best":0.8372,"min":0.4968}
##TT##{"t":"gen","evals":171648,"sec":19531.5,"gen":893,"fit":0.8076,"fDef":0.9088,"fPB":0.9397,"fPush":0.8617,"fSelf":0.5046,"best":0.8372,"min":0.4544}
##TT##{"t":"gen","evals":171840,"sec":19553,"gen":894,"fit":0.8154,"fDef":0.9279,"fPB":0.9566,"fPush":0.8685,"fSelf":0.4895,"best":0.8372,"min":0.5945}
##TT##{"t":"gen","evals":172032,"sec":19574.4,"gen":895,"fit":0.8233,"fDef":0.9026,"fPB":0.96,"fPush":0.8505,"fSelf":0.5507,"best":0.8372,"min":0.5389}
##TT##{"t":"gen","evals":172224,"sec":19595.8,"gen":896,"fit":0.8134,"fDef":0.9154,"fPB":0.948,"fPush":0.8586,"fSelf":0.5112,"best":0.8372,"min":0.457}
##TT##{"t":"gen","evals":172416,"sec":19617.8,"gen":897,"fit":0.8103,"fDef":0.9011,"fPB":0.9601,"fPush":0.88,"fSelf":0.4861,"best":0.8372,"min":0.5047}
##TT##{"t":"gen","evals":172608,"sec":19640,"gen":898,"fit":0.8205,"fDef":0.9137,"fPB":0.9671,"fPush":0.8558,"fSelf":0.5167,"best":0.8372,"min":0.4615}
##TT##{"t":"gen","evals":172800,"sec":19662,"gen":899,"fit":0.8113,"fDef":0.909,"fPB":0.9584,"fPush":0.8503,"fSelf":0.5003,"best":0.8372,"min":0.4378}
##TT##{"t":"gen","evals":172992,"sec":19684.1,"gen":900,"fit":0.8061,"fDef":0.9044,"fPB":0.9445,"fPush":0.8628,"fSelf":0.4963,"best":0.8372,"min":0.4952}
gen 900  top.fit=0.8061 (vsDef=0.904 vsPB=0.945 vsPush=0.863 vsSelf=0.496)  best=0.8372  [19684.071s]
##TT##{"t":"gen","evals":173184,"sec":19706.6,"gen":901,"fit":0.8139,"fDef":0.9206,"fPB":0.948,"fPush":0.849,"fSelf":0.5132,"best":0.8372,"min":0.5542}
##TT##{"t":"gen","evals":173376,"sec":19728.9,"gen":902,"fit":0.8123,"fDef":0.9184,"fPB":0.9925,"fPush":0.8544,"fSelf":0.4478,"best":0.8372,"min":0.6069}
##TT##{"t":"gen","evals":173568,"sec":19751.6,"gen":903,"fit":0.8018,"fDef":0.9013,"fPB":0.9397,"fPush":0.8555,"fSelf":0.493,"best":0.8372,"min":0.4178}
##TT##{"t":"gen","evals":173760,"sec":19773.8,"gen":904,"fit":0.8116,"fDef":0.9151,"fPB":0.9445,"fPush":0.9057,"fSelf":0.4835,"best":0.8372,"min":0.6403}
##TT##{"t":"gen","evals":173952,"sec":19795.7,"gen":905,"fit":0.808,"fDef":0.9057,"fPB":0.9413,"fPush":0.8907,"fSelf":0.4916,"best":0.8372,"min":0.3991}
##TT##{"t":"gen","evals":174144,"sec":19818,"gen":906,"fit":0.8193,"fDef":0.9057,"fPB":0.9531,"fPush":0.8758,"fSelf":0.5277,"best":0.8372,"min":0.4592}
##TT##{"t":"gen","evals":174336,"sec":19840,"gen":907,"fit":0.8184,"fDef":0.9119,"fPB":0.9514,"fPush":0.8748,"fSelf":0.5207,"best":0.8372,"min":0.613}
##TT##{"t":"gen","evals":174528,"sec":19862.1,"gen":908,"fit":0.8103,"fDef":0.8905,"fPB":0.9583,"fPush":0.8875,"fSelf":0.495,"best":0.8372,"min":0.4614}
##TT##{"t":"gen","evals":174720,"sec":19884.4,"gen":909,"fit":0.8017,"fDef":0.9167,"fPB":0.9395,"fPush":0.8426,"fSelf":0.4846,"best":0.8372,"min":0.5411}
##TT##{"t":"gen","evals":174912,"sec":19906,"gen":910,"fit":0.8103,"fDef":0.9263,"fPB":0.9447,"fPush":0.8613,"fSelf":0.4911,"best":0.8372,"min":0.4582}
gen 910  top.fit=0.8103 (vsDef=0.926 vsPB=0.945 vsPush=0.861 vsSelf=0.491)  best=0.8372  [19905.989s]
##TT##{"t":"gen","evals":175104,"sec":19927.8,"gen":911,"fit":0.8159,"fDef":0.9279,"fPB":0.9463,"fPush":0.8586,"fSelf":0.5105,"best":0.8372,"min":0.5171}
##TT##{"t":"gen","evals":175296,"sec":19949.6,"gen":912,"fit":0.8108,"fDef":0.9042,"fPB":0.9378,"fPush":0.87,"fSelf":0.5196,"best":0.8372,"min":0.4557}
##TT##{"t":"gen","evals":175488,"sec":19971.9,"gen":913,"fit":0.8113,"fDef":0.9136,"fPB":0.9688,"fPush":0.8648,"fSelf":0.4743,"best":0.8372,"min":0.3606}
##TT##{"t":"gen","evals":175680,"sec":19995.1,"gen":914,"fit":0.8096,"fDef":0.9041,"fPB":0.9349,"fPush":0.8716,"fSelf":0.518,"best":0.8372,"min":0.4824}
##TT##{"t":"gen","evals":175872,"sec":20016.1,"gen":915,"fit":0.8179,"fDef":0.9122,"fPB":0.9636,"fPush":0.8574,"fSelf":0.5117,"best":0.8372,"min":0.4832}
##TT##{"t":"gen","evals":176064,"sec":20037.9,"gen":916,"fit":0.8128,"fDef":0.9135,"fPB":0.9565,"fPush":0.8758,"fSelf":0.4901,"best":0.8372,"min":0.5008}
##TT##{"t":"gen","evals":176256,"sec":20058.5,"gen":917,"fit":0.8036,"fDef":0.9183,"fPB":0.9297,"fPush":0.8767,"fSelf":0.4848,"best":0.8372,"min":0.533}
##TT##{"t":"gen","evals":176448,"sec":20080.5,"gen":918,"fit":0.8087,"fDef":0.9075,"fPB":0.9412,"fPush":0.8802,"fSelf":0.4983,"best":0.8372,"min":0.5044}
##TT##{"t":"gen","evals":176640,"sec":20102.5,"gen":919,"fit":0.819,"fDef":0.9298,"fPB":0.96,"fPush":0.8705,"fSelf":0.4961,"best":0.8372,"min":0.4794}
##TT##{"t":"gen","evals":176832,"sec":20123.9,"gen":920,"fit":0.8201,"fDef":0.9073,"fPB":0.9674,"fPush":0.8919,"fSelf":0.5017,"best":0.8372,"min":0.4234}
gen 920  top.fit=0.8201 (vsDef=0.907 vsPB=0.967 vsPush=0.892 vsSelf=0.502)  best=0.8372  [20123.859s]
##TT##{"t":"gen","evals":177024,"sec":20145.9,"gen":921,"fit":0.8125,"fDef":0.9057,"fPB":0.9565,"fPush":0.8448,"fSelf":0.5137,"best":0.8372,"min":0.5144}
##TT##{"t":"gen","evals":177216,"sec":20167.3,"gen":922,"fit":0.8159,"fDef":0.9263,"fPB":0.9279,"fPush":0.8771,"fSelf":0.5261,"best":0.8372,"min":0.3932}
##TT##{"t":"gen","evals":177408,"sec":20189,"gen":923,"fit":0.8148,"fDef":0.9121,"fPB":0.9566,"fPush":0.8532,"fSelf":0.5112,"best":0.8372,"min":0.4618}
##TT##{"t":"gen","evals":177600,"sec":20211.8,"gen":924,"fit":0.826,"fDef":0.9248,"fPB":0.9549,"fPush":0.8699,"fSelf":0.5351,"best":0.8372,"min":0.4745}
##TT##{"t":"gen","evals":177792,"sec":20233.4,"gen":925,"fit":0.815,"fDef":0.8996,"fPB":0.9497,"fPush":0.8718,"fSelf":0.5237,"best":0.8372,"min":0.5147}
##TT##{"t":"gen","evals":177984,"sec":20254.9,"gen":926,"fit":0.8087,"fDef":0.9057,"fPB":0.948,"fPush":0.8644,"fSelf":0.4994,"best":0.8372,"min":0.5127}
##TT##{"t":"gen","evals":178176,"sec":20276.2,"gen":927,"fit":0.8206,"fDef":0.928,"fPB":0.9601,"fPush":0.8787,"fSelf":0.4995,"best":0.8372,"min":0.3308}
##TT##{"t":"gen","evals":178368,"sec":20298.3,"gen":928,"fit":0.8139,"fDef":0.9183,"fPB":0.9448,"fPush":0.8787,"fSelf":0.5036,"best":0.8372,"min":0.4748}
##TT##{"t":"gen","evals":178560,"sec":20320.5,"gen":929,"fit":0.811,"fDef":0.9183,"fPB":0.933,"fPush":0.8786,"fSelf":0.5078,"best":0.8372,"min":0.5083}
##TT##{"t":"gen","evals":178752,"sec":20342.2,"gen":930,"fit":0.8186,"fDef":0.9043,"fPB":0.9548,"fPush":0.8699,"fSelf":0.5272,"best":0.8372,"min":0.4628}
gen 930  top.fit=0.8186 (vsDef=0.904 vsPB=0.955 vsPush=0.870 vsSelf=0.527)  best=0.8372  [20342.181s]
##TT##{"t":"gen","evals":178944,"sec":20364.3,"gen":931,"fit":0.8169,"fDef":0.9077,"fPB":0.9552,"fPush":0.8699,"fSelf":0.5168,"best":0.8372,"min":0.4773}
##TT##{"t":"gen","evals":179136,"sec":20386.6,"gen":932,"fit":0.8136,"fDef":0.9105,"fPB":0.9516,"fPush":0.8567,"fSelf":0.513,"best":0.8372,"min":0.5046}
##TT##{"t":"gen","evals":179328,"sec":20408.9,"gen":933,"fit":0.8099,"fDef":0.9015,"fPB":0.9635,"fPush":0.88,"fSelf":0.4795,"best":0.8372,"min":0.5815}
##TT##{"t":"gen","evals":179520,"sec":20430.8,"gen":934,"fit":0.8152,"fDef":0.9104,"fPB":0.9412,"fPush":0.8815,"fSelf":0.5196,"best":0.8372,"min":0.4509}
##TT##{"t":"gen","evals":179712,"sec":20451.9,"gen":935,"fit":0.8157,"fDef":0.9231,"fPB":0.96,"fPush":0.8759,"fSelf":0.4872,"best":0.8372,"min":0.5623}
##TT##{"t":"gen","evals":179904,"sec":20473.4,"gen":936,"fit":0.8079,"fDef":0.9249,"fPB":0.9498,"fPush":0.8874,"fSelf":0.4624,"best":0.8372,"min":0.501}
##TT##{"t":"gen","evals":180096,"sec":20494.9,"gen":937,"fit":0.8135,"fDef":0.92,"fPB":0.9446,"fPush":0.8771,"fSelf":0.5013,"best":0.8372,"min":0.5068}
##TT##{"t":"gen","evals":180288,"sec":20516.6,"gen":938,"fit":0.8137,"fDef":0.9121,"fPB":0.9636,"fPush":0.8687,"fSelf":0.4897,"best":0.8372,"min":0.4895}
##TT##{"t":"gen","evals":180480,"sec":20537.9,"gen":939,"fit":0.8127,"fDef":0.9168,"fPB":0.96,"fPush":0.8684,"fSelf":0.486,"best":0.8372,"min":0.4789}
##TT##{"t":"gen","evals":180672,"sec":20559.6,"gen":940,"fit":0.8076,"fDef":0.9042,"fPB":0.9583,"fPush":0.8463,"fSelf":0.4933,"best":0.8372,"min":0.5183}
gen 940  top.fit=0.8076 (vsDef=0.904 vsPB=0.958 vsPush=0.846 vsSelf=0.493)  best=0.8372  [20559.57s]
##TT##{"t":"gen","evals":180864,"sec":20581.6,"gen":941,"fit":0.8117,"fDef":0.8997,"fPB":0.9585,"fPush":0.8788,"fSelf":0.4955,"best":0.8372,"min":0.5011}
##TT##{"t":"gen","evals":181056,"sec":20603.3,"gen":942,"fit":0.8089,"fDef":0.9104,"fPB":0.9362,"fPush":0.8544,"fSelf":0.5165,"best":0.8372,"min":0.492}
##TT##{"t":"gen","evals":181248,"sec":20625.3,"gen":943,"fit":0.8146,"fDef":0.9042,"fPB":0.948,"fPush":0.8687,"fSelf":0.5215,"best":0.8372,"min":0.4418}
##TT##{"t":"gen","evals":181440,"sec":20646.8,"gen":944,"fit":0.8047,"fDef":0.9215,"fPB":0.943,"fPush":0.8656,"fSelf":0.4743,"best":0.8372,"min":0.5104}
##TT##{"t":"gen","evals":181632,"sec":20668.6,"gen":945,"fit":0.8108,"fDef":0.9345,"fPB":0.9618,"fPush":0.8544,"fSelf":0.4661,"best":0.8372,"min":0.4939}
##TT##{"t":"gen","evals":181824,"sec":20689.9,"gen":946,"fit":0.8106,"fDef":0.9183,"fPB":0.9797,"fPush":0.892,"fSelf":0.4378,"best":0.8372,"min":0.4773}
##TT##{"t":"gen","evals":182016,"sec":20712.2,"gen":947,"fit":0.8126,"fDef":0.9248,"fPB":0.9497,"fPush":0.8895,"fSelf":0.4796,"best":0.8372,"min":0.4291}
##TT##{"t":"gen","evals":182208,"sec":20734.3,"gen":948,"fit":0.8136,"fDef":0.9107,"fPB":0.9688,"fPush":0.8614,"fSelf":0.4878,"best":0.8372,"min":0.4956}
##TT##{"t":"gen","evals":182400,"sec":20756.1,"gen":949,"fit":0.8176,"fDef":0.901,"fPB":0.9833,"fPush":0.8785,"fSelf":0.4848,"best":0.8372,"min":0.4714}
##TT##{"t":"gen","evals":182592,"sec":20777.7,"gen":950,"fit":0.8125,"fDef":0.9119,"fPB":0.976,"fPush":0.8875,"fSelf":0.4588,"best":0.8372,"min":0.3747}
gen 950  top.fit=0.8125 (vsDef=0.912 vsPB=0.976 vsPush=0.888 vsSelf=0.459)  best=0.8372  [20777.661s]
##TT##{"t":"gen","evals":182784,"sec":20800.2,"gen":951,"fit":0.8149,"fDef":0.9073,"fPB":0.9583,"fPush":0.883,"fSelf":0.4985,"best":0.8372,"min":0.4778}
##TT##{"t":"gen","evals":182976,"sec":20821.2,"gen":952,"fit":0.815,"fDef":0.9119,"fPB":0.9479,"fPush":0.8756,"fSelf":0.5116,"best":0.8372,"min":0.6351}
##TT##{"t":"gen","evals":183168,"sec":20843.5,"gen":953,"fit":0.8077,"fDef":0.9058,"fPB":0.9548,"fPush":0.8628,"fSelf":0.4876,"best":0.8372,"min":0.4375}
##TT##{"t":"gen","evals":183360,"sec":20865.9,"gen":954,"fit":0.8086,"fDef":0.898,"fPB":0.9448,"fPush":0.8394,"fSelf":0.5246,"best":0.8372,"min":0.5169}
##TT##{"t":"gen","evals":183552,"sec":20887.5,"gen":955,"fit":0.8142,"fDef":0.9199,"fPB":0.9618,"fPush":0.853,"fSelf":0.4947,"best":0.8372,"min":0.5646}
##TT##{"t":"gen","evals":183744,"sec":20909.4,"gen":956,"fit":0.8069,"fDef":0.9168,"fPB":0.9583,"fPush":0.853,"fSelf":0.4741,"best":0.8372,"min":0.5513}
##TT##{"t":"gen","evals":183936,"sec":20931.4,"gen":957,"fit":0.816,"fDef":0.9072,"fPB":0.9514,"fPush":0.8699,"fSelf":0.5186,"best":0.8372,"min":0.5215}
##TT##{"t":"gen","evals":184128,"sec":20953.4,"gen":958,"fit":0.8144,"fDef":0.9121,"fPB":0.9653,"fPush":0.8586,"fSelf":0.4957,"best":0.8372,"min":0.4036}
##TT##{"t":"gen","evals":184320,"sec":20975.1,"gen":959,"fit":0.8159,"fDef":0.9199,"fPB":0.9548,"fPush":0.8685,"fSelf":0.502,"best":0.8372,"min":0.5327}
##TT##{"t":"gen","evals":184512,"sec":20997.1,"gen":960,"fit":0.8149,"fDef":0.9107,"fPB":0.9724,"fPush":0.8382,"fSelf":0.5006,"best":0.8372,"min":0.6289}
gen 960  top.fit=0.8149 (vsDef=0.911 vsPB=0.972 vsPush=0.838 vsSelf=0.501)  best=0.8372  [20997.084s]
##TT##{"t":"gen","evals":184704,"sec":21019.8,"gen":961,"fit":0.8116,"fDef":0.9136,"fPB":0.9497,"fPush":0.8742,"fSelf":0.4952,"best":0.8372,"min":0.4495}
##TT##{"t":"gen","evals":184896,"sec":21042.2,"gen":962,"fit":0.8148,"fDef":0.9057,"fPB":0.9565,"fPush":0.8628,"fSelf":0.5127,"best":0.8372,"min":0.426}
##TT##{"t":"gen","evals":185088,"sec":21064.4,"gen":963,"fit":0.8151,"fDef":0.9163,"fPB":0.948,"fPush":0.8844,"fSelf":0.5027,"best":0.8372,"min":0.3954}
##TT##{"t":"gen","evals":185280,"sec":21086.8,"gen":964,"fit":0.812,"fDef":0.9058,"fPB":0.9583,"fPush":0.8788,"fSelf":0.491,"best":0.8372,"min":0.4002}
##TT##{"t":"gen","evals":185472,"sec":21108.7,"gen":965,"fit":0.8153,"fDef":0.9043,"fPB":0.9548,"fPush":0.8757,"fSelf":0.5112,"best":0.8372,"min":0.4783}
##TT##{"t":"gen","evals":185664,"sec":21131.1,"gen":966,"fit":0.8168,"fDef":0.9042,"fPB":0.9603,"fPush":0.8904,"fSelf":0.5021,"best":0.8372,"min":0.4555}
##TT##{"t":"gen","evals":185856,"sec":21153.6,"gen":967,"fit":0.8062,"fDef":0.9072,"fPB":0.9514,"fPush":0.8549,"fSelf":0.4892,"best":0.8372,"min":0.4978}
##TT##{"t":"gen","evals":186048,"sec":21175.4,"gen":968,"fit":0.817,"fDef":0.9263,"fPB":0.9653,"fPush":0.8785,"fSelf":0.4806,"best":0.8372,"min":0.5371}
##TT##{"t":"gen","evals":186240,"sec":21196.7,"gen":969,"fit":0.8142,"fDef":0.9266,"fPB":0.9414,"fPush":0.8531,"fSelf":0.5144,"best":0.8372,"min":0.581}
##TT##{"t":"gen","evals":186432,"sec":21218.9,"gen":970,"fit":0.8228,"fDef":0.9151,"fPB":0.9743,"fPush":0.8533,"fSelf":0.516,"best":0.8372,"min":0.4952}
gen 970  top.fit=0.8228 (vsDef=0.915 vsPB=0.974 vsPush=0.853 vsSelf=0.516)  best=0.8372  [21218.921s]
##TT##{"t":"gen","evals":186624,"sec":21240.3,"gen":971,"fit":0.8086,"fDef":0.9215,"fPB":0.9446,"fPush":0.86,"fSelf":0.4901,"best":0.8372,"min":0.5323}
##TT##{"t":"gen","evals":186816,"sec":21262.5,"gen":972,"fit":0.8182,"fDef":0.9122,"fPB":0.9706,"fPush":0.8699,"fSelf":0.4972,"best":0.8372,"min":0.5455}
##TT##{"t":"gen","evals":187008,"sec":21284.2,"gen":973,"fit":0.8212,"fDef":0.9026,"fPB":0.9671,"fPush":0.8714,"fSelf":0.5219,"best":0.8372,"min":0.4607}
##TT##{"t":"gen","evals":187200,"sec":21305.9,"gen":974,"fit":0.8171,"fDef":0.92,"fPB":0.9497,"fPush":0.8771,"fSelf":0.5083,"best":0.8372,"min":0.5067}
##TT##{"t":"gen","evals":187392,"sec":21327.7,"gen":975,"fit":0.8174,"fDef":0.9265,"fPB":0.9497,"fPush":0.8443,"fSelf":0.5209,"best":0.8372,"min":0.4369}
##TT##{"t":"gen","evals":187584,"sec":21349.2,"gen":976,"fit":0.8186,"fDef":0.9135,"fPB":0.9567,"fPush":0.8659,"fSelf":0.5174,"best":0.8372,"min":0.6105}
##TT##{"t":"gen","evals":187776,"sec":21371,"gen":977,"fit":0.8175,"fDef":0.8981,"fPB":0.9514,"fPush":0.8785,"fSelf":0.529,"best":0.8372,"min":0.4181}
##TT##{"t":"gen","evals":187968,"sec":21392.2,"gen":978,"fit":0.8136,"fDef":0.9011,"fPB":0.9565,"fPush":0.8519,"fSelf":0.5184,"best":0.8372,"min":0.4919}
##TT##{"t":"gen","evals":188160,"sec":21415,"gen":979,"fit":0.8264,"fDef":0.9042,"fPB":0.9653,"fPush":0.883,"fSelf":0.5367,"best":0.8372,"min":0.46}
##TT##{"t":"gen","evals":188352,"sec":21437.3,"gen":980,"fit":0.8098,"fDef":0.9026,"fPB":0.9566,"fPush":0.8699,"fSelf":0.4927,"best":0.8372,"min":0.506}
gen 980  top.fit=0.8098 (vsDef=0.903 vsPB=0.957 vsPush=0.870 vsSelf=0.493)  best=0.8372  [21437.313s]
##TT##{"t":"gen","evals":188544,"sec":21459.2,"gen":981,"fit":0.8163,"fDef":0.9378,"fPB":0.9549,"fPush":0.8615,"fSelf":0.4893,"best":0.8372,"min":0.5184}
##TT##{"t":"gen","evals":188736,"sec":21481,"gen":982,"fit":0.8192,"fDef":0.9231,"fPB":0.9515,"fPush":0.8742,"fSelf":0.5127,"best":0.8372,"min":0.4316}
##TT##{"t":"gen","evals":188928,"sec":21503.5,"gen":983,"fit":0.8143,"fDef":0.9247,"fPB":0.9531,"fPush":0.8789,"fSelf":0.4874,"best":0.8372,"min":0.4745}
##TT##{"t":"gen","evals":189120,"sec":21525.1,"gen":984,"fit":0.8155,"fDef":0.92,"fPB":0.9618,"fPush":0.8727,"fSelf":0.4888,"best":0.8372,"min":0.6248}
##TT##{"t":"gen","evals":189312,"sec":21546.4,"gen":985,"fit":0.8206,"fDef":0.901,"fPB":0.9583,"fPush":0.8889,"fSelf":0.5232,"best":0.8372,"min":0.5461}
##TT##{"t":"gen","evals":189504,"sec":21568.3,"gen":986,"fit":0.8168,"fDef":0.9279,"fPB":0.9583,"fPush":0.859,"fSelf":0.4978,"best":0.8372,"min":0.379}
##TT##{"t":"gen","evals":189696,"sec":21589.5,"gen":987,"fit":0.8139,"fDef":0.9011,"fPB":0.9566,"fPush":0.8602,"fSelf":0.515,"best":0.8372,"min":0.4283}
##TT##{"t":"gen","evals":189888,"sec":21610.7,"gen":988,"fit":0.8201,"fDef":0.9185,"fPB":0.9601,"fPush":0.8559,"fSelf":0.5196,"best":0.8372,"min":0.5204}
##TT##{"t":"gen","evals":190080,"sec":21632.6,"gen":989,"fit":0.8164,"fDef":0.9235,"fPB":0.9706,"fPush":0.8355,"fSelf":0.4975,"best":0.8372,"min":0.3817}
##TT##{"t":"gen","evals":190272,"sec":21655.2,"gen":990,"fit":0.8163,"fDef":0.8969,"fPB":0.9618,"fPush":0.867,"fSelf":0.518,"best":0.8372,"min":0.4514}
gen 990  top.fit=0.8163 (vsDef=0.897 vsPB=0.962 vsPush=0.867 vsSelf=0.518)  best=0.8372  [21655.166s]
##TT##{"t":"gen","evals":190464,"sec":21678.1,"gen":991,"fit":0.8115,"fDef":0.9042,"fPB":0.9445,"fPush":0.8572,"fSelf":0.5203,"best":0.8372,"min":0.4919}
##TT##{"t":"gen","evals":190656,"sec":21700.3,"gen":992,"fit":0.8165,"fDef":0.9215,"fPB":0.9619,"fPush":0.853,"fSelf":0.5018,"best":0.8372,"min":0.5991}
##TT##{"t":"gen","evals":190848,"sec":21722.5,"gen":993,"fit":0.812,"fDef":0.8999,"fPB":0.9549,"fPush":0.8859,"fSelf":0.4972,"best":0.8372,"min":0.5533}
##TT##{"t":"gen","evals":191040,"sec":21744,"gen":994,"fit":0.8225,"fDef":0.9199,"fPB":0.9566,"fPush":0.8845,"fSelf":0.5164,"best":0.8372,"min":0.5396}
##TT##{"t":"gen","evals":191232,"sec":21765.9,"gen":995,"fit":0.8226,"fDef":0.9263,"fPB":0.9583,"fPush":0.8614,"fSelf":0.5204,"best":0.8372,"min":0.5267}
##TT##{"t":"gen","evals":191424,"sec":21787.4,"gen":996,"fit":0.8207,"fDef":0.9105,"fPB":0.9565,"fPush":0.895,"fSelf":0.5132,"best":0.8372,"min":0.5214}
##TT##{"t":"gen","evals":191616,"sec":21809.2,"gen":997,"fit":0.8125,"fDef":0.9183,"fPB":0.948,"fPush":0.8889,"fSelf":0.4885,"best":0.8372,"min":0.3886}
##TT##{"t":"gen","evals":191808,"sec":21831.4,"gen":998,"fit":0.8132,"fDef":0.925,"fPB":0.9497,"fPush":0.8544,"fSelf":0.5008,"best":0.8372,"min":0.4954}
##TT##{"t":"gen","evals":192000,"sec":21853.4,"gen":999,"fit":0.816,"fDef":0.9231,"fPB":0.9463,"fPush":0.867,"fSelf":0.511,"best":0.8372,"min":0.6054}
gen 999  top.fit=0.8160 (vsDef=0.923 vsPB=0.946 vsPush=0.867 vsSelf=0.511)  best=0.8372  [21853.445s]

=== 独立最终验证（4 种子 × 40 局均值）===
新策略 vs 默认        ：89.5%   （旧=77.4%）
新策略 vs 加强玩家模型：92.9%   （旧=96.7%）
新策略 vs 旧地狱策略  ：82.2%（>50% = 明显更强）
旧地狱策略 vs 默认    ：77.4%
##TT##{"t":"phase","phase":"verify","msg":"独立最终验证完成"}
##TT##{"t":"verify","vsDefault":0.8948,"vsDefaultOld":0.7744,"vsPlayer":0.9286,"vsPlayerOld":0.9666,"vsOldHell":0.8217,"fitness":0.8372,"bestGen":244,"evals":192000,"sec":21860.4}
已写 tools/train-hell-curve.json

⚠ 新策略未能稳定击败旧地狱策略，不覆盖 learned-policy.js（保留 旧）。
##TT##{"t":"done","mode":"selfplay-continue","fitness":0.8372,"adopted":false,"noWrite":false,"sec":21860.5}
